Year,Status,Sex,Age Group,Aboriginal status,Region,Population
1986,Final,Male,0-,Aboriginal,Barkly,228
1986,Final,Male,0-,Aboriginal,Big Rivers,438
1986,Final,Male,0-,Aboriginal,Central Australia,685
1986,Final,Male,0-,Aboriginal,East Arnhem,404
1986,Final,Male,0-,Aboriginal,Greater Darwin,396
1986,Final,Male,0-,Aboriginal,Top End,439
1986,Final,Male,0-,Non-Aboriginal,Barkly,112
1986,Final,Male,0-,Non-Aboriginal,Big Rivers,454
1986,Final,Male,0-,Non-Aboriginal,Central Australia,847
1986,Final,Male,0-,Non-Aboriginal,East Arnhem,192
1986,Final,Male,0-,Non-Aboriginal,Greater Darwin,3720
1986,Final,Male,0-,Non-Aboriginal,Top End,120
1986,Final,Female,0-,Aboriginal,Barkly,234
1986,Final,Female,0-,Aboriginal,Big Rivers,446
1986,Final,Female,0-,Aboriginal,Central Australia,656
1986,Final,Female,0-,Aboriginal,East Arnhem,324
1986,Final,Female,0-,Aboriginal,Greater Darwin,382
1986,Final,Female,0-,Aboriginal,Top End,468
1986,Final,Female,0-,Non-Aboriginal,Barkly,82
1986,Final,Female,0-,Non-Aboriginal,Big Rivers,437
1986,Final,Female,0-,Non-Aboriginal,Central Australia,871
1986,Final,Female,0-,Non-Aboriginal,East Arnhem,183
1986,Final,Female,0-,Non-Aboriginal,Greater Darwin,3567
1986,Final,Female,0-,Non-Aboriginal,Top End,107
1986,Final,Male,10-,Aboriginal,Barkly,207
1986,Final,Male,10-,Aboriginal,Big Rivers,359
1986,Final,Male,10-,Aboriginal,Central Australia,583
1986,Final,Male,10-,Aboriginal,East Arnhem,377
1986,Final,Male,10-,Aboriginal,Greater Darwin,498
1986,Final,Male,10-,Aboriginal,Top End,378
1986,Final,Male,10-,Non-Aboriginal,Barkly,74
1986,Final,Male,10-,Non-Aboriginal,Big Rivers,322
1986,Final,Male,10-,Non-Aboriginal,Central Australia,804
1986,Final,Male,10-,Non-Aboriginal,East Arnhem,212
1986,Final,Male,10-,Non-Aboriginal,Greater Darwin,3613
1986,Final,Male,10-,Non-Aboriginal,Top End,98
1986,Final,Female,10-,Aboriginal,Barkly,192
1986,Final,Female,10-,Aboriginal,Big Rivers,366
1986,Final,Female,10-,Aboriginal,Central Australia,601
1986,Final,Female,10-,Aboriginal,East Arnhem,329
1986,Final,Female,10-,Aboriginal,Greater Darwin,416
1986,Final,Female,10-,Aboriginal,Top End,374
1986,Final,Female,10-,Non-Aboriginal,Barkly,57
1986,Final,Female,10-,Non-Aboriginal,Big Rivers,253
1986,Final,Female,10-,Non-Aboriginal,Central Australia,709
1986,Final,Female,10-,Non-Aboriginal,East Arnhem,163
1986,Final,Female,10-,Non-Aboriginal,Greater Darwin,3445
1986,Final,Female,10-,Non-Aboriginal,Top End,60
1986,Final,Male,15-,Aboriginal,Barkly,205
1986,Final,Male,15-,Aboriginal,Big Rivers,341
1986,Final,Male,15-,Aboriginal,Central Australia,508
1986,Final,Male,15-,Aboriginal,East Arnhem,347
1986,Final,Male,15-,Aboriginal,Greater Darwin,385
1986,Final,Male,15-,Aboriginal,Top End,352
1986,Final,Male,15-,Non-Aboriginal,Barkly,157
1986,Final,Male,15-,Non-Aboriginal,Big Rivers,298
1986,Final,Male,15-,Non-Aboriginal,Central Australia,742
1986,Final,Male,15-,Non-Aboriginal,East Arnhem,140
1986,Final,Male,15-,Non-Aboriginal,Greater Darwin,3339
1986,Final,Male,15-,Non-Aboriginal,Top End,90
1986,Final,Female,15-,Aboriginal,Barkly,196
1986,Final,Female,15-,Aboriginal,Big Rivers,384
1986,Final,Female,15-,Aboriginal,Central Australia,629
1986,Final,Female,15-,Aboriginal,East Arnhem,297
1986,Final,Female,15-,Aboriginal,Greater Darwin,367
1986,Final,Female,15-,Aboriginal,Top End,404
1986,Final,Female,15-,Non-Aboriginal,Barkly,63
1986,Final,Female,15-,Non-Aboriginal,Big Rivers,163
1986,Final,Female,15-,Non-Aboriginal,Central Australia,553
1986,Final,Female,15-,Non-Aboriginal,East Arnhem,51
1986,Final,Female,15-,Non-Aboriginal,Greater Darwin,3356
1986,Final,Female,15-,Non-Aboriginal,Top End,10
1986,Final,Male,20-,Aboriginal,Barkly,155
1986,Final,Male,20-,Aboriginal,Big Rivers,312
1986,Final,Male,20-,Aboriginal,Central Australia,414
1986,Final,Male,20-,Aboriginal,East Arnhem,252
1986,Final,Male,20-,Aboriginal,Greater Darwin,253
1986,Final,Male,20-,Aboriginal,Top End,368
1986,Final,Male,20-,Non-Aboriginal,Barkly,169
1986,Final,Male,20-,Non-Aboriginal,Big Rivers,602
1986,Final,Male,20-,Non-Aboriginal,Central Australia,1133
1986,Final,Male,20-,Non-Aboriginal,East Arnhem,146
1986,Final,Male,20-,Non-Aboriginal,Greater Darwin,4389
1986,Final,Male,20-,Non-Aboriginal,Top End,192
1986,Final,Female,20-,Aboriginal,Barkly,164
1986,Final,Female,20-,Aboriginal,Big Rivers,374
1986,Final,Female,20-,Aboriginal,Central Australia,519
1986,Final,Female,20-,Aboriginal,East Arnhem,215
1986,Final,Female,20-,Aboriginal,Greater Darwin,302
1986,Final,Female,20-,Aboriginal,Top End,376
1986,Final,Female,20-,Non-Aboriginal,Barkly,151
1986,Final,Female,20-,Non-Aboriginal,Big Rivers,426
1986,Final,Female,20-,Non-Aboriginal,Central Australia,1094
1986,Final,Female,20-,Non-Aboriginal,East Arnhem,106
1986,Final,Female,20-,Non-Aboriginal,Greater Darwin,3919
1986,Final,Female,20-,Non-Aboriginal,Top End,120
1986,Final,Male,25-,Aboriginal,Barkly,132
1986,Final,Male,25-,Aboriginal,Big Rivers,270
1986,Final,Male,25-,Aboriginal,Central Australia,388
1986,Final,Male,25-,Aboriginal,East Arnhem,233
1986,Final,Male,25-,Aboriginal,Greater Darwin,242
1986,Final,Male,25-,Aboriginal,Top End,253
1986,Final,Male,25-,Non-Aboriginal,Barkly,160
1986,Final,Male,25-,Non-Aboriginal,Big Rivers,678
1986,Final,Male,25-,Non-Aboriginal,Central Australia,1415
1986,Final,Male,25-,Non-Aboriginal,East Arnhem,213
1986,Final,Male,25-,Non-Aboriginal,Greater Darwin,4586
1986,Final,Male,25-,Non-Aboriginal,Top End,266
1986,Final,Female,25-,Aboriginal,Barkly,162
1986,Final,Female,25-,Aboriginal,Big Rivers,312
1986,Final,Female,25-,Aboriginal,Central Australia,539
1986,Final,Female,25-,Aboriginal,East Arnhem,202
1986,Final,Female,25-,Aboriginal,Greater Darwin,244
1986,Final,Female,25-,Aboriginal,Top End,315
1986,Final,Female,25-,Non-Aboriginal,Barkly,136
1986,Final,Female,25-,Non-Aboriginal,Big Rivers,501
1986,Final,Female,25-,Non-Aboriginal,Central Australia,1221
1986,Final,Female,25-,Non-Aboriginal,East Arnhem,165
1986,Final,Female,25-,Non-Aboriginal,Greater Darwin,4359
1986,Final,Female,25-,Non-Aboriginal,Top End,230
1986,Final,Male,30-,Aboriginal,Barkly,77
1986,Final,Male,30-,Aboriginal,Big Rivers,159
1986,Final,Male,30-,Aboriginal,Central Australia,290
1986,Final,Male,30-,Aboriginal,East Arnhem,192
1986,Final,Male,30-,Aboriginal,Greater Darwin,155
1986,Final,Male,30-,Aboriginal,Top End,175
1986,Final,Male,30-,Non-Aboriginal,Barkly,144
1986,Final,Male,30-,Non-Aboriginal,Big Rivers,587
1986,Final,Male,30-,Non-Aboriginal,Central Australia,1264
1986,Final,Male,30-,Non-Aboriginal,East Arnhem,259
1986,Final,Male,30-,Non-Aboriginal,Greater Darwin,4424
1986,Final,Male,30-,Non-Aboriginal,Top End,252
1986,Final,Female,30-,Aboriginal,Barkly,104
1986,Final,Female,30-,Aboriginal,Big Rivers,186
1986,Final,Female,30-,Aboriginal,Central Australia,327
1986,Final,Female,30-,Aboriginal,East Arnhem,155
1986,Final,Female,30-,Aboriginal,Greater Darwin,216
1986,Final,Female,30-,Aboriginal,Top End,192
1986,Final,Female,30-,Non-Aboriginal,Barkly,103
1986,Final,Female,30-,Non-Aboriginal,Big Rivers,449
1986,Final,Female,30-,Non-Aboriginal,Central Australia,1108
1986,Final,Female,30-,Non-Aboriginal,East Arnhem,279
1986,Final,Female,30-,Non-Aboriginal,Greater Darwin,4088
1986,Final,Female,30-,Non-Aboriginal,Top End,200
1986,Final,Male,35-,Aboriginal,Barkly,77
1986,Final,Male,35-,Aboriginal,Big Rivers,159
1986,Final,Male,35-,Aboriginal,Central Australia,244
1986,Final,Male,35-,Aboriginal,East Arnhem,186
1986,Final,Male,35-,Aboriginal,Greater Darwin,168
1986,Final,Male,35-,Aboriginal,Top End,172
1986,Final,Male,35-,Non-Aboriginal,Barkly,135
1986,Final,Male,35-,Non-Aboriginal,Big Rivers,543
1986,Final,Male,35-,Non-Aboriginal,Central Australia,1087
1986,Final,Male,35-,Non-Aboriginal,East Arnhem,337
1986,Final,Male,35-,Non-Aboriginal,Greater Darwin,4513
1986,Final,Male,35-,Non-Aboriginal,Top End,279
1986,Final,Female,35-,Aboriginal,Barkly,110
1986,Final,Female,35-,Aboriginal,Big Rivers,202
1986,Final,Female,35-,Aboriginal,Central Australia,315
1986,Final,Female,35-,Aboriginal,East Arnhem,188
1986,Final,Female,35-,Aboriginal,Greater Darwin,202
1986,Final,Female,35-,Aboriginal,Top End,191
1986,Final,Female,35-,Non-Aboriginal,Barkly,105
1986,Final,Female,35-,Non-Aboriginal,Big Rivers,317
1986,Final,Female,35-,Non-Aboriginal,Central Australia,895
1986,Final,Female,35-,Non-Aboriginal,East Arnhem,241
1986,Final,Female,35-,Non-Aboriginal,Greater Darwin,3663
1986,Final,Female,35-,Non-Aboriginal,Top End,159
1986,Final,Male,40-,Aboriginal,Barkly,57
1986,Final,Male,40-,Aboriginal,Big Rivers,114
1986,Final,Male,40-,Aboriginal,Central Australia,170
1986,Final,Male,40-,Aboriginal,East Arnhem,121
1986,Final,Male,40-,Aboriginal,Greater Darwin,131
1986,Final,Male,40-,Aboriginal,Top End,114
1986,Final,Male,40-,Non-Aboriginal,Barkly,118
1986,Final,Male,40-,Non-Aboriginal,Big Rivers,351
1986,Final,Male,40-,Non-Aboriginal,Central Australia,746
1986,Final,Male,40-,Non-Aboriginal,East Arnhem,256
1986,Final,Male,40-,Non-Aboriginal,Greater Darwin,3346
1986,Final,Male,40-,Non-Aboriginal,Top End,177
1986,Final,Female,40-,Aboriginal,Barkly,67
1986,Final,Female,40-,Aboriginal,Big Rivers,121
1986,Final,Female,40-,Aboriginal,Central Australia,222
1986,Final,Female,40-,Aboriginal,East Arnhem,95
1986,Final,Female,40-,Aboriginal,Greater Darwin,126
1986,Final,Female,40-,Aboriginal,Top End,115
1986,Final,Female,40-,Non-Aboriginal,Barkly,83
1986,Final,Female,40-,Non-Aboriginal,Big Rivers,188
1986,Final,Female,40-,Non-Aboriginal,Central Australia,555
1986,Final,Female,40-,Non-Aboriginal,East Arnhem,128
1986,Final,Female,40-,Non-Aboriginal,Greater Darwin,2599
1986,Final,Female,40-,Non-Aboriginal,Top End,86
1986,Final,Male,45-,Aboriginal,Barkly,43
1986,Final,Male,45-,Aboriginal,Big Rivers,77
1986,Final,Male,45-,Aboriginal,Central Australia,112
1986,Final,Male,45-,Aboriginal,East Arnhem,92
1986,Final,Male,45-,Aboriginal,Greater Darwin,103
1986,Final,Male,45-,Aboriginal,Top End,85
1986,Final,Male,45-,Non-Aboriginal,Barkly,96
1986,Final,Male,45-,Non-Aboriginal,Big Rivers,275
1986,Final,Male,45-,Non-Aboriginal,Central Australia,595
1986,Final,Male,45-,Non-Aboriginal,East Arnhem,190
1986,Final,Male,45-,Non-Aboriginal,Greater Darwin,2302
1986,Final,Male,45-,Non-Aboriginal,Top End,154
1986,Final,Female,45-,Aboriginal,Barkly,43
1986,Final,Female,45-,Aboriginal,Big Rivers,84
1986,Final,Female,45-,Aboriginal,Central Australia,153
1986,Final,Female,45-,Aboriginal,East Arnhem,61
1986,Final,Female,45-,Aboriginal,Greater Darwin,94
1986,Final,Female,45-,Aboriginal,Top End,87
1986,Final,Female,45-,Non-Aboriginal,Barkly,59
1986,Final,Female,45-,Non-Aboriginal,Big Rivers,162
1986,Final,Female,45-,Non-Aboriginal,Central Australia,474
1986,Final,Female,45-,Non-Aboriginal,East Arnhem,95
1986,Final,Female,45-,Non-Aboriginal,Greater Darwin,1665
1986,Final,Female,45-,Non-Aboriginal,Top End,85
1986,Final,Male,5-,Aboriginal,Barkly,241
1986,Final,Male,5-,Aboriginal,Big Rivers,426
1986,Final,Male,5-,Aboriginal,Central Australia,590
1986,Final,Male,5-,Aboriginal,East Arnhem,412
1986,Final,Male,5-,Aboriginal,Greater Darwin,396
1986,Final,Male,5-,Aboriginal,Top End,416
1986,Final,Male,5-,Non-Aboriginal,Barkly,73
1986,Final,Male,5-,Non-Aboriginal,Big Rivers,458
1986,Final,Male,5-,Non-Aboriginal,Central Australia,868
1986,Final,Male,5-,Non-Aboriginal,East Arnhem,255
1986,Final,Male,5-,Non-Aboriginal,Greater Darwin,3475
1986,Final,Male,5-,Non-Aboriginal,Top End,108
1986,Final,Female,5-,Aboriginal,Barkly,214
1986,Final,Female,5-,Aboriginal,Big Rivers,413
1986,Final,Female,5-,Aboriginal,Central Australia,610
1986,Final,Female,5-,Aboriginal,East Arnhem,334
1986,Final,Female,5-,Aboriginal,Greater Darwin,333
1986,Final,Female,5-,Aboriginal,Top End,432
1986,Final,Female,5-,Non-Aboriginal,Barkly,72
1986,Final,Female,5-,Non-Aboriginal,Big Rivers,364
1986,Final,Female,5-,Non-Aboriginal,Central Australia,735
1986,Final,Female,5-,Non-Aboriginal,East Arnhem,210
1986,Final,Female,5-,Non-Aboriginal,Greater Darwin,3222
1986,Final,Female,5-,Non-Aboriginal,Top End,113
1986,Final,Male,50-,Aboriginal,Barkly,40
1986,Final,Male,50-,Aboriginal,Big Rivers,65
1986,Final,Male,50-,Aboriginal,Central Australia,103
1986,Final,Male,50-,Aboriginal,East Arnhem,50
1986,Final,Male,50-,Aboriginal,Greater Darwin,46
1986,Final,Male,50-,Aboriginal,Top End,48
1986,Final,Male,50-,Non-Aboriginal,Barkly,86
1986,Final,Male,50-,Non-Aboriginal,Big Rivers,222
1986,Final,Male,50-,Non-Aboriginal,Central Australia,415
1986,Final,Male,50-,Non-Aboriginal,East Arnhem,103
1986,Final,Male,50-,Non-Aboriginal,Greater Darwin,1552
1986,Final,Male,50-,Non-Aboriginal,Top End,108
1986,Final,Female,50-,Aboriginal,Barkly,35
1986,Final,Female,50-,Aboriginal,Big Rivers,75
1986,Final,Female,50-,Aboriginal,Central Australia,115
1986,Final,Female,50-,Aboriginal,East Arnhem,29
1986,Final,Female,50-,Aboriginal,Greater Darwin,44
1986,Final,Female,50-,Aboriginal,Top End,55
1986,Final,Female,50-,Non-Aboriginal,Barkly,37
1986,Final,Female,50-,Non-Aboriginal,Big Rivers,122
1986,Final,Female,50-,Non-Aboriginal,Central Australia,340
1986,Final,Female,50-,Non-Aboriginal,East Arnhem,42
1986,Final,Female,50-,Non-Aboriginal,Greater Darwin,1129
1986,Final,Female,50-,Non-Aboriginal,Top End,56
1986,Final,Male,55-,Aboriginal,Barkly,22
1986,Final,Male,55-,Aboriginal,Big Rivers,69
1986,Final,Male,55-,Aboriginal,Central Australia,83
1986,Final,Male,55-,Aboriginal,East Arnhem,34
1986,Final,Male,55-,Aboriginal,Greater Darwin,33
1986,Final,Male,55-,Aboriginal,Top End,50
1986,Final,Male,55-,Non-Aboriginal,Barkly,75
1986,Final,Male,55-,Non-Aboriginal,Big Rivers,210
1986,Final,Male,55-,Non-Aboriginal,Central Australia,371
1986,Final,Male,55-,Non-Aboriginal,East Arnhem,71
1986,Final,Male,55-,Non-Aboriginal,Greater Darwin,1225
1986,Final,Male,55-,Non-Aboriginal,Top End,104
1986,Final,Female,55-,Aboriginal,Barkly,19
1986,Final,Female,55-,Aboriginal,Big Rivers,62
1986,Final,Female,55-,Aboriginal,Central Australia,92
1986,Final,Female,55-,Aboriginal,East Arnhem,25
1986,Final,Female,55-,Aboriginal,Greater Darwin,25
1986,Final,Female,55-,Aboriginal,Top End,46
1986,Final,Female,55-,Non-Aboriginal,Barkly,44
1986,Final,Female,55-,Non-Aboriginal,Big Rivers,101
1986,Final,Female,55-,Non-Aboriginal,Central Australia,247
1986,Final,Female,55-,Non-Aboriginal,East Arnhem,20
1986,Final,Female,55-,Non-Aboriginal,Greater Darwin,842
1986,Final,Female,55-,Non-Aboriginal,Top End,65
1986,Final,Male,60-,Aboriginal,Barkly,21
1986,Final,Male,60-,Aboriginal,Big Rivers,39
1986,Final,Male,60-,Aboriginal,Central Australia,70
1986,Final,Male,60-,Aboriginal,East Arnhem,16
1986,Final,Male,60-,Aboriginal,Greater Darwin,24
1986,Final,Male,60-,Aboriginal,Top End,31
1986,Final,Male,60-,Non-Aboriginal,Barkly,63
1986,Final,Male,60-,Non-Aboriginal,Big Rivers,144
1986,Final,Male,60-,Non-Aboriginal,Central Australia,224
1986,Final,Male,60-,Non-Aboriginal,East Arnhem,20
1986,Final,Male,60-,Non-Aboriginal,Greater Darwin,776
1986,Final,Male,60-,Non-Aboriginal,Top End,71
1986,Final,Female,60-,Aboriginal,Barkly,30
1986,Final,Female,60-,Aboriginal,Big Rivers,48
1986,Final,Female,60-,Aboriginal,Central Australia,76
1986,Final,Female,60-,Aboriginal,East Arnhem,12
1986,Final,Female,60-,Aboriginal,Greater Darwin,23
1986,Final,Female,60-,Aboriginal,Top End,39
1986,Final,Female,60-,Non-Aboriginal,Barkly,26
1986,Final,Female,60-,Non-Aboriginal,Big Rivers,90
1986,Final,Female,60-,Non-Aboriginal,Central Australia,199
1986,Final,Female,60-,Non-Aboriginal,East Arnhem,2
1986,Final,Female,60-,Non-Aboriginal,Greater Darwin,676
1986,Final,Female,60-,Non-Aboriginal,Top End,47
1986,Final,Male,65-,Aboriginal,Barkly,17
1986,Final,Male,65-,Aboriginal,Big Rivers,27
1986,Final,Male,65-,Aboriginal,Central Australia,39
1986,Final,Male,65-,Aboriginal,East Arnhem,14
1986,Final,Male,65-,Aboriginal,Greater Darwin,11
1986,Final,Male,65-,Aboriginal,Top End,13
1986,Final,Male,65-,Non-Aboriginal,Barkly,31
1986,Final,Male,65-,Non-Aboriginal,Big Rivers,89
1986,Final,Male,65-,Non-Aboriginal,Central Australia,149
1986,Final,Male,65-,Non-Aboriginal,East Arnhem,3
1986,Final,Male,65-,Non-Aboriginal,Greater Darwin,466
1986,Final,Male,65-,Non-Aboriginal,Top End,38
1986,Final,Female,65-,Aboriginal,Barkly,17
1986,Final,Female,65-,Aboriginal,Big Rivers,34
1986,Final,Female,65-,Aboriginal,Central Australia,52
1986,Final,Female,65-,Aboriginal,East Arnhem,8
1986,Final,Female,65-,Aboriginal,Greater Darwin,20
1986,Final,Female,65-,Aboriginal,Top End,22
1986,Final,Female,65-,Non-Aboriginal,Barkly,18
1986,Final,Female,65-,Non-Aboriginal,Big Rivers,60
1986,Final,Female,65-,Non-Aboriginal,Central Australia,127
1986,Final,Female,65-,Non-Aboriginal,East Arnhem,3
1986,Final,Female,65-,Non-Aboriginal,Greater Darwin,449
1986,Final,Female,65-,Non-Aboriginal,Top End,33
1986,Final,Male,70-,Aboriginal,Barkly,9
1986,Final,Male,70-,Aboriginal,Big Rivers,15
1986,Final,Male,70-,Aboriginal,Central Australia,25
1986,Final,Male,70-,Aboriginal,East Arnhem,9
1986,Final,Male,70-,Aboriginal,Greater Darwin,8
1986,Final,Male,70-,Aboriginal,Top End,8
1986,Final,Male,70-,Non-Aboriginal,Barkly,16
1986,Final,Male,70-,Non-Aboriginal,Big Rivers,55
1986,Final,Male,70-,Non-Aboriginal,Central Australia,79
1986,Final,Male,70-,Non-Aboriginal,East Arnhem,0
1986,Final,Male,70-,Non-Aboriginal,Greater Darwin,304
1986,Final,Male,70-,Non-Aboriginal,Top End,20
1986,Final,Female,70-,Aboriginal,Barkly,10
1986,Final,Female,70-,Aboriginal,Big Rivers,20
1986,Final,Female,70-,Aboriginal,Central Australia,36
1986,Final,Female,70-,Aboriginal,East Arnhem,4
1986,Final,Female,70-,Aboriginal,Greater Darwin,10
1986,Final,Female,70-,Aboriginal,Top End,9
1986,Final,Female,70-,Non-Aboriginal,Barkly,5
1986,Final,Female,70-,Non-Aboriginal,Big Rivers,28
1986,Final,Female,70-,Non-Aboriginal,Central Australia,76
1986,Final,Female,70-,Non-Aboriginal,East Arnhem,0
1986,Final,Female,70-,Non-Aboriginal,Greater Darwin,289
1986,Final,Female,70-,Non-Aboriginal,Top End,13
1986,Final,Male,75-,Aboriginal,Barkly,4
1986,Final,Male,75-,Aboriginal,Big Rivers,9
1986,Final,Male,75-,Aboriginal,Central Australia,15
1986,Final,Male,75-,Aboriginal,East Arnhem,4
1986,Final,Male,75-,Aboriginal,Greater Darwin,3
1986,Final,Male,75-,Aboriginal,Top End,5
1986,Final,Male,75-,Non-Aboriginal,Barkly,6
1986,Final,Male,75-,Non-Aboriginal,Big Rivers,28
1986,Final,Male,75-,Non-Aboriginal,Central Australia,47
1986,Final,Male,75-,Non-Aboriginal,East Arnhem,0
1986,Final,Male,75-,Non-Aboriginal,Greater Darwin,174
1986,Final,Male,75-,Non-Aboriginal,Top End,7
1986,Final,Female,75-,Aboriginal,Barkly,7
1986,Final,Female,75-,Aboriginal,Big Rivers,6
1986,Final,Female,75-,Aboriginal,Central Australia,22
1986,Final,Female,75-,Aboriginal,East Arnhem,1
1986,Final,Female,75-,Aboriginal,Greater Darwin,9
1986,Final,Female,75-,Aboriginal,Top End,8
1986,Final,Female,75-,Non-Aboriginal,Barkly,4
1986,Final,Female,75-,Non-Aboriginal,Big Rivers,13
1986,Final,Female,75-,Non-Aboriginal,Central Australia,52
1986,Final,Female,75-,Non-Aboriginal,East Arnhem,0
1986,Final,Female,75-,Non-Aboriginal,Greater Darwin,169
1986,Final,Female,75-,Non-Aboriginal,Top End,4
1986,Final,Male,80-,Aboriginal,Barkly,1
1986,Final,Male,80-,Aboriginal,Big Rivers,3
1986,Final,Male,80-,Aboriginal,Central Australia,7
1986,Final,Male,80-,Aboriginal,East Arnhem,1
1986,Final,Male,80-,Aboriginal,Greater Darwin,1
1986,Final,Male,80-,Aboriginal,Top End,1
1986,Final,Male,80-,Non-Aboriginal,Barkly,2
1986,Final,Male,80-,Non-Aboriginal,Big Rivers,8
1986,Final,Male,80-,Non-Aboriginal,Central Australia,18
1986,Final,Male,80-,Non-Aboriginal,East Arnhem,0
1986,Final,Male,80-,Non-Aboriginal,Greater Darwin,66
1986,Final,Male,80-,Non-Aboriginal,Top End,2
1986,Final,Female,80-,Aboriginal,Barkly,5
1986,Final,Female,80-,Aboriginal,Big Rivers,3
1986,Final,Female,80-,Aboriginal,Central Australia,9
1986,Final,Female,80-,Aboriginal,East Arnhem,0
1986,Final,Female,80-,Aboriginal,Greater Darwin,6
1986,Final,Female,80-,Aboriginal,Top End,5
1986,Final,Female,80-,Non-Aboriginal,Barkly,4
1986,Final,Female,80-,Non-Aboriginal,Big Rivers,9
1986,Final,Female,80-,Non-Aboriginal,Central Australia,31
1986,Final,Female,80-,Non-Aboriginal,East Arnhem,0
1986,Final,Female,80-,Non-Aboriginal,Greater Darwin,86
1986,Final,Female,80-,Non-Aboriginal,Top End,3
1986,Final,Male,85+,Aboriginal,Barkly,0
1986,Final,Male,85+,Aboriginal,Big Rivers,2
1986,Final,Male,85+,Aboriginal,Central Australia,4
1986,Final,Male,85+,Aboriginal,East Arnhem,1
1986,Final,Male,85+,Aboriginal,Greater Darwin,1
1986,Final,Male,85+,Aboriginal,Top End,1
1986,Final,Male,85+,Non-Aboriginal,Barkly,5
1986,Final,Male,85+,Non-Aboriginal,Big Rivers,8
1986,Final,Male,85+,Non-Aboriginal,Central Australia,21
1986,Final,Male,85+,Non-Aboriginal,East Arnhem,1
1986,Final,Male,85+,Non-Aboriginal,Greater Darwin,27
1986,Final,Male,85+,Non-Aboriginal,Top End,2
1986,Final,Female,85+,Aboriginal,Barkly,4
1986,Final,Female,85+,Aboriginal,Big Rivers,6
1986,Final,Female,85+,Aboriginal,Central Australia,9
1986,Final,Female,85+,Aboriginal,East Arnhem,0
1986,Final,Female,85+,Aboriginal,Greater Darwin,2
1986,Final,Female,85+,Aboriginal,Top End,2
1986,Final,Female,85+,Non-Aboriginal,Barkly,3
1986,Final,Female,85+,Non-Aboriginal,Big Rivers,7
1986,Final,Female,85+,Non-Aboriginal,Central Australia,16
1986,Final,Female,85+,Non-Aboriginal,East Arnhem,0
1986,Final,Female,85+,Non-Aboriginal,Greater Darwin,75
1986,Final,Female,85+,Non-Aboriginal,Top End,2
1987,Final,Male,0-,Aboriginal,Barkly,244
1987,Final,Male,0-,Aboriginal,Big Rivers,468
1987,Final,Male,0-,Aboriginal,Central Australia,732
1987,Final,Male,0-,Aboriginal,East Arnhem,432
1987,Final,Male,0-,Aboriginal,Greater Darwin,423
1987,Final,Male,0-,Aboriginal,Top End,469
1987,Final,Male,0-,Non-Aboriginal,Barkly,111
1987,Final,Male,0-,Non-Aboriginal,Big Rivers,449
1987,Final,Male,0-,Non-Aboriginal,Central Australia,837
1987,Final,Male,0-,Non-Aboriginal,East Arnhem,190
1987,Final,Male,0-,Non-Aboriginal,Greater Darwin,3678
1987,Final,Male,0-,Non-Aboriginal,Top End,119
1987,Final,Female,0-,Aboriginal,Barkly,250
1987,Final,Female,0-,Aboriginal,Big Rivers,476
1987,Final,Female,0-,Aboriginal,Central Australia,700
1987,Final,Female,0-,Aboriginal,East Arnhem,346
1987,Final,Female,0-,Aboriginal,Greater Darwin,408
1987,Final,Female,0-,Aboriginal,Top End,500
1987,Final,Female,0-,Non-Aboriginal,Barkly,82
1987,Final,Female,0-,Non-Aboriginal,Big Rivers,438
1987,Final,Female,0-,Non-Aboriginal,Central Australia,872
1987,Final,Female,0-,Non-Aboriginal,East Arnhem,183
1987,Final,Female,0-,Non-Aboriginal,Greater Darwin,3573
1987,Final,Female,0-,Non-Aboriginal,Top End,107
1987,Final,Male,10-,Aboriginal,Barkly,213
1987,Final,Male,10-,Aboriginal,Big Rivers,370
1987,Final,Male,10-,Aboriginal,Central Australia,599
1987,Final,Male,10-,Aboriginal,East Arnhem,388
1987,Final,Male,10-,Aboriginal,Greater Darwin,512
1987,Final,Male,10-,Aboriginal,Top End,389
1987,Final,Male,10-,Non-Aboriginal,Barkly,72
1987,Final,Male,10-,Non-Aboriginal,Big Rivers,314
1987,Final,Male,10-,Non-Aboriginal,Central Australia,784
1987,Final,Male,10-,Non-Aboriginal,East Arnhem,207
1987,Final,Male,10-,Non-Aboriginal,Greater Darwin,3521
1987,Final,Male,10-,Non-Aboriginal,Top End,96
1987,Final,Female,10-,Aboriginal,Barkly,195
1987,Final,Female,10-,Aboriginal,Big Rivers,373
1987,Final,Female,10-,Aboriginal,Central Australia,612
1987,Final,Female,10-,Aboriginal,East Arnhem,335
1987,Final,Female,10-,Aboriginal,Greater Darwin,423
1987,Final,Female,10-,Aboriginal,Top End,381
1987,Final,Female,10-,Non-Aboriginal,Barkly,54
1987,Final,Female,10-,Non-Aboriginal,Big Rivers,241
1987,Final,Female,10-,Non-Aboriginal,Central Australia,675
1987,Final,Female,10-,Non-Aboriginal,East Arnhem,155
1987,Final,Female,10-,Non-Aboriginal,Greater Darwin,3279
1987,Final,Female,10-,Non-Aboriginal,Top End,57
1987,Final,Male,15-,Aboriginal,Barkly,216
1987,Final,Male,15-,Aboriginal,Big Rivers,359
1987,Final,Male,15-,Aboriginal,Central Australia,536
1987,Final,Male,15-,Aboriginal,East Arnhem,366
1987,Final,Male,15-,Aboriginal,Greater Darwin,406
1987,Final,Male,15-,Aboriginal,Top End,371
1987,Final,Male,15-,Non-Aboriginal,Barkly,158
1987,Final,Male,15-,Non-Aboriginal,Big Rivers,299
1987,Final,Male,15-,Non-Aboriginal,Central Australia,745
1987,Final,Male,15-,Non-Aboriginal,East Arnhem,141
1987,Final,Male,15-,Non-Aboriginal,Greater Darwin,3351
1987,Final,Male,15-,Non-Aboriginal,Top End,90
1987,Final,Female,15-,Aboriginal,Barkly,212
1987,Final,Female,15-,Aboriginal,Big Rivers,415
1987,Final,Female,15-,Aboriginal,Central Australia,680
1987,Final,Female,15-,Aboriginal,East Arnhem,321
1987,Final,Female,15-,Aboriginal,Greater Darwin,397
1987,Final,Female,15-,Aboriginal,Top End,437
1987,Final,Female,15-,Non-Aboriginal,Barkly,65
1987,Final,Female,15-,Non-Aboriginal,Big Rivers,168
1987,Final,Female,15-,Non-Aboriginal,Central Australia,569
1987,Final,Female,15-,Non-Aboriginal,East Arnhem,53
1987,Final,Female,15-,Non-Aboriginal,Greater Darwin,3454
1987,Final,Female,15-,Non-Aboriginal,Top End,10
1987,Final,Male,20-,Aboriginal,Barkly,169
1987,Final,Male,20-,Aboriginal,Big Rivers,340
1987,Final,Male,20-,Aboriginal,Central Australia,451
1987,Final,Male,20-,Aboriginal,East Arnhem,274
1987,Final,Male,20-,Aboriginal,Greater Darwin,274
1987,Final,Male,20-,Aboriginal,Top End,401
1987,Final,Male,20-,Non-Aboriginal,Barkly,167
1987,Final,Male,20-,Non-Aboriginal,Big Rivers,596
1987,Final,Male,20-,Non-Aboriginal,Central Australia,1122
1987,Final,Male,20-,Non-Aboriginal,East Arnhem,144
1987,Final,Male,20-,Non-Aboriginal,Greater Darwin,4345
1987,Final,Male,20-,Non-Aboriginal,Top End,190
1987,Final,Female,20-,Aboriginal,Barkly,173
1987,Final,Female,20-,Aboriginal,Big Rivers,394
1987,Final,Female,20-,Aboriginal,Central Australia,547
1987,Final,Female,20-,Aboriginal,East Arnhem,227
1987,Final,Female,20-,Aboriginal,Greater Darwin,318
1987,Final,Female,20-,Aboriginal,Top End,396
1987,Final,Female,20-,Non-Aboriginal,Barkly,149
1987,Final,Female,20-,Non-Aboriginal,Big Rivers,422
1987,Final,Female,20-,Non-Aboriginal,Central Australia,1082
1987,Final,Female,20-,Non-Aboriginal,East Arnhem,105
1987,Final,Female,20-,Non-Aboriginal,Greater Darwin,3879
1987,Final,Female,20-,Non-Aboriginal,Top End,119
1987,Final,Male,25-,Aboriginal,Barkly,151
1987,Final,Male,25-,Aboriginal,Big Rivers,308
1987,Final,Male,25-,Aboriginal,Central Australia,443
1987,Final,Male,25-,Aboriginal,East Arnhem,266
1987,Final,Male,25-,Aboriginal,Greater Darwin,275
1987,Final,Male,25-,Aboriginal,Top End,289
1987,Final,Male,25-,Non-Aboriginal,Barkly,163
1987,Final,Male,25-,Non-Aboriginal,Big Rivers,690
1987,Final,Male,25-,Non-Aboriginal,Central Australia,1441
1987,Final,Male,25-,Non-Aboriginal,East Arnhem,217
1987,Final,Male,25-,Non-Aboriginal,Greater Darwin,4670
1987,Final,Male,25-,Non-Aboriginal,Top End,271
1987,Final,Female,25-,Aboriginal,Barkly,172
1987,Final,Female,25-,Aboriginal,Big Rivers,332
1987,Final,Female,25-,Aboriginal,Central Australia,573
1987,Final,Female,25-,Aboriginal,East Arnhem,215
1987,Final,Female,25-,Aboriginal,Greater Darwin,258
1987,Final,Female,25-,Aboriginal,Top End,335
1987,Final,Female,25-,Non-Aboriginal,Barkly,136
1987,Final,Female,25-,Non-Aboriginal,Big Rivers,501
1987,Final,Female,25-,Non-Aboriginal,Central Australia,1221
1987,Final,Female,25-,Non-Aboriginal,East Arnhem,165
1987,Final,Female,25-,Non-Aboriginal,Greater Darwin,4358
1987,Final,Female,25-,Non-Aboriginal,Top End,230
1987,Final,Male,30-,Aboriginal,Barkly,91
1987,Final,Male,30-,Aboriginal,Big Rivers,188
1987,Final,Male,30-,Aboriginal,Central Australia,344
1987,Final,Male,30-,Aboriginal,East Arnhem,227
1987,Final,Male,30-,Aboriginal,Greater Darwin,182
1987,Final,Male,30-,Aboriginal,Top End,207
1987,Final,Male,30-,Non-Aboriginal,Barkly,143
1987,Final,Male,30-,Non-Aboriginal,Big Rivers,581
1987,Final,Male,30-,Non-Aboriginal,Central Australia,1251
1987,Final,Male,30-,Non-Aboriginal,East Arnhem,257
1987,Final,Male,30-,Non-Aboriginal,Greater Darwin,4381
1987,Final,Male,30-,Non-Aboriginal,Top End,250
1987,Final,Female,30-,Aboriginal,Barkly,116
1987,Final,Female,30-,Aboriginal,Big Rivers,208
1987,Final,Female,30-,Aboriginal,Central Australia,365
1987,Final,Female,30-,Aboriginal,East Arnhem,173
1987,Final,Female,30-,Aboriginal,Greater Darwin,241
1987,Final,Female,30-,Aboriginal,Top End,214
1987,Final,Female,30-,Non-Aboriginal,Barkly,104
1987,Final,Female,30-,Non-Aboriginal,Big Rivers,452
1987,Final,Female,30-,Non-Aboriginal,Central Australia,1116
1987,Final,Female,30-,Non-Aboriginal,East Arnhem,281
1987,Final,Female,30-,Non-Aboriginal,Greater Darwin,4118
1987,Final,Female,30-,Non-Aboriginal,Top End,201
1987,Final,Male,35-,Aboriginal,Barkly,86
1987,Final,Male,35-,Aboriginal,Big Rivers,178
1987,Final,Male,35-,Aboriginal,Central Australia,273
1987,Final,Male,35-,Aboriginal,East Arnhem,209
1987,Final,Male,35-,Aboriginal,Greater Darwin,188
1987,Final,Male,35-,Aboriginal,Top End,193
1987,Final,Male,35-,Non-Aboriginal,Barkly,132
1987,Final,Male,35-,Non-Aboriginal,Big Rivers,532
1987,Final,Male,35-,Non-Aboriginal,Central Australia,1065
1987,Final,Male,35-,Non-Aboriginal,East Arnhem,330
1987,Final,Male,35-,Non-Aboriginal,Greater Darwin,4421
1987,Final,Male,35-,Non-Aboriginal,Top End,273
1987,Final,Female,35-,Aboriginal,Barkly,118
1987,Final,Female,35-,Aboriginal,Big Rivers,216
1987,Final,Female,35-,Aboriginal,Central Australia,337
1987,Final,Female,35-,Aboriginal,East Arnhem,201
1987,Final,Female,35-,Aboriginal,Greater Darwin,216
1987,Final,Female,35-,Aboriginal,Top End,205
1987,Final,Female,35-,Non-Aboriginal,Barkly,106
1987,Final,Female,35-,Non-Aboriginal,Big Rivers,320
1987,Final,Female,35-,Non-Aboriginal,Central Australia,902
1987,Final,Female,35-,Non-Aboriginal,East Arnhem,243
1987,Final,Female,35-,Non-Aboriginal,Greater Darwin,3692
1987,Final,Female,35-,Non-Aboriginal,Top End,160
1987,Final,Male,40-,Aboriginal,Barkly,67
1987,Final,Male,40-,Aboriginal,Big Rivers,133
1987,Final,Male,40-,Aboriginal,Central Australia,199
1987,Final,Male,40-,Aboriginal,East Arnhem,142
1987,Final,Male,40-,Aboriginal,Greater Darwin,153
1987,Final,Male,40-,Aboriginal,Top End,133
1987,Final,Male,40-,Non-Aboriginal,Barkly,126
1987,Final,Male,40-,Non-Aboriginal,Big Rivers,373
1987,Final,Male,40-,Non-Aboriginal,Central Australia,793
1987,Final,Male,40-,Non-Aboriginal,East Arnhem,272
1987,Final,Male,40-,Non-Aboriginal,Greater Darwin,3557
1987,Final,Male,40-,Non-Aboriginal,Top End,188
1987,Final,Female,40-,Aboriginal,Barkly,77
1987,Final,Female,40-,Aboriginal,Big Rivers,138
1987,Final,Female,40-,Aboriginal,Central Australia,254
1987,Final,Female,40-,Aboriginal,East Arnhem,108
1987,Final,Female,40-,Aboriginal,Greater Darwin,143
1987,Final,Female,40-,Aboriginal,Top End,131
1987,Final,Female,40-,Non-Aboriginal,Barkly,90
1987,Final,Female,40-,Non-Aboriginal,Big Rivers,204
1987,Final,Female,40-,Non-Aboriginal,Central Australia,601
1987,Final,Female,40-,Non-Aboriginal,East Arnhem,139
1987,Final,Female,40-,Non-Aboriginal,Greater Darwin,2817
1987,Final,Female,40-,Non-Aboriginal,Top End,93
1987,Final,Male,45-,Aboriginal,Barkly,47
1987,Final,Male,45-,Aboriginal,Big Rivers,84
1987,Final,Male,45-,Aboriginal,Central Australia,122
1987,Final,Male,45-,Aboriginal,East Arnhem,100
1987,Final,Male,45-,Aboriginal,Greater Darwin,112
1987,Final,Male,45-,Aboriginal,Top End,92
1987,Final,Male,45-,Non-Aboriginal,Barkly,102
1987,Final,Male,45-,Non-Aboriginal,Big Rivers,293
1987,Final,Male,45-,Non-Aboriginal,Central Australia,635
1987,Final,Male,45-,Non-Aboriginal,East Arnhem,203
1987,Final,Male,45-,Non-Aboriginal,Greater Darwin,2455
1987,Final,Male,45-,Non-Aboriginal,Top End,164
1987,Final,Female,45-,Aboriginal,Barkly,46
1987,Final,Female,45-,Aboriginal,Big Rivers,91
1987,Final,Female,45-,Aboriginal,Central Australia,165
1987,Final,Female,45-,Aboriginal,East Arnhem,66
1987,Final,Female,45-,Aboriginal,Greater Darwin,100
1987,Final,Female,45-,Aboriginal,Top End,94
1987,Final,Female,45-,Non-Aboriginal,Barkly,63
1987,Final,Female,45-,Non-Aboriginal,Big Rivers,172
1987,Final,Female,45-,Non-Aboriginal,Central Australia,503
1987,Final,Female,45-,Non-Aboriginal,East Arnhem,101
1987,Final,Female,45-,Non-Aboriginal,Greater Darwin,1769
1987,Final,Female,45-,Non-Aboriginal,Top End,90
1987,Final,Male,5-,Aboriginal,Barkly,257
1987,Final,Male,5-,Aboriginal,Big Rivers,454
1987,Final,Male,5-,Aboriginal,Central Australia,627
1987,Final,Male,5-,Aboriginal,East Arnhem,439
1987,Final,Male,5-,Aboriginal,Greater Darwin,421
1987,Final,Male,5-,Aboriginal,Top End,443
1987,Final,Male,5-,Non-Aboriginal,Barkly,73
1987,Final,Male,5-,Non-Aboriginal,Big Rivers,456
1987,Final,Male,5-,Non-Aboriginal,Central Australia,864
1987,Final,Male,5-,Non-Aboriginal,East Arnhem,254
1987,Final,Male,5-,Non-Aboriginal,Greater Darwin,3460
1987,Final,Male,5-,Non-Aboriginal,Top End,108
1987,Final,Female,5-,Aboriginal,Barkly,229
1987,Final,Female,5-,Aboriginal,Big Rivers,442
1987,Final,Female,5-,Aboriginal,Central Australia,652
1987,Final,Female,5-,Aboriginal,East Arnhem,357
1987,Final,Female,5-,Aboriginal,Greater Darwin,356
1987,Final,Female,5-,Aboriginal,Top End,462
1987,Final,Female,5-,Non-Aboriginal,Barkly,73
1987,Final,Female,5-,Non-Aboriginal,Big Rivers,367
1987,Final,Female,5-,Non-Aboriginal,Central Australia,742
1987,Final,Female,5-,Non-Aboriginal,East Arnhem,212
1987,Final,Female,5-,Non-Aboriginal,Greater Darwin,3252
1987,Final,Female,5-,Non-Aboriginal,Top End,114
1987,Final,Male,50-,Aboriginal,Barkly,43
1987,Final,Male,50-,Aboriginal,Big Rivers,70
1987,Final,Male,50-,Aboriginal,Central Australia,110
1987,Final,Male,50-,Aboriginal,East Arnhem,53
1987,Final,Male,50-,Aboriginal,Greater Darwin,49
1987,Final,Male,50-,Aboriginal,Top End,51
1987,Final,Male,50-,Non-Aboriginal,Barkly,90
1987,Final,Male,50-,Non-Aboriginal,Big Rivers,233
1987,Final,Male,50-,Non-Aboriginal,Central Australia,436
1987,Final,Male,50-,Non-Aboriginal,East Arnhem,108
1987,Final,Male,50-,Non-Aboriginal,Greater Darwin,1630
1987,Final,Male,50-,Non-Aboriginal,Top End,113
1987,Final,Female,50-,Aboriginal,Barkly,39
1987,Final,Female,50-,Aboriginal,Big Rivers,83
1987,Final,Female,50-,Aboriginal,Central Australia,128
1987,Final,Female,50-,Aboriginal,East Arnhem,32
1987,Final,Female,50-,Aboriginal,Greater Darwin,48
1987,Final,Female,50-,Aboriginal,Top End,61
1987,Final,Female,50-,Non-Aboriginal,Barkly,38
1987,Final,Female,50-,Non-Aboriginal,Big Rivers,126
1987,Final,Female,50-,Non-Aboriginal,Central Australia,351
1987,Final,Female,50-,Non-Aboriginal,East Arnhem,43
1987,Final,Female,50-,Non-Aboriginal,Greater Darwin,1166
1987,Final,Female,50-,Non-Aboriginal,Top End,58
1987,Final,Male,55-,Aboriginal,Barkly,23
1987,Final,Male,55-,Aboriginal,Big Rivers,71
1987,Final,Male,55-,Aboriginal,Central Australia,85
1987,Final,Male,55-,Aboriginal,East Arnhem,35
1987,Final,Male,55-,Aboriginal,Greater Darwin,32
1987,Final,Male,55-,Aboriginal,Top End,52
1987,Final,Male,55-,Non-Aboriginal,Barkly,75
1987,Final,Male,55-,Non-Aboriginal,Big Rivers,209
1987,Final,Male,55-,Non-Aboriginal,Central Australia,369
1987,Final,Male,55-,Non-Aboriginal,East Arnhem,71
1987,Final,Male,55-,Non-Aboriginal,Greater Darwin,1218
1987,Final,Male,55-,Non-Aboriginal,Top End,103
1987,Final,Female,55-,Aboriginal,Barkly,22
1987,Final,Female,55-,Aboriginal,Big Rivers,71
1987,Final,Female,55-,Aboriginal,Central Australia,105
1987,Final,Female,55-,Aboriginal,East Arnhem,28
1987,Final,Female,55-,Aboriginal,Greater Darwin,28
1987,Final,Female,55-,Aboriginal,Top End,53
1987,Final,Female,55-,Non-Aboriginal,Barkly,45
1987,Final,Female,55-,Non-Aboriginal,Big Rivers,103
1987,Final,Female,55-,Non-Aboriginal,Central Australia,251
1987,Final,Female,55-,Non-Aboriginal,East Arnhem,20
1987,Final,Female,55-,Non-Aboriginal,Greater Darwin,854
1987,Final,Female,55-,Non-Aboriginal,Top End,66
1987,Final,Male,60-,Aboriginal,Barkly,24
1987,Final,Male,60-,Aboriginal,Big Rivers,44
1987,Final,Male,60-,Aboriginal,Central Australia,78
1987,Final,Male,60-,Aboriginal,East Arnhem,18
1987,Final,Male,60-,Aboriginal,Greater Darwin,26
1987,Final,Male,60-,Aboriginal,Top End,35
1987,Final,Male,60-,Non-Aboriginal,Barkly,68
1987,Final,Male,60-,Non-Aboriginal,Big Rivers,155
1987,Final,Male,60-,Non-Aboriginal,Central Australia,242
1987,Final,Male,60-,Non-Aboriginal,East Arnhem,22
1987,Final,Male,60-,Non-Aboriginal,Greater Darwin,836
1987,Final,Male,60-,Non-Aboriginal,Top End,77
1987,Final,Female,60-,Aboriginal,Barkly,35
1987,Final,Female,60-,Aboriginal,Big Rivers,56
1987,Final,Female,60-,Aboriginal,Central Australia,89
1987,Final,Female,60-,Aboriginal,East Arnhem,14
1987,Final,Female,60-,Aboriginal,Greater Darwin,26
1987,Final,Female,60-,Aboriginal,Top End,46
1987,Final,Female,60-,Non-Aboriginal,Barkly,26
1987,Final,Female,60-,Non-Aboriginal,Big Rivers,90
1987,Final,Female,60-,Non-Aboriginal,Central Australia,199
1987,Final,Female,60-,Non-Aboriginal,East Arnhem,2
1987,Final,Female,60-,Non-Aboriginal,Greater Darwin,675
1987,Final,Female,60-,Non-Aboriginal,Top End,47
1987,Final,Male,65-,Aboriginal,Barkly,20
1987,Final,Male,65-,Aboriginal,Big Rivers,31
1987,Final,Male,65-,Aboriginal,Central Australia,44
1987,Final,Male,65-,Aboriginal,East Arnhem,16
1987,Final,Male,65-,Aboriginal,Greater Darwin,12
1987,Final,Male,65-,Aboriginal,Top End,15
1987,Final,Male,65-,Non-Aboriginal,Barkly,32
1987,Final,Male,65-,Non-Aboriginal,Big Rivers,92
1987,Final,Male,65-,Non-Aboriginal,Central Australia,155
1987,Final,Male,65-,Non-Aboriginal,East Arnhem,3
1987,Final,Male,65-,Non-Aboriginal,Greater Darwin,483
1987,Final,Male,65-,Non-Aboriginal,Top End,40
1987,Final,Female,65-,Aboriginal,Barkly,19
1987,Final,Female,65-,Aboriginal,Big Rivers,38
1987,Final,Female,65-,Aboriginal,Central Australia,57
1987,Final,Female,65-,Aboriginal,East Arnhem,9
1987,Final,Female,65-,Aboriginal,Greater Darwin,21
1987,Final,Female,65-,Aboriginal,Top End,25
1987,Final,Female,65-,Non-Aboriginal,Barkly,18
1987,Final,Female,65-,Non-Aboriginal,Big Rivers,60
1987,Final,Female,65-,Non-Aboriginal,Central Australia,126
1987,Final,Female,65-,Non-Aboriginal,East Arnhem,3
1987,Final,Female,65-,Non-Aboriginal,Greater Darwin,447
1987,Final,Female,65-,Non-Aboriginal,Top End,33
1987,Final,Male,70-,Aboriginal,Barkly,11
1987,Final,Male,70-,Aboriginal,Big Rivers,18
1987,Final,Male,70-,Aboriginal,Central Australia,29
1987,Final,Male,70-,Aboriginal,East Arnhem,11
1987,Final,Male,70-,Aboriginal,Greater Darwin,10
1987,Final,Male,70-,Aboriginal,Top End,9
1987,Final,Male,70-,Non-Aboriginal,Barkly,17
1987,Final,Male,70-,Non-Aboriginal,Big Rivers,58
1987,Final,Male,70-,Non-Aboriginal,Central Australia,82
1987,Final,Male,70-,Non-Aboriginal,East Arnhem,0
1987,Final,Male,70-,Non-Aboriginal,Greater Darwin,320
1987,Final,Male,70-,Non-Aboriginal,Top End,21
1987,Final,Female,70-,Aboriginal,Barkly,13
1987,Final,Female,70-,Aboriginal,Big Rivers,26
1987,Final,Female,70-,Aboriginal,Central Australia,47
1987,Final,Female,70-,Aboriginal,East Arnhem,5
1987,Final,Female,70-,Aboriginal,Greater Darwin,13
1987,Final,Female,70-,Aboriginal,Top End,12
1987,Final,Female,70-,Non-Aboriginal,Barkly,5
1987,Final,Female,70-,Non-Aboriginal,Big Rivers,30
1987,Final,Female,70-,Non-Aboriginal,Central Australia,81
1987,Final,Female,70-,Non-Aboriginal,East Arnhem,0
1987,Final,Female,70-,Non-Aboriginal,Greater Darwin,308
1987,Final,Female,70-,Non-Aboriginal,Top End,14
1987,Final,Male,75-,Aboriginal,Barkly,4
1987,Final,Male,75-,Aboriginal,Big Rivers,9
1987,Final,Male,75-,Aboriginal,Central Australia,16
1987,Final,Male,75-,Aboriginal,East Arnhem,4
1987,Final,Male,75-,Aboriginal,Greater Darwin,3
1987,Final,Male,75-,Aboriginal,Top End,5
1987,Final,Male,75-,Non-Aboriginal,Barkly,6
1987,Final,Male,75-,Non-Aboriginal,Big Rivers,26
1987,Final,Male,75-,Non-Aboriginal,Central Australia,43
1987,Final,Male,75-,Non-Aboriginal,East Arnhem,0
1987,Final,Male,75-,Non-Aboriginal,Greater Darwin,159
1987,Final,Male,75-,Non-Aboriginal,Top End,6
1987,Final,Female,75-,Aboriginal,Barkly,8
1987,Final,Female,75-,Aboriginal,Big Rivers,7
1987,Final,Female,75-,Aboriginal,Central Australia,24
1987,Final,Female,75-,Aboriginal,East Arnhem,1
1987,Final,Female,75-,Aboriginal,Greater Darwin,9
1987,Final,Female,75-,Aboriginal,Top End,9
1987,Final,Female,75-,Non-Aboriginal,Barkly,4
1987,Final,Female,75-,Non-Aboriginal,Big Rivers,13
1987,Final,Female,75-,Non-Aboriginal,Central Australia,52
1987,Final,Female,75-,Non-Aboriginal,East Arnhem,0
1987,Final,Female,75-,Non-Aboriginal,Greater Darwin,169
1987,Final,Female,75-,Non-Aboriginal,Top End,4
1987,Final,Male,80-,Aboriginal,Barkly,1
1987,Final,Male,80-,Aboriginal,Big Rivers,4
1987,Final,Male,80-,Aboriginal,Central Australia,9
1987,Final,Male,80-,Aboriginal,East Arnhem,1
1987,Final,Male,80-,Aboriginal,Greater Darwin,1
1987,Final,Male,80-,Aboriginal,Top End,1
1987,Final,Male,80-,Non-Aboriginal,Barkly,2
1987,Final,Male,80-,Non-Aboriginal,Big Rivers,8
1987,Final,Male,80-,Non-Aboriginal,Central Australia,18
1987,Final,Male,80-,Non-Aboriginal,East Arnhem,0
1987,Final,Male,80-,Non-Aboriginal,Greater Darwin,71
1987,Final,Male,80-,Non-Aboriginal,Top End,2
1987,Final,Female,80-,Aboriginal,Barkly,5
1987,Final,Female,80-,Aboriginal,Big Rivers,3
1987,Final,Female,80-,Aboriginal,Central Australia,9
1987,Final,Female,80-,Aboriginal,East Arnhem,0
1987,Final,Female,80-,Aboriginal,Greater Darwin,5
1987,Final,Female,80-,Aboriginal,Top End,5
1987,Final,Female,80-,Non-Aboriginal,Barkly,4
1987,Final,Female,80-,Non-Aboriginal,Big Rivers,9
1987,Final,Female,80-,Non-Aboriginal,Central Australia,32
1987,Final,Female,80-,Non-Aboriginal,East Arnhem,0
1987,Final,Female,80-,Non-Aboriginal,Greater Darwin,88
1987,Final,Female,80-,Non-Aboriginal,Top End,3
1987,Final,Male,85+,Aboriginal,Barkly,0
1987,Final,Male,85+,Aboriginal,Big Rivers,2
1987,Final,Male,85+,Aboriginal,Central Australia,4
1987,Final,Male,85+,Aboriginal,East Arnhem,1
1987,Final,Male,85+,Aboriginal,Greater Darwin,1
1987,Final,Male,85+,Aboriginal,Top End,1
1987,Final,Male,85+,Non-Aboriginal,Barkly,5
1987,Final,Male,85+,Non-Aboriginal,Big Rivers,8
1987,Final,Male,85+,Non-Aboriginal,Central Australia,21
1987,Final,Male,85+,Non-Aboriginal,East Arnhem,1
1987,Final,Male,85+,Non-Aboriginal,Greater Darwin,29
1987,Final,Male,85+,Non-Aboriginal,Top End,2
1987,Final,Female,85+,Aboriginal,Barkly,4
1987,Final,Female,85+,Aboriginal,Big Rivers,6
1987,Final,Female,85+,Aboriginal,Central Australia,10
1987,Final,Female,85+,Aboriginal,East Arnhem,0
1987,Final,Female,85+,Aboriginal,Greater Darwin,2
1987,Final,Female,85+,Aboriginal,Top End,2
1987,Final,Female,85+,Non-Aboriginal,Barkly,3
1987,Final,Female,85+,Non-Aboriginal,Big Rivers,7
1987,Final,Female,85+,Non-Aboriginal,Central Australia,18
1987,Final,Female,85+,Non-Aboriginal,East Arnhem,0
1987,Final,Female,85+,Non-Aboriginal,Greater Darwin,81
1987,Final,Female,85+,Non-Aboriginal,Top End,2
1988,Final,Male,0-,Aboriginal,Barkly,260
1988,Final,Male,0-,Aboriginal,Big Rivers,500
1988,Final,Male,0-,Aboriginal,Central Australia,782
1988,Final,Male,0-,Aboriginal,East Arnhem,461
1988,Final,Male,0-,Aboriginal,Greater Darwin,452
1988,Final,Male,0-,Aboriginal,Top End,501
1988,Final,Male,0-,Non-Aboriginal,Barkly,110
1988,Final,Male,0-,Non-Aboriginal,Big Rivers,444
1988,Final,Male,0-,Non-Aboriginal,Central Australia,829
1988,Final,Male,0-,Non-Aboriginal,East Arnhem,188
1988,Final,Male,0-,Non-Aboriginal,Greater Darwin,3639
1988,Final,Male,0-,Non-Aboriginal,Top End,117
1988,Final,Female,0-,Aboriginal,Barkly,261
1988,Final,Female,0-,Aboriginal,Big Rivers,496
1988,Final,Female,0-,Aboriginal,Central Australia,730
1988,Final,Female,0-,Aboriginal,East Arnhem,361
1988,Final,Female,0-,Aboriginal,Greater Darwin,425
1988,Final,Female,0-,Aboriginal,Top End,521
1988,Final,Female,0-,Non-Aboriginal,Barkly,81
1988,Final,Female,0-,Non-Aboriginal,Big Rivers,428
1988,Final,Female,0-,Non-Aboriginal,Central Australia,854
1988,Final,Female,0-,Non-Aboriginal,East Arnhem,180
1988,Final,Female,0-,Non-Aboriginal,Greater Darwin,3498
1988,Final,Female,0-,Non-Aboriginal,Top End,105
1988,Final,Male,10-,Aboriginal,Barkly,218
1988,Final,Male,10-,Aboriginal,Big Rivers,378
1988,Final,Male,10-,Aboriginal,Central Australia,614
1988,Final,Male,10-,Aboriginal,East Arnhem,397
1988,Final,Male,10-,Aboriginal,Greater Darwin,524
1988,Final,Male,10-,Aboriginal,Top End,398
1988,Final,Male,10-,Non-Aboriginal,Barkly,70
1988,Final,Male,10-,Non-Aboriginal,Big Rivers,304
1988,Final,Male,10-,Non-Aboriginal,Central Australia,760
1988,Final,Male,10-,Non-Aboriginal,East Arnhem,200
1988,Final,Male,10-,Non-Aboriginal,Greater Darwin,3414
1988,Final,Male,10-,Non-Aboriginal,Top End,93
1988,Final,Female,10-,Aboriginal,Barkly,200
1988,Final,Female,10-,Aboriginal,Big Rivers,382
1988,Final,Female,10-,Aboriginal,Central Australia,628
1988,Final,Female,10-,Aboriginal,East Arnhem,344
1988,Final,Female,10-,Aboriginal,Greater Darwin,435
1988,Final,Female,10-,Aboriginal,Top End,391
1988,Final,Female,10-,Non-Aboriginal,Barkly,52
1988,Final,Female,10-,Non-Aboriginal,Big Rivers,231
1988,Final,Female,10-,Non-Aboriginal,Central Australia,649
1988,Final,Female,10-,Non-Aboriginal,East Arnhem,149
1988,Final,Female,10-,Non-Aboriginal,Greater Darwin,3151
1988,Final,Female,10-,Non-Aboriginal,Top End,55
1988,Final,Male,15-,Aboriginal,Barkly,225
1988,Final,Male,15-,Aboriginal,Big Rivers,374
1988,Final,Male,15-,Aboriginal,Central Australia,557
1988,Final,Male,15-,Aboriginal,East Arnhem,380
1988,Final,Male,15-,Aboriginal,Greater Darwin,422
1988,Final,Male,15-,Aboriginal,Top End,386
1988,Final,Male,15-,Non-Aboriginal,Barkly,156
1988,Final,Male,15-,Non-Aboriginal,Big Rivers,296
1988,Final,Male,15-,Non-Aboriginal,Central Australia,739
1988,Final,Male,15-,Non-Aboriginal,East Arnhem,139
1988,Final,Male,15-,Non-Aboriginal,Greater Darwin,3323
1988,Final,Male,15-,Non-Aboriginal,Top End,90
1988,Final,Female,15-,Aboriginal,Barkly,221
1988,Final,Female,15-,Aboriginal,Big Rivers,433
1988,Final,Female,15-,Aboriginal,Central Australia,709
1988,Final,Female,15-,Aboriginal,East Arnhem,335
1988,Final,Female,15-,Aboriginal,Greater Darwin,413
1988,Final,Female,15-,Aboriginal,Top End,456
1988,Final,Female,15-,Non-Aboriginal,Barkly,65
1988,Final,Female,15-,Non-Aboriginal,Big Rivers,167
1988,Final,Female,15-,Non-Aboriginal,Central Australia,565
1988,Final,Female,15-,Non-Aboriginal,East Arnhem,52
1988,Final,Female,15-,Non-Aboriginal,Greater Darwin,3430
1988,Final,Female,15-,Non-Aboriginal,Top End,10
1988,Final,Male,20-,Aboriginal,Barkly,173
1988,Final,Male,20-,Aboriginal,Big Rivers,349
1988,Final,Male,20-,Aboriginal,Central Australia,463
1988,Final,Male,20-,Aboriginal,East Arnhem,282
1988,Final,Male,20-,Aboriginal,Greater Darwin,282
1988,Final,Male,20-,Aboriginal,Top End,412
1988,Final,Male,20-,Non-Aboriginal,Barkly,157
1988,Final,Male,20-,Non-Aboriginal,Big Rivers,560
1988,Final,Male,20-,Non-Aboriginal,Central Australia,1053
1988,Final,Male,20-,Non-Aboriginal,East Arnhem,136
1988,Final,Male,20-,Non-Aboriginal,Greater Darwin,4081
1988,Final,Male,20-,Non-Aboriginal,Top End,179
1988,Final,Female,20-,Aboriginal,Barkly,174
1988,Final,Female,20-,Aboriginal,Big Rivers,398
1988,Final,Female,20-,Aboriginal,Central Australia,552
1988,Final,Female,20-,Aboriginal,East Arnhem,228
1988,Final,Female,20-,Aboriginal,Greater Darwin,320
1988,Final,Female,20-,Aboriginal,Top End,399
1988,Final,Female,20-,Non-Aboriginal,Barkly,142
1988,Final,Female,20-,Non-Aboriginal,Big Rivers,399
1988,Final,Female,20-,Non-Aboriginal,Central Australia,1026
1988,Final,Female,20-,Non-Aboriginal,East Arnhem,99
1988,Final,Female,20-,Non-Aboriginal,Greater Darwin,3676
1988,Final,Female,20-,Non-Aboriginal,Top End,112
1988,Final,Male,25-,Aboriginal,Barkly,164
1988,Final,Male,25-,Aboriginal,Big Rivers,336
1988,Final,Male,25-,Aboriginal,Central Australia,482
1988,Final,Male,25-,Aboriginal,East Arnhem,290
1988,Final,Male,25-,Aboriginal,Greater Darwin,301
1988,Final,Male,25-,Aboriginal,Top End,315
1988,Final,Male,25-,Non-Aboriginal,Barkly,159
1988,Final,Male,25-,Non-Aboriginal,Big Rivers,676
1988,Final,Male,25-,Non-Aboriginal,Central Australia,1411
1988,Final,Male,25-,Non-Aboriginal,East Arnhem,213
1988,Final,Male,25-,Non-Aboriginal,Greater Darwin,4575
1988,Final,Male,25-,Non-Aboriginal,Top End,265
1988,Final,Female,25-,Aboriginal,Barkly,181
1988,Final,Female,25-,Aboriginal,Big Rivers,347
1988,Final,Female,25-,Aboriginal,Central Australia,600
1988,Final,Female,25-,Aboriginal,East Arnhem,225
1988,Final,Female,25-,Aboriginal,Greater Darwin,272
1988,Final,Female,25-,Aboriginal,Top End,350
1988,Final,Female,25-,Non-Aboriginal,Barkly,134
1988,Final,Female,25-,Non-Aboriginal,Big Rivers,494
1988,Final,Female,25-,Non-Aboriginal,Central Australia,1205
1988,Final,Female,25-,Non-Aboriginal,East Arnhem,163
1988,Final,Female,25-,Non-Aboriginal,Greater Darwin,4303
1988,Final,Female,25-,Non-Aboriginal,Top End,227
1988,Final,Male,30-,Aboriginal,Barkly,104
1988,Final,Male,30-,Aboriginal,Big Rivers,214
1988,Final,Male,30-,Aboriginal,Central Australia,391
1988,Final,Male,30-,Aboriginal,East Arnhem,258
1988,Final,Male,30-,Aboriginal,Greater Darwin,209
1988,Final,Male,30-,Aboriginal,Top End,235
1988,Final,Male,30-,Non-Aboriginal,Barkly,139
1988,Final,Male,30-,Non-Aboriginal,Big Rivers,564
1988,Final,Male,30-,Non-Aboriginal,Central Australia,1215
1988,Final,Male,30-,Non-Aboriginal,East Arnhem,249
1988,Final,Male,30-,Non-Aboriginal,Greater Darwin,4254
1988,Final,Male,30-,Non-Aboriginal,Top End,242
1988,Final,Female,30-,Aboriginal,Barkly,129
1988,Final,Female,30-,Aboriginal,Big Rivers,230
1988,Final,Female,30-,Aboriginal,Central Australia,405
1988,Final,Female,30-,Aboriginal,East Arnhem,192
1988,Final,Female,30-,Aboriginal,Greater Darwin,267
1988,Final,Female,30-,Aboriginal,Top End,237
1988,Final,Female,30-,Non-Aboriginal,Barkly,104
1988,Final,Female,30-,Non-Aboriginal,Big Rivers,454
1988,Final,Female,30-,Non-Aboriginal,Central Australia,1121
1988,Final,Female,30-,Non-Aboriginal,East Arnhem,282
1988,Final,Female,30-,Non-Aboriginal,Greater Darwin,4136
1988,Final,Female,30-,Non-Aboriginal,Top End,202
1988,Final,Male,35-,Aboriginal,Barkly,94
1988,Final,Male,35-,Aboriginal,Big Rivers,193
1988,Final,Male,35-,Aboriginal,Central Australia,297
1988,Final,Male,35-,Aboriginal,East Arnhem,227
1988,Final,Male,35-,Aboriginal,Greater Darwin,203
1988,Final,Male,35-,Aboriginal,Top End,209
1988,Final,Male,35-,Non-Aboriginal,Barkly,127
1988,Final,Male,35-,Non-Aboriginal,Big Rivers,510
1988,Final,Male,35-,Non-Aboriginal,Central Australia,1021
1988,Final,Male,35-,Non-Aboriginal,East Arnhem,316
1988,Final,Male,35-,Non-Aboriginal,Greater Darwin,4238
1988,Final,Male,35-,Non-Aboriginal,Top End,262
1988,Final,Female,35-,Aboriginal,Barkly,122
1988,Final,Female,35-,Aboriginal,Big Rivers,224
1988,Final,Female,35-,Aboriginal,Central Australia,348
1988,Final,Female,35-,Aboriginal,East Arnhem,208
1988,Final,Female,35-,Aboriginal,Greater Darwin,224
1988,Final,Female,35-,Aboriginal,Top End,212
1988,Final,Female,35-,Non-Aboriginal,Barkly,103
1988,Final,Female,35-,Non-Aboriginal,Big Rivers,312
1988,Final,Female,35-,Non-Aboriginal,Central Australia,880
1988,Final,Female,35-,Non-Aboriginal,East Arnhem,237
1988,Final,Female,35-,Non-Aboriginal,Greater Darwin,3603
1988,Final,Female,35-,Non-Aboriginal,Top End,156
1988,Final,Male,40-,Aboriginal,Barkly,76
1988,Final,Male,40-,Aboriginal,Big Rivers,151
1988,Final,Male,40-,Aboriginal,Central Australia,226
1988,Final,Male,40-,Aboriginal,East Arnhem,161
1988,Final,Male,40-,Aboriginal,Greater Darwin,174
1988,Final,Male,40-,Aboriginal,Top End,152
1988,Final,Male,40-,Non-Aboriginal,Barkly,131
1988,Final,Male,40-,Non-Aboriginal,Big Rivers,389
1988,Final,Male,40-,Non-Aboriginal,Central Australia,826
1988,Final,Male,40-,Non-Aboriginal,East Arnhem,284
1988,Final,Male,40-,Non-Aboriginal,Greater Darwin,3707
1988,Final,Male,40-,Non-Aboriginal,Top End,196
1988,Final,Female,40-,Aboriginal,Barkly,86
1988,Final,Female,40-,Aboriginal,Big Rivers,155
1988,Final,Female,40-,Aboriginal,Central Australia,285
1988,Final,Female,40-,Aboriginal,East Arnhem,122
1988,Final,Female,40-,Aboriginal,Greater Darwin,161
1988,Final,Female,40-,Aboriginal,Top End,147
1988,Final,Female,40-,Non-Aboriginal,Barkly,96
1988,Final,Female,40-,Non-Aboriginal,Big Rivers,218
1988,Final,Female,40-,Non-Aboriginal,Central Australia,642
1988,Final,Female,40-,Non-Aboriginal,East Arnhem,148
1988,Final,Female,40-,Non-Aboriginal,Greater Darwin,3009
1988,Final,Female,40-,Non-Aboriginal,Top End,99
1988,Final,Male,45-,Aboriginal,Barkly,50
1988,Final,Male,45-,Aboriginal,Big Rivers,89
1988,Final,Male,45-,Aboriginal,Central Australia,129
1988,Final,Male,45-,Aboriginal,East Arnhem,106
1988,Final,Male,45-,Aboriginal,Greater Darwin,118
1988,Final,Male,45-,Aboriginal,Top End,98
1988,Final,Male,45-,Non-Aboriginal,Barkly,107
1988,Final,Male,45-,Non-Aboriginal,Big Rivers,306
1988,Final,Male,45-,Non-Aboriginal,Central Australia,661
1988,Final,Male,45-,Non-Aboriginal,East Arnhem,211
1988,Final,Male,45-,Non-Aboriginal,Greater Darwin,2559
1988,Final,Male,45-,Non-Aboriginal,Top End,171
1988,Final,Female,45-,Aboriginal,Barkly,49
1988,Final,Female,45-,Aboriginal,Big Rivers,96
1988,Final,Female,45-,Aboriginal,Central Australia,175
1988,Final,Female,45-,Aboriginal,East Arnhem,70
1988,Final,Female,45-,Aboriginal,Greater Darwin,107
1988,Final,Female,45-,Aboriginal,Top End,100
1988,Final,Female,45-,Non-Aboriginal,Barkly,65
1988,Final,Female,45-,Non-Aboriginal,Big Rivers,180
1988,Final,Female,45-,Non-Aboriginal,Central Australia,526
1988,Final,Female,45-,Non-Aboriginal,East Arnhem,105
1988,Final,Female,45-,Non-Aboriginal,Greater Darwin,1849
1988,Final,Female,45-,Non-Aboriginal,Top End,94
1988,Final,Male,5-,Aboriginal,Barkly,268
1988,Final,Male,5-,Aboriginal,Big Rivers,473
1988,Final,Male,5-,Aboriginal,Central Australia,656
1988,Final,Male,5-,Aboriginal,East Arnhem,458
1988,Final,Male,5-,Aboriginal,Greater Darwin,439
1988,Final,Male,5-,Aboriginal,Top End,462
1988,Final,Male,5-,Non-Aboriginal,Barkly,71
1988,Final,Male,5-,Non-Aboriginal,Big Rivers,446
1988,Final,Male,5-,Non-Aboriginal,Central Australia,844
1988,Final,Male,5-,Non-Aboriginal,East Arnhem,248
1988,Final,Male,5-,Non-Aboriginal,Greater Darwin,3379
1988,Final,Male,5-,Non-Aboriginal,Top End,105
1988,Final,Female,5-,Aboriginal,Barkly,239
1988,Final,Female,5-,Aboriginal,Big Rivers,462
1988,Final,Female,5-,Aboriginal,Central Australia,682
1988,Final,Female,5-,Aboriginal,East Arnhem,374
1988,Final,Female,5-,Aboriginal,Greater Darwin,372
1988,Final,Female,5-,Aboriginal,Top End,483
1988,Final,Female,5-,Non-Aboriginal,Barkly,72
1988,Final,Female,5-,Non-Aboriginal,Big Rivers,363
1988,Final,Female,5-,Non-Aboriginal,Central Australia,733
1988,Final,Female,5-,Non-Aboriginal,East Arnhem,209
1988,Final,Female,5-,Non-Aboriginal,Greater Darwin,3213
1988,Final,Female,5-,Non-Aboriginal,Top End,112
1988,Final,Male,50-,Aboriginal,Barkly,46
1988,Final,Male,50-,Aboriginal,Big Rivers,75
1988,Final,Male,50-,Aboriginal,Central Australia,118
1988,Final,Male,50-,Aboriginal,East Arnhem,57
1988,Final,Male,50-,Aboriginal,Greater Darwin,52
1988,Final,Male,50-,Aboriginal,Top End,55
1988,Final,Male,50-,Non-Aboriginal,Barkly,95
1988,Final,Male,50-,Non-Aboriginal,Big Rivers,246
1988,Final,Male,50-,Non-Aboriginal,Central Australia,459
1988,Final,Male,50-,Non-Aboriginal,East Arnhem,114
1988,Final,Male,50-,Non-Aboriginal,Greater Darwin,1717
1988,Final,Male,50-,Non-Aboriginal,Top End,120
1988,Final,Female,50-,Aboriginal,Barkly,43
1988,Final,Female,50-,Aboriginal,Big Rivers,92
1988,Final,Female,50-,Aboriginal,Central Australia,142
1988,Final,Female,50-,Aboriginal,East Arnhem,36
1988,Final,Female,50-,Aboriginal,Greater Darwin,53
1988,Final,Female,50-,Aboriginal,Top End,68
1988,Final,Female,50-,Non-Aboriginal,Barkly,39
1988,Final,Female,50-,Non-Aboriginal,Big Rivers,130
1988,Final,Female,50-,Non-Aboriginal,Central Australia,363
1988,Final,Female,50-,Non-Aboriginal,East Arnhem,45
1988,Final,Female,50-,Non-Aboriginal,Greater Darwin,1208
1988,Final,Female,50-,Non-Aboriginal,Top End,60
1988,Final,Male,55-,Aboriginal,Barkly,23
1988,Final,Male,55-,Aboriginal,Big Rivers,73
1988,Final,Male,55-,Aboriginal,Central Australia,87
1988,Final,Male,55-,Aboriginal,East Arnhem,36
1988,Final,Male,55-,Aboriginal,Greater Darwin,34
1988,Final,Male,55-,Aboriginal,Top End,53
1988,Final,Male,55-,Non-Aboriginal,Barkly,73
1988,Final,Male,55-,Non-Aboriginal,Big Rivers,205
1988,Final,Male,55-,Non-Aboriginal,Central Australia,362
1988,Final,Male,55-,Non-Aboriginal,East Arnhem,69
1988,Final,Male,55-,Non-Aboriginal,Greater Darwin,1196
1988,Final,Male,55-,Non-Aboriginal,Top End,101
1988,Final,Female,55-,Aboriginal,Barkly,24
1988,Final,Female,55-,Aboriginal,Big Rivers,78
1988,Final,Female,55-,Aboriginal,Central Australia,117
1988,Final,Female,55-,Aboriginal,East Arnhem,31
1988,Final,Female,55-,Aboriginal,Greater Darwin,32
1988,Final,Female,55-,Aboriginal,Top End,58
1988,Final,Female,55-,Non-Aboriginal,Barkly,44
1988,Final,Female,55-,Non-Aboriginal,Big Rivers,102
1988,Final,Female,55-,Non-Aboriginal,Central Australia,249
1988,Final,Female,55-,Non-Aboriginal,East Arnhem,20
1988,Final,Female,55-,Non-Aboriginal,Greater Darwin,847
1988,Final,Female,55-,Non-Aboriginal,Top End,65
1988,Final,Male,60-,Aboriginal,Barkly,25
1988,Final,Male,60-,Aboriginal,Big Rivers,47
1988,Final,Male,60-,Aboriginal,Central Australia,84
1988,Final,Male,60-,Aboriginal,East Arnhem,19
1988,Final,Male,60-,Aboriginal,Greater Darwin,29
1988,Final,Male,60-,Aboriginal,Top End,37
1988,Final,Male,60-,Non-Aboriginal,Barkly,69
1988,Final,Male,60-,Non-Aboriginal,Big Rivers,158
1988,Final,Male,60-,Non-Aboriginal,Central Australia,246
1988,Final,Male,60-,Non-Aboriginal,East Arnhem,22
1988,Final,Male,60-,Non-Aboriginal,Greater Darwin,851
1988,Final,Male,60-,Non-Aboriginal,Top End,78
1988,Final,Female,60-,Aboriginal,Barkly,39
1988,Final,Female,60-,Aboriginal,Big Rivers,64
1988,Final,Female,60-,Aboriginal,Central Australia,100
1988,Final,Female,60-,Aboriginal,East Arnhem,16
1988,Final,Female,60-,Aboriginal,Greater Darwin,30
1988,Final,Female,60-,Aboriginal,Top End,52
1988,Final,Female,60-,Non-Aboriginal,Barkly,25
1988,Final,Female,60-,Non-Aboriginal,Big Rivers,88
1988,Final,Female,60-,Non-Aboriginal,Central Australia,194
1988,Final,Female,60-,Non-Aboriginal,East Arnhem,2
1988,Final,Female,60-,Non-Aboriginal,Greater Darwin,660
1988,Final,Female,60-,Non-Aboriginal,Top End,46
1988,Final,Male,65-,Aboriginal,Barkly,21
1988,Final,Male,65-,Aboriginal,Big Rivers,33
1988,Final,Male,65-,Aboriginal,Central Australia,49
1988,Final,Male,65-,Aboriginal,East Arnhem,17
1988,Final,Male,65-,Aboriginal,Greater Darwin,13
1988,Final,Male,65-,Aboriginal,Top End,16
1988,Final,Male,65-,Non-Aboriginal,Barkly,32
1988,Final,Male,65-,Non-Aboriginal,Big Rivers,92
1988,Final,Male,65-,Non-Aboriginal,Central Australia,155
1988,Final,Male,65-,Non-Aboriginal,East Arnhem,3
1988,Final,Male,65-,Non-Aboriginal,Greater Darwin,484
1988,Final,Male,65-,Non-Aboriginal,Top End,40
1988,Final,Female,65-,Aboriginal,Barkly,22
1988,Final,Female,65-,Aboriginal,Big Rivers,43
1988,Final,Female,65-,Aboriginal,Central Australia,66
1988,Final,Female,65-,Aboriginal,East Arnhem,10
1988,Final,Female,65-,Aboriginal,Greater Darwin,24
1988,Final,Female,65-,Aboriginal,Top End,28
1988,Final,Female,65-,Non-Aboriginal,Barkly,18
1988,Final,Female,65-,Non-Aboriginal,Big Rivers,60
1988,Final,Female,65-,Non-Aboriginal,Central Australia,128
1988,Final,Female,65-,Non-Aboriginal,East Arnhem,3
1988,Final,Female,65-,Non-Aboriginal,Greater Darwin,453
1988,Final,Female,65-,Non-Aboriginal,Top End,33
1988,Final,Male,70-,Aboriginal,Barkly,11
1988,Final,Male,70-,Aboriginal,Big Rivers,19
1988,Final,Male,70-,Aboriginal,Central Australia,31
1988,Final,Male,70-,Aboriginal,East Arnhem,11
1988,Final,Male,70-,Aboriginal,Greater Darwin,9
1988,Final,Male,70-,Aboriginal,Top End,10
1988,Final,Male,70-,Non-Aboriginal,Barkly,16
1988,Final,Male,70-,Non-Aboriginal,Big Rivers,56
1988,Final,Male,70-,Non-Aboriginal,Central Australia,80
1988,Final,Male,70-,Non-Aboriginal,East Arnhem,0
1988,Final,Male,70-,Non-Aboriginal,Greater Darwin,307
1988,Final,Male,70-,Non-Aboriginal,Top End,20
1988,Final,Female,70-,Aboriginal,Barkly,15
1988,Final,Female,70-,Aboriginal,Big Rivers,30
1988,Final,Female,70-,Aboriginal,Central Australia,55
1988,Final,Female,70-,Aboriginal,East Arnhem,6
1988,Final,Female,70-,Aboriginal,Greater Darwin,16
1988,Final,Female,70-,Aboriginal,Top End,14
1988,Final,Female,70-,Non-Aboriginal,Barkly,5
1988,Final,Female,70-,Non-Aboriginal,Big Rivers,30
1988,Final,Female,70-,Non-Aboriginal,Central Australia,82
1988,Final,Female,70-,Non-Aboriginal,East Arnhem,0
1988,Final,Female,70-,Non-Aboriginal,Greater Darwin,310
1988,Final,Female,70-,Non-Aboriginal,Top End,14
1988,Final,Male,75-,Aboriginal,Barkly,5
1988,Final,Male,75-,Aboriginal,Big Rivers,11
1988,Final,Male,75-,Aboriginal,Central Australia,18
1988,Final,Male,75-,Aboriginal,East Arnhem,4
1988,Final,Male,75-,Aboriginal,Greater Darwin,4
1988,Final,Male,75-,Aboriginal,Top End,6
1988,Final,Male,75-,Non-Aboriginal,Barkly,6
1988,Final,Male,75-,Non-Aboriginal,Big Rivers,26
1988,Final,Male,75-,Non-Aboriginal,Central Australia,43
1988,Final,Male,75-,Non-Aboriginal,East Arnhem,0
1988,Final,Male,75-,Non-Aboriginal,Greater Darwin,159
1988,Final,Male,75-,Non-Aboriginal,Top End,7
1988,Final,Female,75-,Aboriginal,Barkly,9
1988,Final,Female,75-,Aboriginal,Big Rivers,8
1988,Final,Female,75-,Aboriginal,Central Australia,29
1988,Final,Female,75-,Aboriginal,East Arnhem,1
1988,Final,Female,75-,Aboriginal,Greater Darwin,11
1988,Final,Female,75-,Aboriginal,Top End,11
1988,Final,Female,75-,Non-Aboriginal,Barkly,4
1988,Final,Female,75-,Non-Aboriginal,Big Rivers,14
1988,Final,Female,75-,Non-Aboriginal,Central Australia,57
1988,Final,Female,75-,Non-Aboriginal,East Arnhem,0
1988,Final,Female,75-,Non-Aboriginal,Greater Darwin,186
1988,Final,Female,75-,Non-Aboriginal,Top End,4
1988,Final,Male,80-,Aboriginal,Barkly,1
1988,Final,Male,80-,Aboriginal,Big Rivers,5
1988,Final,Male,80-,Aboriginal,Central Australia,10
1988,Final,Male,80-,Aboriginal,East Arnhem,1
1988,Final,Male,80-,Aboriginal,Greater Darwin,1
1988,Final,Male,80-,Aboriginal,Top End,2
1988,Final,Male,80-,Non-Aboriginal,Barkly,2
1988,Final,Male,80-,Non-Aboriginal,Big Rivers,9
1988,Final,Male,80-,Non-Aboriginal,Central Australia,19
1988,Final,Male,80-,Non-Aboriginal,East Arnhem,0
1988,Final,Male,80-,Non-Aboriginal,Greater Darwin,74
1988,Final,Male,80-,Non-Aboriginal,Top End,2
1988,Final,Female,80-,Aboriginal,Barkly,5
1988,Final,Female,80-,Aboriginal,Big Rivers,3
1988,Final,Female,80-,Aboriginal,Central Australia,9
1988,Final,Female,80-,Aboriginal,East Arnhem,0
1988,Final,Female,80-,Aboriginal,Greater Darwin,5
1988,Final,Female,80-,Aboriginal,Top End,5
1988,Final,Female,80-,Non-Aboriginal,Barkly,4
1988,Final,Female,80-,Non-Aboriginal,Big Rivers,9
1988,Final,Female,80-,Non-Aboriginal,Central Australia,30
1988,Final,Female,80-,Non-Aboriginal,East Arnhem,0
1988,Final,Female,80-,Non-Aboriginal,Greater Darwin,80
1988,Final,Female,80-,Non-Aboriginal,Top End,3
1988,Final,Male,85+,Aboriginal,Barkly,0
1988,Final,Male,85+,Aboriginal,Big Rivers,2
1988,Final,Male,85+,Aboriginal,Central Australia,5
1988,Final,Male,85+,Aboriginal,East Arnhem,1
1988,Final,Male,85+,Aboriginal,Greater Darwin,1
1988,Final,Male,85+,Aboriginal,Top End,1
1988,Final,Male,85+,Non-Aboriginal,Barkly,5
1988,Final,Male,85+,Non-Aboriginal,Big Rivers,9
1988,Final,Male,85+,Non-Aboriginal,Central Australia,23
1988,Final,Male,85+,Non-Aboriginal,East Arnhem,1
1988,Final,Male,85+,Non-Aboriginal,Greater Darwin,30
1988,Final,Male,85+,Non-Aboriginal,Top End,2
1988,Final,Female,85+,Aboriginal,Barkly,4
1988,Final,Female,85+,Aboriginal,Big Rivers,6
1988,Final,Female,85+,Aboriginal,Central Australia,10
1988,Final,Female,85+,Aboriginal,East Arnhem,0
1988,Final,Female,85+,Aboriginal,Greater Darwin,2
1988,Final,Female,85+,Aboriginal,Top End,2
1988,Final,Female,85+,Non-Aboriginal,Barkly,3
1988,Final,Female,85+,Non-Aboriginal,Big Rivers,7
1988,Final,Female,85+,Non-Aboriginal,Central Australia,18
1988,Final,Female,85+,Non-Aboriginal,East Arnhem,0
1988,Final,Female,85+,Non-Aboriginal,Greater Darwin,80
1988,Final,Female,85+,Non-Aboriginal,Top End,2
1989,Final,Male,0-,Aboriginal,Barkly,278
1989,Final,Male,0-,Aboriginal,Big Rivers,533
1989,Final,Male,0-,Aboriginal,Central Australia,834
1989,Final,Male,0-,Aboriginal,East Arnhem,492
1989,Final,Male,0-,Aboriginal,Greater Darwin,482
1989,Final,Male,0-,Aboriginal,Top End,534
1989,Final,Male,0-,Non-Aboriginal,Barkly,109
1989,Final,Male,0-,Non-Aboriginal,Big Rivers,440
1989,Final,Male,0-,Non-Aboriginal,Central Australia,821
1989,Final,Male,0-,Non-Aboriginal,East Arnhem,186
1989,Final,Male,0-,Non-Aboriginal,Greater Darwin,3603
1989,Final,Male,0-,Non-Aboriginal,Top End,116
1989,Final,Female,0-,Aboriginal,Barkly,272
1989,Final,Female,0-,Aboriginal,Big Rivers,518
1989,Final,Female,0-,Aboriginal,Central Australia,763
1989,Final,Female,0-,Aboriginal,East Arnhem,377
1989,Final,Female,0-,Aboriginal,Greater Darwin,444
1989,Final,Female,0-,Aboriginal,Top End,544
1989,Final,Female,0-,Non-Aboriginal,Barkly,79
1989,Final,Female,0-,Non-Aboriginal,Big Rivers,421
1989,Final,Female,0-,Non-Aboriginal,Central Australia,839
1989,Final,Female,0-,Non-Aboriginal,East Arnhem,176
1989,Final,Female,0-,Non-Aboriginal,Greater Darwin,3437
1989,Final,Female,0-,Non-Aboriginal,Top End,103
1989,Final,Male,10-,Aboriginal,Barkly,222
1989,Final,Male,10-,Aboriginal,Big Rivers,386
1989,Final,Male,10-,Aboriginal,Central Australia,627
1989,Final,Male,10-,Aboriginal,East Arnhem,405
1989,Final,Male,10-,Aboriginal,Greater Darwin,535
1989,Final,Male,10-,Aboriginal,Top End,406
1989,Final,Male,10-,Non-Aboriginal,Barkly,68
1989,Final,Male,10-,Non-Aboriginal,Big Rivers,294
1989,Final,Male,10-,Non-Aboriginal,Central Australia,736
1989,Final,Male,10-,Non-Aboriginal,East Arnhem,194
1989,Final,Male,10-,Non-Aboriginal,Greater Darwin,3304
1989,Final,Male,10-,Non-Aboriginal,Top End,90
1989,Final,Female,10-,Aboriginal,Barkly,206
1989,Final,Female,10-,Aboriginal,Big Rivers,393
1989,Final,Female,10-,Aboriginal,Central Australia,645
1989,Final,Female,10-,Aboriginal,East Arnhem,353
1989,Final,Female,10-,Aboriginal,Greater Darwin,447
1989,Final,Female,10-,Aboriginal,Top End,401
1989,Final,Female,10-,Non-Aboriginal,Barkly,50
1989,Final,Female,10-,Non-Aboriginal,Big Rivers,223
1989,Final,Female,10-,Non-Aboriginal,Central Australia,625
1989,Final,Female,10-,Non-Aboriginal,East Arnhem,144
1989,Final,Female,10-,Non-Aboriginal,Greater Darwin,3037
1989,Final,Female,10-,Non-Aboriginal,Top End,53
1989,Final,Male,15-,Aboriginal,Barkly,236
1989,Final,Male,15-,Aboriginal,Big Rivers,392
1989,Final,Male,15-,Aboriginal,Central Australia,584
1989,Final,Male,15-,Aboriginal,East Arnhem,398
1989,Final,Male,15-,Aboriginal,Greater Darwin,442
1989,Final,Male,15-,Aboriginal,Top End,405
1989,Final,Male,15-,Non-Aboriginal,Barkly,156
1989,Final,Male,15-,Non-Aboriginal,Big Rivers,296
1989,Final,Male,15-,Non-Aboriginal,Central Australia,737
1989,Final,Male,15-,Non-Aboriginal,East Arnhem,139
1989,Final,Male,15-,Non-Aboriginal,Greater Darwin,3317
1989,Final,Male,15-,Non-Aboriginal,Top End,90
1989,Final,Female,15-,Aboriginal,Barkly,230
1989,Final,Female,15-,Aboriginal,Big Rivers,451
1989,Final,Female,15-,Aboriginal,Central Australia,739
1989,Final,Female,15-,Aboriginal,East Arnhem,349
1989,Final,Female,15-,Aboriginal,Greater Darwin,430
1989,Final,Female,15-,Aboriginal,Top End,475
1989,Final,Female,15-,Non-Aboriginal,Barkly,64
1989,Final,Female,15-,Non-Aboriginal,Big Rivers,165
1989,Final,Female,15-,Non-Aboriginal,Central Australia,561
1989,Final,Female,15-,Non-Aboriginal,East Arnhem,52
1989,Final,Female,15-,Non-Aboriginal,Greater Darwin,3402
1989,Final,Female,15-,Non-Aboriginal,Top End,10
1989,Final,Male,20-,Aboriginal,Barkly,183
1989,Final,Male,20-,Aboriginal,Big Rivers,368
1989,Final,Male,20-,Aboriginal,Central Australia,487
1989,Final,Male,20-,Aboriginal,East Arnhem,297
1989,Final,Male,20-,Aboriginal,Greater Darwin,297
1989,Final,Male,20-,Aboriginal,Top End,434
1989,Final,Male,20-,Non-Aboriginal,Barkly,152
1989,Final,Male,20-,Non-Aboriginal,Big Rivers,541
1989,Final,Male,20-,Non-Aboriginal,Central Australia,1018
1989,Final,Male,20-,Non-Aboriginal,East Arnhem,131
1989,Final,Male,20-,Non-Aboriginal,Greater Darwin,3944
1989,Final,Male,20-,Non-Aboriginal,Top End,173
1989,Final,Female,20-,Aboriginal,Barkly,184
1989,Final,Female,20-,Aboriginal,Big Rivers,419
1989,Final,Female,20-,Aboriginal,Central Australia,582
1989,Final,Female,20-,Aboriginal,East Arnhem,241
1989,Final,Female,20-,Aboriginal,Greater Darwin,337
1989,Final,Female,20-,Aboriginal,Top End,421
1989,Final,Female,20-,Non-Aboriginal,Barkly,141
1989,Final,Female,20-,Non-Aboriginal,Big Rivers,397
1989,Final,Female,20-,Non-Aboriginal,Central Australia,1019
1989,Final,Female,20-,Non-Aboriginal,East Arnhem,99
1989,Final,Female,20-,Non-Aboriginal,Greater Darwin,3650
1989,Final,Female,20-,Non-Aboriginal,Top End,112
1989,Final,Male,25-,Aboriginal,Barkly,179
1989,Final,Male,25-,Aboriginal,Big Rivers,366
1989,Final,Male,25-,Aboriginal,Central Australia,525
1989,Final,Male,25-,Aboriginal,East Arnhem,316
1989,Final,Male,25-,Aboriginal,Greater Darwin,327
1989,Final,Male,25-,Aboriginal,Top End,343
1989,Final,Male,25-,Non-Aboriginal,Barkly,157
1989,Final,Male,25-,Non-Aboriginal,Big Rivers,666
1989,Final,Male,25-,Non-Aboriginal,Central Australia,1390
1989,Final,Male,25-,Non-Aboriginal,East Arnhem,209
1989,Final,Male,25-,Non-Aboriginal,Greater Darwin,4504
1989,Final,Male,25-,Non-Aboriginal,Top End,261
1989,Final,Female,25-,Aboriginal,Barkly,192
1989,Final,Female,25-,Aboriginal,Big Rivers,370
1989,Final,Female,25-,Aboriginal,Central Australia,639
1989,Final,Female,25-,Aboriginal,East Arnhem,240
1989,Final,Female,25-,Aboriginal,Greater Darwin,288
1989,Final,Female,25-,Aboriginal,Top End,373
1989,Final,Female,25-,Non-Aboriginal,Barkly,135
1989,Final,Female,25-,Non-Aboriginal,Big Rivers,497
1989,Final,Female,25-,Non-Aboriginal,Central Australia,1212
1989,Final,Female,25-,Non-Aboriginal,East Arnhem,164
1989,Final,Female,25-,Non-Aboriginal,Greater Darwin,4325
1989,Final,Female,25-,Non-Aboriginal,Top End,228
1989,Final,Male,30-,Aboriginal,Barkly,117
1989,Final,Male,30-,Aboriginal,Big Rivers,243
1989,Final,Male,30-,Aboriginal,Central Australia,443
1989,Final,Male,30-,Aboriginal,East Arnhem,293
1989,Final,Male,30-,Aboriginal,Greater Darwin,237
1989,Final,Male,30-,Aboriginal,Top End,266
1989,Final,Male,30-,Non-Aboriginal,Barkly,136
1989,Final,Male,30-,Non-Aboriginal,Big Rivers,555
1989,Final,Male,30-,Non-Aboriginal,Central Australia,1194
1989,Final,Male,30-,Non-Aboriginal,East Arnhem,245
1989,Final,Male,30-,Non-Aboriginal,Greater Darwin,4180
1989,Final,Male,30-,Non-Aboriginal,Top End,238
1989,Final,Female,30-,Aboriginal,Barkly,140
1989,Final,Female,30-,Aboriginal,Big Rivers,249
1989,Final,Female,30-,Aboriginal,Central Australia,438
1989,Final,Female,30-,Aboriginal,East Arnhem,208
1989,Final,Female,30-,Aboriginal,Greater Darwin,289
1989,Final,Female,30-,Aboriginal,Top End,257
1989,Final,Female,30-,Non-Aboriginal,Barkly,103
1989,Final,Female,30-,Non-Aboriginal,Big Rivers,448
1989,Final,Female,30-,Non-Aboriginal,Central Australia,1107
1989,Final,Female,30-,Non-Aboriginal,East Arnhem,279
1989,Final,Female,30-,Non-Aboriginal,Greater Darwin,4085
1989,Final,Female,30-,Non-Aboriginal,Top End,200
1989,Final,Male,35-,Aboriginal,Barkly,102
1989,Final,Male,35-,Aboriginal,Big Rivers,211
1989,Final,Male,35-,Aboriginal,Central Australia,324
1989,Final,Male,35-,Aboriginal,East Arnhem,247
1989,Final,Male,35-,Aboriginal,Greater Darwin,222
1989,Final,Male,35-,Aboriginal,Top End,229
1989,Final,Male,35-,Non-Aboriginal,Barkly,123
1989,Final,Male,35-,Non-Aboriginal,Big Rivers,496
1989,Final,Male,35-,Non-Aboriginal,Central Australia,994
1989,Final,Male,35-,Non-Aboriginal,East Arnhem,308
1989,Final,Male,35-,Non-Aboriginal,Greater Darwin,4126
1989,Final,Male,35-,Non-Aboriginal,Top End,255
1989,Final,Female,35-,Aboriginal,Barkly,129
1989,Final,Female,35-,Aboriginal,Big Rivers,236
1989,Final,Female,35-,Aboriginal,Central Australia,367
1989,Final,Female,35-,Aboriginal,East Arnhem,219
1989,Final,Female,35-,Aboriginal,Greater Darwin,236
1989,Final,Female,35-,Aboriginal,Top End,223
1989,Final,Female,35-,Non-Aboriginal,Barkly,103
1989,Final,Female,35-,Non-Aboriginal,Big Rivers,311
1989,Final,Female,35-,Non-Aboriginal,Central Australia,878
1989,Final,Female,35-,Non-Aboriginal,East Arnhem,237
1989,Final,Female,35-,Non-Aboriginal,Greater Darwin,3594
1989,Final,Female,35-,Non-Aboriginal,Top End,156
1989,Final,Male,40-,Aboriginal,Barkly,85
1989,Final,Male,40-,Aboriginal,Big Rivers,169
1989,Final,Male,40-,Aboriginal,Central Australia,252
1989,Final,Male,40-,Aboriginal,East Arnhem,180
1989,Final,Male,40-,Aboriginal,Greater Darwin,194
1989,Final,Male,40-,Aboriginal,Top End,170
1989,Final,Male,40-,Non-Aboriginal,Barkly,134
1989,Final,Male,40-,Non-Aboriginal,Big Rivers,399
1989,Final,Male,40-,Non-Aboriginal,Central Australia,848
1989,Final,Male,40-,Non-Aboriginal,East Arnhem,291
1989,Final,Male,40-,Non-Aboriginal,Greater Darwin,3807
1989,Final,Male,40-,Non-Aboriginal,Top End,202
1989,Final,Female,40-,Aboriginal,Barkly,95
1989,Final,Female,40-,Aboriginal,Big Rivers,172
1989,Final,Female,40-,Aboriginal,Central Australia,316
1989,Final,Female,40-,Aboriginal,East Arnhem,135
1989,Final,Female,40-,Aboriginal,Greater Darwin,179
1989,Final,Female,40-,Aboriginal,Top End,163
1989,Final,Female,40-,Non-Aboriginal,Barkly,101
1989,Final,Female,40-,Non-Aboriginal,Big Rivers,230
1989,Final,Female,40-,Non-Aboriginal,Central Australia,678
1989,Final,Female,40-,Non-Aboriginal,East Arnhem,157
1989,Final,Female,40-,Non-Aboriginal,Greater Darwin,3179
1989,Final,Female,40-,Non-Aboriginal,Top End,105
1989,Final,Male,45-,Aboriginal,Barkly,53
1989,Final,Male,45-,Aboriginal,Big Rivers,95
1989,Final,Male,45-,Aboriginal,Central Australia,138
1989,Final,Male,45-,Aboriginal,East Arnhem,113
1989,Final,Male,45-,Aboriginal,Greater Darwin,127
1989,Final,Male,45-,Aboriginal,Top End,105
1989,Final,Male,45-,Non-Aboriginal,Barkly,112
1989,Final,Male,45-,Non-Aboriginal,Big Rivers,320
1989,Final,Male,45-,Non-Aboriginal,Central Australia,694
1989,Final,Male,45-,Non-Aboriginal,East Arnhem,221
1989,Final,Male,45-,Non-Aboriginal,Greater Darwin,2682
1989,Final,Male,45-,Non-Aboriginal,Top End,179
1989,Final,Female,45-,Aboriginal,Barkly,53
1989,Final,Female,45-,Aboriginal,Big Rivers,104
1989,Final,Female,45-,Aboriginal,Central Australia,189
1989,Final,Female,45-,Aboriginal,East Arnhem,75
1989,Final,Female,45-,Aboriginal,Greater Darwin,115
1989,Final,Female,45-,Aboriginal,Top End,107
1989,Final,Female,45-,Non-Aboriginal,Barkly,69
1989,Final,Female,45-,Non-Aboriginal,Big Rivers,191
1989,Final,Female,45-,Non-Aboriginal,Central Australia,558
1989,Final,Female,45-,Non-Aboriginal,East Arnhem,112
1989,Final,Female,45-,Non-Aboriginal,Greater Darwin,1961
1989,Final,Female,45-,Non-Aboriginal,Top End,100
1989,Final,Male,5-,Aboriginal,Barkly,278
1989,Final,Male,5-,Aboriginal,Big Rivers,493
1989,Final,Male,5-,Aboriginal,Central Australia,682
1989,Final,Male,5-,Aboriginal,East Arnhem,477
1989,Final,Male,5-,Aboriginal,Greater Darwin,457
1989,Final,Male,5-,Aboriginal,Top End,481
1989,Final,Male,5-,Non-Aboriginal,Barkly,69
1989,Final,Male,5-,Non-Aboriginal,Big Rivers,435
1989,Final,Male,5-,Non-Aboriginal,Central Australia,823
1989,Final,Male,5-,Non-Aboriginal,East Arnhem,242
1989,Final,Male,5-,Non-Aboriginal,Greater Darwin,3296
1989,Final,Male,5-,Non-Aboriginal,Top End,103
1989,Final,Female,5-,Aboriginal,Barkly,254
1989,Final,Female,5-,Aboriginal,Big Rivers,490
1989,Final,Female,5-,Aboriginal,Central Australia,724
1989,Final,Female,5-,Aboriginal,East Arnhem,397
1989,Final,Female,5-,Aboriginal,Greater Darwin,394
1989,Final,Female,5-,Aboriginal,Top End,512
1989,Final,Female,5-,Non-Aboriginal,Barkly,72
1989,Final,Female,5-,Non-Aboriginal,Big Rivers,364
1989,Final,Female,5-,Non-Aboriginal,Central Australia,735
1989,Final,Female,5-,Non-Aboriginal,East Arnhem,210
1989,Final,Female,5-,Non-Aboriginal,Greater Darwin,3221
1989,Final,Female,5-,Non-Aboriginal,Top End,113
1989,Final,Male,50-,Aboriginal,Barkly,49
1989,Final,Male,50-,Aboriginal,Big Rivers,79
1989,Final,Male,50-,Aboriginal,Central Australia,125
1989,Final,Male,50-,Aboriginal,East Arnhem,61
1989,Final,Male,50-,Aboriginal,Greater Darwin,56
1989,Final,Male,50-,Aboriginal,Top End,59
1989,Final,Male,50-,Non-Aboriginal,Barkly,99
1989,Final,Male,50-,Non-Aboriginal,Big Rivers,257
1989,Final,Male,50-,Non-Aboriginal,Central Australia,479
1989,Final,Male,50-,Non-Aboriginal,East Arnhem,119
1989,Final,Male,50-,Non-Aboriginal,Greater Darwin,1794
1989,Final,Male,50-,Non-Aboriginal,Top End,125
1989,Final,Female,50-,Aboriginal,Barkly,48
1989,Final,Female,50-,Aboriginal,Big Rivers,102
1989,Final,Female,50-,Aboriginal,Central Australia,156
1989,Final,Female,50-,Aboriginal,East Arnhem,40
1989,Final,Female,50-,Aboriginal,Greater Darwin,59
1989,Final,Female,50-,Aboriginal,Top End,75
1989,Final,Female,50-,Non-Aboriginal,Barkly,41
1989,Final,Female,50-,Non-Aboriginal,Big Rivers,135
1989,Final,Female,50-,Non-Aboriginal,Central Australia,376
1989,Final,Female,50-,Non-Aboriginal,East Arnhem,46
1989,Final,Female,50-,Non-Aboriginal,Greater Darwin,1250
1989,Final,Female,50-,Non-Aboriginal,Top End,62
1989,Final,Male,55-,Aboriginal,Barkly,24
1989,Final,Male,55-,Aboriginal,Big Rivers,76
1989,Final,Male,55-,Aboriginal,Central Australia,90
1989,Final,Male,55-,Aboriginal,East Arnhem,37
1989,Final,Male,55-,Aboriginal,Greater Darwin,35
1989,Final,Male,55-,Aboriginal,Top End,55
1989,Final,Male,55-,Non-Aboriginal,Barkly,73
1989,Final,Male,55-,Non-Aboriginal,Big Rivers,205
1989,Final,Male,55-,Non-Aboriginal,Central Australia,363
1989,Final,Male,55-,Non-Aboriginal,East Arnhem,69
1989,Final,Male,55-,Non-Aboriginal,Greater Darwin,1200
1989,Final,Male,55-,Non-Aboriginal,Top End,102
1989,Final,Female,55-,Aboriginal,Barkly,27
1989,Final,Female,55-,Aboriginal,Big Rivers,88
1989,Final,Female,55-,Aboriginal,Central Australia,131
1989,Final,Female,55-,Aboriginal,East Arnhem,35
1989,Final,Female,55-,Aboriginal,Greater Darwin,36
1989,Final,Female,55-,Aboriginal,Top End,66
1989,Final,Female,55-,Non-Aboriginal,Barkly,45
1989,Final,Female,55-,Non-Aboriginal,Big Rivers,103
1989,Final,Female,55-,Non-Aboriginal,Central Australia,251
1989,Final,Female,55-,Non-Aboriginal,East Arnhem,20
1989,Final,Female,55-,Non-Aboriginal,Greater Darwin,856
1989,Final,Female,55-,Non-Aboriginal,Top End,66
1989,Final,Male,60-,Aboriginal,Barkly,26
1989,Final,Male,60-,Aboriginal,Big Rivers,49
1989,Final,Male,60-,Aboriginal,Central Australia,87
1989,Final,Male,60-,Aboriginal,East Arnhem,20
1989,Final,Male,60-,Aboriginal,Greater Darwin,30
1989,Final,Male,60-,Aboriginal,Top End,39
1989,Final,Male,60-,Non-Aboriginal,Barkly,69
1989,Final,Male,60-,Non-Aboriginal,Big Rivers,158
1989,Final,Male,60-,Non-Aboriginal,Central Australia,246
1989,Final,Male,60-,Non-Aboriginal,East Arnhem,22
1989,Final,Male,60-,Non-Aboriginal,Greater Darwin,851
1989,Final,Male,60-,Non-Aboriginal,Top End,78
1989,Final,Female,60-,Aboriginal,Barkly,43
1989,Final,Female,60-,Aboriginal,Big Rivers,69
1989,Final,Female,60-,Aboriginal,Central Australia,110
1989,Final,Female,60-,Aboriginal,East Arnhem,17
1989,Final,Female,60-,Aboriginal,Greater Darwin,32
1989,Final,Female,60-,Aboriginal,Top End,56
1989,Final,Female,60-,Non-Aboriginal,Barkly,24
1989,Final,Female,60-,Non-Aboriginal,Big Rivers,84
1989,Final,Female,60-,Non-Aboriginal,Central Australia,185
1989,Final,Female,60-,Non-Aboriginal,East Arnhem,2
1989,Final,Female,60-,Non-Aboriginal,Greater Darwin,630
1989,Final,Female,60-,Non-Aboriginal,Top End,44
1989,Final,Male,65-,Aboriginal,Barkly,25
1989,Final,Male,65-,Aboriginal,Big Rivers,38
1989,Final,Male,65-,Aboriginal,Central Australia,56
1989,Final,Male,65-,Aboriginal,East Arnhem,20
1989,Final,Male,65-,Aboriginal,Greater Darwin,15
1989,Final,Male,65-,Aboriginal,Top End,19
1989,Final,Male,65-,Non-Aboriginal,Barkly,34
1989,Final,Male,65-,Non-Aboriginal,Big Rivers,97
1989,Final,Male,65-,Non-Aboriginal,Central Australia,163
1989,Final,Male,65-,Non-Aboriginal,East Arnhem,3
1989,Final,Male,65-,Non-Aboriginal,Greater Darwin,509
1989,Final,Male,65-,Non-Aboriginal,Top End,42
1989,Final,Female,65-,Aboriginal,Barkly,25
1989,Final,Female,65-,Aboriginal,Big Rivers,49
1989,Final,Female,65-,Aboriginal,Central Australia,75
1989,Final,Female,65-,Aboriginal,East Arnhem,11
1989,Final,Female,65-,Aboriginal,Greater Darwin,28
1989,Final,Female,65-,Aboriginal,Top End,31
1989,Final,Female,65-,Non-Aboriginal,Barkly,19
1989,Final,Female,65-,Non-Aboriginal,Big Rivers,61
1989,Final,Female,65-,Non-Aboriginal,Central Australia,130
1989,Final,Female,65-,Non-Aboriginal,East Arnhem,3
1989,Final,Female,65-,Non-Aboriginal,Greater Darwin,462
1989,Final,Female,65-,Non-Aboriginal,Top End,34
1989,Final,Male,70-,Aboriginal,Barkly,12
1989,Final,Male,70-,Aboriginal,Big Rivers,20
1989,Final,Male,70-,Aboriginal,Central Australia,33
1989,Final,Male,70-,Aboriginal,East Arnhem,12
1989,Final,Male,70-,Aboriginal,Greater Darwin,10
1989,Final,Male,70-,Aboriginal,Top End,11
1989,Final,Male,70-,Non-Aboriginal,Barkly,16
1989,Final,Male,70-,Non-Aboriginal,Big Rivers,55
1989,Final,Male,70-,Non-Aboriginal,Central Australia,78
1989,Final,Male,70-,Non-Aboriginal,East Arnhem,0
1989,Final,Male,70-,Non-Aboriginal,Greater Darwin,301
1989,Final,Male,70-,Non-Aboriginal,Top End,20
1989,Final,Female,70-,Aboriginal,Barkly,17
1989,Final,Female,70-,Aboriginal,Big Rivers,34
1989,Final,Female,70-,Aboriginal,Central Australia,63
1989,Final,Female,70-,Aboriginal,East Arnhem,7
1989,Final,Female,70-,Aboriginal,Greater Darwin,18
1989,Final,Female,70-,Aboriginal,Top End,16
1989,Final,Female,70-,Non-Aboriginal,Barkly,5
1989,Final,Female,70-,Non-Aboriginal,Big Rivers,29
1989,Final,Female,70-,Non-Aboriginal,Central Australia,79
1989,Final,Female,70-,Non-Aboriginal,East Arnhem,0
1989,Final,Female,70-,Non-Aboriginal,Greater Darwin,301
1989,Final,Female,70-,Non-Aboriginal,Top End,13
1989,Final,Male,75-,Aboriginal,Barkly,6
1989,Final,Male,75-,Aboriginal,Big Rivers,12
1989,Final,Male,75-,Aboriginal,Central Australia,20
1989,Final,Male,75-,Aboriginal,East Arnhem,5
1989,Final,Male,75-,Aboriginal,Greater Darwin,3
1989,Final,Male,75-,Aboriginal,Top End,7
1989,Final,Male,75-,Non-Aboriginal,Barkly,6
1989,Final,Male,75-,Non-Aboriginal,Big Rivers,27
1989,Final,Male,75-,Non-Aboriginal,Central Australia,44
1989,Final,Male,75-,Non-Aboriginal,East Arnhem,0
1989,Final,Male,75-,Non-Aboriginal,Greater Darwin,164
1989,Final,Male,75-,Non-Aboriginal,Top End,7
1989,Final,Female,75-,Aboriginal,Barkly,10
1989,Final,Female,75-,Aboriginal,Big Rivers,9
1989,Final,Female,75-,Aboriginal,Central Australia,33
1989,Final,Female,75-,Aboriginal,East Arnhem,1
1989,Final,Female,75-,Aboriginal,Greater Darwin,13
1989,Final,Female,75-,Aboriginal,Top End,12
1989,Final,Female,75-,Non-Aboriginal,Barkly,4
1989,Final,Female,75-,Non-Aboriginal,Big Rivers,15
1989,Final,Female,75-,Non-Aboriginal,Central Australia,61
1989,Final,Female,75-,Non-Aboriginal,East Arnhem,0
1989,Final,Female,75-,Non-Aboriginal,Greater Darwin,195
1989,Final,Female,75-,Non-Aboriginal,Top End,4
1989,Final,Male,80-,Aboriginal,Barkly,1
1989,Final,Male,80-,Aboriginal,Big Rivers,5
1989,Final,Male,80-,Aboriginal,Central Australia,11
1989,Final,Male,80-,Aboriginal,East Arnhem,1
1989,Final,Male,80-,Aboriginal,Greater Darwin,1
1989,Final,Male,80-,Aboriginal,Top End,2
1989,Final,Male,80-,Non-Aboriginal,Barkly,2
1989,Final,Male,80-,Non-Aboriginal,Big Rivers,8
1989,Final,Male,80-,Non-Aboriginal,Central Australia,20
1989,Final,Male,80-,Non-Aboriginal,East Arnhem,0
1989,Final,Male,80-,Non-Aboriginal,Greater Darwin,73
1989,Final,Male,80-,Non-Aboriginal,Top End,2
1989,Final,Female,80-,Aboriginal,Barkly,5
1989,Final,Female,80-,Aboriginal,Big Rivers,3
1989,Final,Female,80-,Aboriginal,Central Australia,9
1989,Final,Female,80-,Aboriginal,East Arnhem,0
1989,Final,Female,80-,Aboriginal,Greater Darwin,6
1989,Final,Female,80-,Aboriginal,Top End,5
1989,Final,Female,80-,Non-Aboriginal,Barkly,4
1989,Final,Female,80-,Non-Aboriginal,Big Rivers,9
1989,Final,Female,80-,Non-Aboriginal,Central Australia,29
1989,Final,Female,80-,Non-Aboriginal,East Arnhem,0
1989,Final,Female,80-,Non-Aboriginal,Greater Darwin,79
1989,Final,Female,80-,Non-Aboriginal,Top End,3
1989,Final,Male,85+,Aboriginal,Barkly,0
1989,Final,Male,85+,Aboriginal,Big Rivers,2
1989,Final,Male,85+,Aboriginal,Central Australia,5
1989,Final,Male,85+,Aboriginal,East Arnhem,1
1989,Final,Male,85+,Aboriginal,Greater Darwin,1
1989,Final,Male,85+,Aboriginal,Top End,1
1989,Final,Male,85+,Non-Aboriginal,Barkly,5
1989,Final,Male,85+,Non-Aboriginal,Big Rivers,9
1989,Final,Male,85+,Non-Aboriginal,Central Australia,22
1989,Final,Male,85+,Non-Aboriginal,East Arnhem,1
1989,Final,Male,85+,Non-Aboriginal,Greater Darwin,29
1989,Final,Male,85+,Non-Aboriginal,Top End,2
1989,Final,Female,85+,Aboriginal,Barkly,4
1989,Final,Female,85+,Aboriginal,Big Rivers,6
1989,Final,Female,85+,Aboriginal,Central Australia,10
1989,Final,Female,85+,Aboriginal,East Arnhem,0
1989,Final,Female,85+,Aboriginal,Greater Darwin,2
1989,Final,Female,85+,Aboriginal,Top End,2
1989,Final,Female,85+,Non-Aboriginal,Barkly,3
1989,Final,Female,85+,Non-Aboriginal,Big Rivers,8
1989,Final,Female,85+,Non-Aboriginal,Central Australia,18
1989,Final,Female,85+,Non-Aboriginal,East Arnhem,0
1989,Final,Female,85+,Non-Aboriginal,Greater Darwin,85
1989,Final,Female,85+,Non-Aboriginal,Top End,2
1990,Final,Male,0-,Aboriginal,Barkly,296
1990,Final,Male,0-,Aboriginal,Big Rivers,568
1990,Final,Male,0-,Aboriginal,Central Australia,887
1990,Final,Male,0-,Aboriginal,East Arnhem,523
1990,Final,Male,0-,Aboriginal,Greater Darwin,512
1990,Final,Male,0-,Aboriginal,Top End,569
1990,Final,Male,0-,Non-Aboriginal,Barkly,108
1990,Final,Male,0-,Non-Aboriginal,Big Rivers,435
1990,Final,Male,0-,Non-Aboriginal,Central Australia,812
1990,Final,Male,0-,Non-Aboriginal,East Arnhem,184
1990,Final,Male,0-,Non-Aboriginal,Greater Darwin,3563
1990,Final,Male,0-,Non-Aboriginal,Top End,115
1990,Final,Female,0-,Aboriginal,Barkly,285
1990,Final,Female,0-,Aboriginal,Big Rivers,542
1990,Final,Female,0-,Aboriginal,Central Australia,798
1990,Final,Female,0-,Aboriginal,East Arnhem,394
1990,Final,Female,0-,Aboriginal,Greater Darwin,465
1990,Final,Female,0-,Aboriginal,Top End,569
1990,Final,Female,0-,Non-Aboriginal,Barkly,78
1990,Final,Female,0-,Non-Aboriginal,Big Rivers,414
1990,Final,Female,0-,Non-Aboriginal,Central Australia,826
1990,Final,Female,0-,Non-Aboriginal,East Arnhem,174
1990,Final,Female,0-,Non-Aboriginal,Greater Darwin,3383
1990,Final,Female,0-,Non-Aboriginal,Top End,102
1990,Final,Male,10-,Aboriginal,Barkly,228
1990,Final,Male,10-,Aboriginal,Big Rivers,397
1990,Final,Male,10-,Aboriginal,Central Australia,645
1990,Final,Male,10-,Aboriginal,East Arnhem,416
1990,Final,Male,10-,Aboriginal,Greater Darwin,551
1990,Final,Male,10-,Aboriginal,Top End,417
1990,Final,Male,10-,Non-Aboriginal,Barkly,66
1990,Final,Male,10-,Non-Aboriginal,Big Rivers,287
1990,Final,Male,10-,Non-Aboriginal,Central Australia,718
1990,Final,Male,10-,Non-Aboriginal,East Arnhem,189
1990,Final,Male,10-,Non-Aboriginal,Greater Darwin,3227
1990,Final,Male,10-,Non-Aboriginal,Top End,88
1990,Final,Female,10-,Aboriginal,Barkly,215
1990,Final,Female,10-,Aboriginal,Big Rivers,410
1990,Final,Female,10-,Aboriginal,Central Australia,674
1990,Final,Female,10-,Aboriginal,East Arnhem,369
1990,Final,Female,10-,Aboriginal,Greater Darwin,467
1990,Final,Female,10-,Aboriginal,Top End,419
1990,Final,Female,10-,Non-Aboriginal,Barkly,49
1990,Final,Female,10-,Non-Aboriginal,Big Rivers,218
1990,Final,Female,10-,Non-Aboriginal,Central Australia,612
1990,Final,Female,10-,Non-Aboriginal,East Arnhem,141
1990,Final,Female,10-,Non-Aboriginal,Greater Darwin,2978
1990,Final,Female,10-,Non-Aboriginal,Top End,52
1990,Final,Male,15-,Aboriginal,Barkly,241
1990,Final,Male,15-,Aboriginal,Big Rivers,401
1990,Final,Male,15-,Aboriginal,Central Australia,598
1990,Final,Male,15-,Aboriginal,East Arnhem,408
1990,Final,Male,15-,Aboriginal,Greater Darwin,453
1990,Final,Male,15-,Aboriginal,Top End,415
1990,Final,Male,15-,Non-Aboriginal,Barkly,153
1990,Final,Male,15-,Non-Aboriginal,Big Rivers,289
1990,Final,Male,15-,Non-Aboriginal,Central Australia,720
1990,Final,Male,15-,Non-Aboriginal,East Arnhem,136
1990,Final,Male,15-,Non-Aboriginal,Greater Darwin,3244
1990,Final,Male,15-,Non-Aboriginal,Top End,88
1990,Final,Female,15-,Aboriginal,Barkly,230
1990,Final,Female,15-,Aboriginal,Big Rivers,451
1990,Final,Female,15-,Aboriginal,Central Australia,740
1990,Final,Female,15-,Aboriginal,East Arnhem,349
1990,Final,Female,15-,Aboriginal,Greater Darwin,431
1990,Final,Female,15-,Aboriginal,Top End,475
1990,Final,Female,15-,Non-Aboriginal,Barkly,61
1990,Final,Female,15-,Non-Aboriginal,Big Rivers,158
1990,Final,Female,15-,Non-Aboriginal,Central Australia,535
1990,Final,Female,15-,Non-Aboriginal,East Arnhem,50
1990,Final,Female,15-,Non-Aboriginal,Greater Darwin,3248
1990,Final,Female,15-,Non-Aboriginal,Top End,10
1990,Final,Male,20-,Aboriginal,Barkly,195
1990,Final,Male,20-,Aboriginal,Big Rivers,394
1990,Final,Male,20-,Aboriginal,Central Australia,522
1990,Final,Male,20-,Aboriginal,East Arnhem,317
1990,Final,Male,20-,Aboriginal,Greater Darwin,319
1990,Final,Male,20-,Aboriginal,Top End,464
1990,Final,Male,20-,Non-Aboriginal,Barkly,150
1990,Final,Male,20-,Non-Aboriginal,Big Rivers,533
1990,Final,Male,20-,Non-Aboriginal,Central Australia,1003
1990,Final,Male,20-,Non-Aboriginal,East Arnhem,129
1990,Final,Male,20-,Non-Aboriginal,Greater Darwin,3889
1990,Final,Male,20-,Non-Aboriginal,Top End,170
1990,Final,Female,20-,Aboriginal,Barkly,201
1990,Final,Female,20-,Aboriginal,Big Rivers,459
1990,Final,Female,20-,Aboriginal,Central Australia,637
1990,Final,Female,20-,Aboriginal,East Arnhem,263
1990,Final,Female,20-,Aboriginal,Greater Darwin,370
1990,Final,Female,20-,Aboriginal,Top End,461
1990,Final,Female,20-,Non-Aboriginal,Barkly,145
1990,Final,Female,20-,Non-Aboriginal,Big Rivers,409
1990,Final,Female,20-,Non-Aboriginal,Central Australia,1051
1990,Final,Female,20-,Non-Aboriginal,East Arnhem,102
1990,Final,Female,20-,Non-Aboriginal,Greater Darwin,3766
1990,Final,Female,20-,Non-Aboriginal,Top End,115
1990,Final,Male,25-,Aboriginal,Barkly,193
1990,Final,Male,25-,Aboriginal,Big Rivers,395
1990,Final,Male,25-,Aboriginal,Central Australia,566
1990,Final,Male,25-,Aboriginal,East Arnhem,341
1990,Final,Male,25-,Aboriginal,Greater Darwin,353
1990,Final,Male,25-,Aboriginal,Top End,370
1990,Final,Male,25-,Non-Aboriginal,Barkly,154
1990,Final,Male,25-,Non-Aboriginal,Big Rivers,653
1990,Final,Male,25-,Non-Aboriginal,Central Australia,1363
1990,Final,Male,25-,Non-Aboriginal,East Arnhem,206
1990,Final,Male,25-,Non-Aboriginal,Greater Darwin,4418
1990,Final,Male,25-,Non-Aboriginal,Top End,256
1990,Final,Female,25-,Aboriginal,Barkly,200
1990,Final,Female,25-,Aboriginal,Big Rivers,385
1990,Final,Female,25-,Aboriginal,Central Australia,666
1990,Final,Female,25-,Aboriginal,East Arnhem,250
1990,Final,Female,25-,Aboriginal,Greater Darwin,301
1990,Final,Female,25-,Aboriginal,Top End,388
1990,Final,Female,25-,Non-Aboriginal,Barkly,133
1990,Final,Female,25-,Non-Aboriginal,Big Rivers,490
1990,Final,Female,25-,Non-Aboriginal,Central Australia,1194
1990,Final,Female,25-,Non-Aboriginal,East Arnhem,161
1990,Final,Female,25-,Non-Aboriginal,Greater Darwin,4263
1990,Final,Female,25-,Non-Aboriginal,Top End,225
1990,Final,Male,30-,Aboriginal,Barkly,133
1990,Final,Male,30-,Aboriginal,Big Rivers,275
1990,Final,Male,30-,Aboriginal,Central Australia,500
1990,Final,Male,30-,Aboriginal,East Arnhem,331
1990,Final,Male,30-,Aboriginal,Greater Darwin,267
1990,Final,Male,30-,Aboriginal,Top End,301
1990,Final,Male,30-,Non-Aboriginal,Barkly,135
1990,Final,Male,30-,Non-Aboriginal,Big Rivers,549
1990,Final,Male,30-,Non-Aboriginal,Central Australia,1182
1990,Final,Male,30-,Non-Aboriginal,East Arnhem,242
1990,Final,Male,30-,Non-Aboriginal,Greater Darwin,4138
1990,Final,Male,30-,Non-Aboriginal,Top End,236
1990,Final,Female,30-,Aboriginal,Barkly,152
1990,Final,Female,30-,Aboriginal,Big Rivers,271
1990,Final,Female,30-,Aboriginal,Central Australia,475
1990,Final,Female,30-,Aboriginal,East Arnhem,226
1990,Final,Female,30-,Aboriginal,Greater Darwin,314
1990,Final,Female,30-,Aboriginal,Top End,279
1990,Final,Female,30-,Non-Aboriginal,Barkly,102
1990,Final,Female,30-,Non-Aboriginal,Big Rivers,446
1990,Final,Female,30-,Non-Aboriginal,Central Australia,1101
1990,Final,Female,30-,Non-Aboriginal,East Arnhem,277
1990,Final,Female,30-,Non-Aboriginal,Greater Darwin,4063
1990,Final,Female,30-,Non-Aboriginal,Top End,199
1990,Final,Male,35-,Aboriginal,Barkly,111
1990,Final,Male,35-,Aboriginal,Big Rivers,229
1990,Final,Male,35-,Aboriginal,Central Australia,352
1990,Final,Male,35-,Aboriginal,East Arnhem,268
1990,Final,Male,35-,Aboriginal,Greater Darwin,242
1990,Final,Male,35-,Aboriginal,Top End,248
1990,Final,Male,35-,Non-Aboriginal,Barkly,120
1990,Final,Male,35-,Non-Aboriginal,Big Rivers,484
1990,Final,Male,35-,Non-Aboriginal,Central Australia,970
1990,Final,Male,35-,Non-Aboriginal,East Arnhem,301
1990,Final,Male,35-,Non-Aboriginal,Greater Darwin,4028
1990,Final,Male,35-,Non-Aboriginal,Top End,249
1990,Final,Female,35-,Aboriginal,Barkly,140
1990,Final,Female,35-,Aboriginal,Big Rivers,256
1990,Final,Female,35-,Aboriginal,Central Australia,398
1990,Final,Female,35-,Aboriginal,East Arnhem,237
1990,Final,Female,35-,Aboriginal,Greater Darwin,256
1990,Final,Female,35-,Aboriginal,Top End,242
1990,Final,Female,35-,Non-Aboriginal,Barkly,106
1990,Final,Female,35-,Non-Aboriginal,Big Rivers,320
1990,Final,Female,35-,Non-Aboriginal,Central Australia,902
1990,Final,Female,35-,Non-Aboriginal,East Arnhem,243
1990,Final,Female,35-,Non-Aboriginal,Greater Darwin,3690
1990,Final,Female,35-,Non-Aboriginal,Top End,160
1990,Final,Male,40-,Aboriginal,Barkly,94
1990,Final,Male,40-,Aboriginal,Big Rivers,187
1990,Final,Male,40-,Aboriginal,Central Australia,279
1990,Final,Male,40-,Aboriginal,East Arnhem,200
1990,Final,Male,40-,Aboriginal,Greater Darwin,214
1990,Final,Male,40-,Aboriginal,Top End,188
1990,Final,Male,40-,Non-Aboriginal,Barkly,138
1990,Final,Male,40-,Non-Aboriginal,Big Rivers,409
1990,Final,Male,40-,Non-Aboriginal,Central Australia,868
1990,Final,Male,40-,Non-Aboriginal,East Arnhem,298
1990,Final,Male,40-,Non-Aboriginal,Greater Darwin,3893
1990,Final,Male,40-,Non-Aboriginal,Top End,206
1990,Final,Female,40-,Aboriginal,Barkly,102
1990,Final,Female,40-,Aboriginal,Big Rivers,184
1990,Final,Female,40-,Aboriginal,Central Australia,339
1990,Final,Female,40-,Aboriginal,East Arnhem,145
1990,Final,Female,40-,Aboriginal,Greater Darwin,192
1990,Final,Female,40-,Aboriginal,Top End,175
1990,Final,Female,40-,Non-Aboriginal,Barkly,103
1990,Final,Female,40-,Non-Aboriginal,Big Rivers,235
1990,Final,Female,40-,Non-Aboriginal,Central Australia,694
1990,Final,Female,40-,Non-Aboriginal,East Arnhem,160
1990,Final,Female,40-,Non-Aboriginal,Greater Darwin,3250
1990,Final,Female,40-,Non-Aboriginal,Top End,107
1990,Final,Male,45-,Aboriginal,Barkly,56
1990,Final,Male,45-,Aboriginal,Big Rivers,100
1990,Final,Male,45-,Aboriginal,Central Australia,145
1990,Final,Male,45-,Aboriginal,East Arnhem,119
1990,Final,Male,45-,Aboriginal,Greater Darwin,134
1990,Final,Male,45-,Aboriginal,Top End,110
1990,Final,Male,45-,Non-Aboriginal,Barkly,116
1990,Final,Male,45-,Non-Aboriginal,Big Rivers,332
1990,Final,Male,45-,Non-Aboriginal,Central Australia,719
1990,Final,Male,45-,Non-Aboriginal,East Arnhem,230
1990,Final,Male,45-,Non-Aboriginal,Greater Darwin,2781
1990,Final,Male,45-,Non-Aboriginal,Top End,186
1990,Final,Female,45-,Aboriginal,Barkly,58
1990,Final,Female,45-,Aboriginal,Big Rivers,112
1990,Final,Female,45-,Aboriginal,Central Australia,204
1990,Final,Female,45-,Aboriginal,East Arnhem,81
1990,Final,Female,45-,Aboriginal,Greater Darwin,123
1990,Final,Female,45-,Aboriginal,Top End,115
1990,Final,Female,45-,Non-Aboriginal,Barkly,74
1990,Final,Female,45-,Non-Aboriginal,Big Rivers,202
1990,Final,Female,45-,Non-Aboriginal,Central Australia,591
1990,Final,Female,45-,Non-Aboriginal,East Arnhem,118
1990,Final,Female,45-,Non-Aboriginal,Greater Darwin,2078
1990,Final,Female,45-,Non-Aboriginal,Top End,106
1990,Final,Male,5-,Aboriginal,Barkly,293
1990,Final,Male,5-,Aboriginal,Big Rivers,519
1990,Final,Male,5-,Aboriginal,Central Australia,718
1990,Final,Male,5-,Aboriginal,East Arnhem,502
1990,Final,Male,5-,Aboriginal,Greater Darwin,482
1990,Final,Male,5-,Aboriginal,Top End,506
1990,Final,Male,5-,Non-Aboriginal,Barkly,68
1990,Final,Male,5-,Non-Aboriginal,Big Rivers,429
1990,Final,Male,5-,Non-Aboriginal,Central Australia,813
1990,Final,Male,5-,Non-Aboriginal,East Arnhem,239
1990,Final,Male,5-,Non-Aboriginal,Greater Darwin,3256
1990,Final,Male,5-,Non-Aboriginal,Top End,101
1990,Final,Female,5-,Aboriginal,Barkly,267
1990,Final,Female,5-,Aboriginal,Big Rivers,516
1990,Final,Female,5-,Aboriginal,Central Australia,762
1990,Final,Female,5-,Aboriginal,East Arnhem,418
1990,Final,Female,5-,Aboriginal,Greater Darwin,415
1990,Final,Female,5-,Aboriginal,Top End,539
1990,Final,Female,5-,Non-Aboriginal,Barkly,72
1990,Final,Female,5-,Non-Aboriginal,Big Rivers,362
1990,Final,Female,5-,Non-Aboriginal,Central Australia,732
1990,Final,Female,5-,Non-Aboriginal,East Arnhem,209
1990,Final,Female,5-,Non-Aboriginal,Greater Darwin,3208
1990,Final,Female,5-,Non-Aboriginal,Top End,112
1990,Final,Male,50-,Aboriginal,Barkly,53
1990,Final,Male,50-,Aboriginal,Big Rivers,86
1990,Final,Male,50-,Aboriginal,Central Australia,136
1990,Final,Male,50-,Aboriginal,East Arnhem,66
1990,Final,Male,50-,Aboriginal,Greater Darwin,60
1990,Final,Male,50-,Aboriginal,Top End,64
1990,Final,Male,50-,Non-Aboriginal,Barkly,106
1990,Final,Male,50-,Non-Aboriginal,Big Rivers,274
1990,Final,Male,50-,Non-Aboriginal,Central Australia,512
1990,Final,Male,50-,Non-Aboriginal,East Arnhem,128
1990,Final,Male,50-,Non-Aboriginal,Greater Darwin,1915
1990,Final,Male,50-,Non-Aboriginal,Top End,133
1990,Final,Female,50-,Aboriginal,Barkly,54
1990,Final,Female,50-,Aboriginal,Big Rivers,114
1990,Final,Female,50-,Aboriginal,Central Australia,175
1990,Final,Female,50-,Aboriginal,East Arnhem,44
1990,Final,Female,50-,Aboriginal,Greater Darwin,67
1990,Final,Female,50-,Aboriginal,Top End,84
1990,Final,Female,50-,Non-Aboriginal,Barkly,43
1990,Final,Female,50-,Non-Aboriginal,Big Rivers,142
1990,Final,Female,50-,Non-Aboriginal,Central Australia,395
1990,Final,Female,50-,Non-Aboriginal,East Arnhem,48
1990,Final,Female,50-,Non-Aboriginal,Greater Darwin,1314
1990,Final,Female,50-,Non-Aboriginal,Top End,65
1990,Final,Male,55-,Aboriginal,Barkly,24
1990,Final,Male,55-,Aboriginal,Big Rivers,77
1990,Final,Male,55-,Aboriginal,Central Australia,92
1990,Final,Male,55-,Aboriginal,East Arnhem,38
1990,Final,Male,55-,Aboriginal,Greater Darwin,36
1990,Final,Male,55-,Aboriginal,Top End,56
1990,Final,Male,55-,Non-Aboriginal,Barkly,72
1990,Final,Male,55-,Non-Aboriginal,Big Rivers,202
1990,Final,Male,55-,Non-Aboriginal,Central Australia,356
1990,Final,Male,55-,Non-Aboriginal,East Arnhem,68
1990,Final,Male,55-,Non-Aboriginal,Greater Darwin,1178
1990,Final,Male,55-,Non-Aboriginal,Top End,100
1990,Final,Female,55-,Aboriginal,Barkly,30
1990,Final,Female,55-,Aboriginal,Big Rivers,97
1990,Final,Female,55-,Aboriginal,Central Australia,144
1990,Final,Female,55-,Aboriginal,East Arnhem,39
1990,Final,Female,55-,Aboriginal,Greater Darwin,39
1990,Final,Female,55-,Aboriginal,Top End,73
1990,Final,Female,55-,Non-Aboriginal,Barkly,45
1990,Final,Female,55-,Non-Aboriginal,Big Rivers,103
1990,Final,Female,55-,Non-Aboriginal,Central Australia,251
1990,Final,Female,55-,Non-Aboriginal,East Arnhem,20
1990,Final,Female,55-,Non-Aboriginal,Greater Darwin,856
1990,Final,Female,55-,Non-Aboriginal,Top End,66
1990,Final,Male,60-,Aboriginal,Barkly,28
1990,Final,Male,60-,Aboriginal,Big Rivers,53
1990,Final,Male,60-,Aboriginal,Central Australia,95
1990,Final,Male,60-,Aboriginal,East Arnhem,22
1990,Final,Male,60-,Aboriginal,Greater Darwin,33
1990,Final,Male,60-,Aboriginal,Top End,43
1990,Final,Male,60-,Non-Aboriginal,Barkly,72
1990,Final,Male,60-,Non-Aboriginal,Big Rivers,165
1990,Final,Male,60-,Non-Aboriginal,Central Australia,258
1990,Final,Male,60-,Non-Aboriginal,East Arnhem,23
1990,Final,Male,60-,Non-Aboriginal,Greater Darwin,892
1990,Final,Male,60-,Non-Aboriginal,Top End,82
1990,Final,Female,60-,Aboriginal,Barkly,47
1990,Final,Female,60-,Aboriginal,Big Rivers,77
1990,Final,Female,60-,Aboriginal,Central Australia,121
1990,Final,Female,60-,Aboriginal,East Arnhem,19
1990,Final,Female,60-,Aboriginal,Greater Darwin,35
1990,Final,Female,60-,Aboriginal,Top End,62
1990,Final,Female,60-,Non-Aboriginal,Barkly,23
1990,Final,Female,60-,Non-Aboriginal,Big Rivers,81
1990,Final,Female,60-,Non-Aboriginal,Central Australia,180
1990,Final,Female,60-,Non-Aboriginal,East Arnhem,2
1990,Final,Female,60-,Non-Aboriginal,Greater Darwin,612
1990,Final,Female,60-,Non-Aboriginal,Top End,43
1990,Final,Male,65-,Aboriginal,Barkly,26
1990,Final,Male,65-,Aboriginal,Big Rivers,40
1990,Final,Male,65-,Aboriginal,Central Australia,59
1990,Final,Male,65-,Aboriginal,East Arnhem,21
1990,Final,Male,65-,Aboriginal,Greater Darwin,16
1990,Final,Male,65-,Aboriginal,Top End,20
1990,Final,Male,65-,Non-Aboriginal,Barkly,33
1990,Final,Male,65-,Non-Aboriginal,Big Rivers,96
1990,Final,Male,65-,Non-Aboriginal,Central Australia,162
1990,Final,Male,65-,Non-Aboriginal,East Arnhem,3
1990,Final,Male,65-,Non-Aboriginal,Greater Darwin,503
1990,Final,Male,65-,Non-Aboriginal,Top End,41
1990,Final,Female,65-,Aboriginal,Barkly,27
1990,Final,Female,65-,Aboriginal,Big Rivers,53
1990,Final,Female,65-,Aboriginal,Central Australia,80
1990,Final,Female,65-,Aboriginal,East Arnhem,12
1990,Final,Female,65-,Aboriginal,Greater Darwin,30
1990,Final,Female,65-,Aboriginal,Top End,34
1990,Final,Female,65-,Non-Aboriginal,Barkly,18
1990,Final,Female,65-,Non-Aboriginal,Big Rivers,60
1990,Final,Female,65-,Non-Aboriginal,Central Australia,128
1990,Final,Female,65-,Non-Aboriginal,East Arnhem,3
1990,Final,Female,65-,Non-Aboriginal,Greater Darwin,452
1990,Final,Female,65-,Non-Aboriginal,Top End,33
1990,Final,Male,70-,Aboriginal,Barkly,13
1990,Final,Male,70-,Aboriginal,Big Rivers,22
1990,Final,Male,70-,Aboriginal,Central Australia,37
1990,Final,Male,70-,Aboriginal,East Arnhem,13
1990,Final,Male,70-,Aboriginal,Greater Darwin,12
1990,Final,Male,70-,Aboriginal,Top End,12
1990,Final,Male,70-,Non-Aboriginal,Barkly,16
1990,Final,Male,70-,Non-Aboriginal,Big Rivers,55
1990,Final,Male,70-,Non-Aboriginal,Central Australia,79
1990,Final,Male,70-,Non-Aboriginal,East Arnhem,0
1990,Final,Male,70-,Non-Aboriginal,Greater Darwin,305
1990,Final,Male,70-,Non-Aboriginal,Top End,20
1990,Final,Female,70-,Aboriginal,Barkly,21
1990,Final,Female,70-,Aboriginal,Big Rivers,42
1990,Final,Female,70-,Aboriginal,Central Australia,77
1990,Final,Female,70-,Aboriginal,East Arnhem,9
1990,Final,Female,70-,Aboriginal,Greater Darwin,21
1990,Final,Female,70-,Aboriginal,Top End,20
1990,Final,Female,70-,Non-Aboriginal,Barkly,5
1990,Final,Female,70-,Non-Aboriginal,Big Rivers,31
1990,Final,Female,70-,Non-Aboriginal,Central Australia,84
1990,Final,Female,70-,Non-Aboriginal,East Arnhem,0
1990,Final,Female,70-,Non-Aboriginal,Greater Darwin,318
1990,Final,Female,70-,Non-Aboriginal,Top End,14
1990,Final,Male,75-,Aboriginal,Barkly,6
1990,Final,Male,75-,Aboriginal,Big Rivers,13
1990,Final,Male,75-,Aboriginal,Central Australia,22
1990,Final,Male,75-,Aboriginal,East Arnhem,5
1990,Final,Male,75-,Aboriginal,Greater Darwin,4
1990,Final,Male,75-,Aboriginal,Top End,7
1990,Final,Male,75-,Non-Aboriginal,Barkly,6
1990,Final,Male,75-,Non-Aboriginal,Big Rivers,27
1990,Final,Male,75-,Non-Aboriginal,Central Australia,45
1990,Final,Male,75-,Non-Aboriginal,East Arnhem,0
1990,Final,Male,75-,Non-Aboriginal,Greater Darwin,165
1990,Final,Male,75-,Non-Aboriginal,Top End,7
1990,Final,Female,75-,Aboriginal,Barkly,11
1990,Final,Female,75-,Aboriginal,Big Rivers,10
1990,Final,Female,75-,Aboriginal,Central Australia,34
1990,Final,Female,75-,Aboriginal,East Arnhem,1
1990,Final,Female,75-,Aboriginal,Greater Darwin,14
1990,Final,Female,75-,Aboriginal,Top End,13
1990,Final,Female,75-,Non-Aboriginal,Barkly,4
1990,Final,Female,75-,Non-Aboriginal,Big Rivers,15
1990,Final,Female,75-,Non-Aboriginal,Central Australia,58
1990,Final,Female,75-,Non-Aboriginal,East Arnhem,0
1990,Final,Female,75-,Non-Aboriginal,Greater Darwin,188
1990,Final,Female,75-,Non-Aboriginal,Top End,4
1990,Final,Male,80-,Aboriginal,Barkly,2
1990,Final,Male,80-,Aboriginal,Big Rivers,7
1990,Final,Male,80-,Aboriginal,Central Australia,14
1990,Final,Male,80-,Aboriginal,East Arnhem,2
1990,Final,Male,80-,Aboriginal,Greater Darwin,2
1990,Final,Male,80-,Aboriginal,Top End,2
1990,Final,Male,80-,Non-Aboriginal,Barkly,2
1990,Final,Male,80-,Non-Aboriginal,Big Rivers,9
1990,Final,Male,80-,Non-Aboriginal,Central Australia,21
1990,Final,Male,80-,Non-Aboriginal,East Arnhem,0
1990,Final,Male,80-,Non-Aboriginal,Greater Darwin,83
1990,Final,Male,80-,Non-Aboriginal,Top End,2
1990,Final,Female,80-,Aboriginal,Barkly,6
1990,Final,Female,80-,Aboriginal,Big Rivers,3
1990,Final,Female,80-,Aboriginal,Central Australia,9
1990,Final,Female,80-,Aboriginal,East Arnhem,0
1990,Final,Female,80-,Aboriginal,Greater Darwin,6
1990,Final,Female,80-,Aboriginal,Top End,6
1990,Final,Female,80-,Non-Aboriginal,Barkly,4
1990,Final,Female,80-,Non-Aboriginal,Big Rivers,9
1990,Final,Female,80-,Non-Aboriginal,Central Australia,31
1990,Final,Female,80-,Non-Aboriginal,East Arnhem,0
1990,Final,Female,80-,Non-Aboriginal,Greater Darwin,87
1990,Final,Female,80-,Non-Aboriginal,Top End,3
1990,Final,Male,85+,Aboriginal,Barkly,0
1990,Final,Male,85+,Aboriginal,Big Rivers,3
1990,Final,Male,85+,Aboriginal,Central Australia,5
1990,Final,Male,85+,Aboriginal,East Arnhem,2
1990,Final,Male,85+,Aboriginal,Greater Darwin,1
1990,Final,Male,85+,Aboriginal,Top End,2
1990,Final,Male,85+,Non-Aboriginal,Barkly,6
1990,Final,Male,85+,Non-Aboriginal,Big Rivers,9
1990,Final,Male,85+,Non-Aboriginal,Central Australia,23
1990,Final,Male,85+,Non-Aboriginal,East Arnhem,1
1990,Final,Male,85+,Non-Aboriginal,Greater Darwin,30
1990,Final,Male,85+,Non-Aboriginal,Top End,2
1990,Final,Female,85+,Aboriginal,Barkly,5
1990,Final,Female,85+,Aboriginal,Big Rivers,7
1990,Final,Female,85+,Aboriginal,Central Australia,11
1990,Final,Female,85+,Aboriginal,East Arnhem,0
1990,Final,Female,85+,Aboriginal,Greater Darwin,2
1990,Final,Female,85+,Aboriginal,Top End,2
1990,Final,Female,85+,Non-Aboriginal,Barkly,3
1990,Final,Female,85+,Non-Aboriginal,Big Rivers,8
1990,Final,Female,85+,Non-Aboriginal,Central Australia,20
1990,Final,Female,85+,Non-Aboriginal,East Arnhem,0
1990,Final,Female,85+,Non-Aboriginal,Greater Darwin,90
1990,Final,Female,85+,Non-Aboriginal,Top End,2
1991,Final,Male,0-,Aboriginal,Barkly,307
1991,Final,Male,0-,Aboriginal,Big Rivers,589
1991,Final,Male,0-,Aboriginal,Central Australia,921
1991,Final,Male,0-,Aboriginal,East Arnhem,543
1991,Final,Male,0-,Aboriginal,Greater Darwin,532
1991,Final,Male,0-,Aboriginal,Top End,590
1991,Final,Male,0-,Non-Aboriginal,Barkly,104
1991,Final,Male,0-,Non-Aboriginal,Big Rivers,420
1991,Final,Male,0-,Non-Aboriginal,Central Australia,784
1991,Final,Male,0-,Non-Aboriginal,East Arnhem,178
1991,Final,Male,0-,Non-Aboriginal,Greater Darwin,3441
1991,Final,Male,0-,Non-Aboriginal,Top End,111
1991,Final,Female,0-,Aboriginal,Barkly,294
1991,Final,Female,0-,Aboriginal,Big Rivers,560
1991,Final,Female,0-,Aboriginal,Central Australia,824
1991,Final,Female,0-,Aboriginal,East Arnhem,407
1991,Final,Female,0-,Aboriginal,Greater Darwin,480
1991,Final,Female,0-,Aboriginal,Top End,588
1991,Final,Female,0-,Non-Aboriginal,Barkly,76
1991,Final,Female,0-,Non-Aboriginal,Big Rivers,403
1991,Final,Female,0-,Non-Aboriginal,Central Australia,804
1991,Final,Female,0-,Non-Aboriginal,East Arnhem,169
1991,Final,Female,0-,Non-Aboriginal,Greater Darwin,3291
1991,Final,Female,0-,Non-Aboriginal,Top End,99
1991,Final,Male,10-,Aboriginal,Barkly,236
1991,Final,Male,10-,Aboriginal,Big Rivers,410
1991,Final,Male,10-,Aboriginal,Central Australia,666
1991,Final,Male,10-,Aboriginal,East Arnhem,430
1991,Final,Male,10-,Aboriginal,Greater Darwin,569
1991,Final,Male,10-,Aboriginal,Top End,431
1991,Final,Male,10-,Non-Aboriginal,Barkly,65
1991,Final,Male,10-,Non-Aboriginal,Big Rivers,282
1991,Final,Male,10-,Non-Aboriginal,Central Australia,705
1991,Final,Male,10-,Non-Aboriginal,East Arnhem,186
1991,Final,Male,10-,Non-Aboriginal,Greater Darwin,3166
1991,Final,Male,10-,Non-Aboriginal,Top End,86
1991,Final,Female,10-,Aboriginal,Barkly,224
1991,Final,Female,10-,Aboriginal,Big Rivers,428
1991,Final,Female,10-,Aboriginal,Central Australia,703
1991,Final,Female,10-,Aboriginal,East Arnhem,385
1991,Final,Female,10-,Aboriginal,Greater Darwin,487
1991,Final,Female,10-,Aboriginal,Top End,437
1991,Final,Female,10-,Non-Aboriginal,Barkly,48
1991,Final,Female,10-,Non-Aboriginal,Big Rivers,214
1991,Final,Female,10-,Non-Aboriginal,Central Australia,600
1991,Final,Female,10-,Non-Aboriginal,East Arnhem,138
1991,Final,Female,10-,Non-Aboriginal,Greater Darwin,2916
1991,Final,Female,10-,Non-Aboriginal,Top End,51
1991,Final,Male,15-,Aboriginal,Barkly,245
1991,Final,Male,15-,Aboriginal,Big Rivers,407
1991,Final,Male,15-,Aboriginal,Central Australia,607
1991,Final,Male,15-,Aboriginal,East Arnhem,414
1991,Final,Male,15-,Aboriginal,Greater Darwin,460
1991,Final,Male,15-,Aboriginal,Top End,421
1991,Final,Male,15-,Non-Aboriginal,Barkly,148
1991,Final,Male,15-,Non-Aboriginal,Big Rivers,280
1991,Final,Male,15-,Non-Aboriginal,Central Australia,698
1991,Final,Male,15-,Non-Aboriginal,East Arnhem,132
1991,Final,Male,15-,Non-Aboriginal,Greater Darwin,3142
1991,Final,Male,15-,Non-Aboriginal,Top End,85
1991,Final,Female,15-,Aboriginal,Barkly,228
1991,Final,Female,15-,Aboriginal,Big Rivers,447
1991,Final,Female,15-,Aboriginal,Central Australia,733
1991,Final,Female,15-,Aboriginal,East Arnhem,346
1991,Final,Female,15-,Aboriginal,Greater Darwin,428
1991,Final,Female,15-,Aboriginal,Top End,471
1991,Final,Female,15-,Non-Aboriginal,Barkly,58
1991,Final,Female,15-,Non-Aboriginal,Big Rivers,149
1991,Final,Female,15-,Non-Aboriginal,Central Australia,506
1991,Final,Female,15-,Non-Aboriginal,East Arnhem,47
1991,Final,Female,15-,Non-Aboriginal,Greater Darwin,3070
1991,Final,Female,15-,Non-Aboriginal,Top End,9
1991,Final,Male,20-,Aboriginal,Barkly,210
1991,Final,Male,20-,Aboriginal,Big Rivers,423
1991,Final,Male,20-,Aboriginal,Central Australia,561
1991,Final,Male,20-,Aboriginal,East Arnhem,341
1991,Final,Male,20-,Aboriginal,Greater Darwin,343
1991,Final,Male,20-,Aboriginal,Top End,499
1991,Final,Male,20-,Non-Aboriginal,Barkly,149
1991,Final,Male,20-,Non-Aboriginal,Big Rivers,529
1991,Final,Male,20-,Non-Aboriginal,Central Australia,996
1991,Final,Male,20-,Non-Aboriginal,East Arnhem,128
1991,Final,Male,20-,Non-Aboriginal,Greater Darwin,3859
1991,Final,Male,20-,Non-Aboriginal,Top End,169
1991,Final,Female,20-,Aboriginal,Barkly,220
1991,Final,Female,20-,Aboriginal,Big Rivers,502
1991,Final,Female,20-,Aboriginal,Central Australia,697
1991,Final,Female,20-,Aboriginal,East Arnhem,288
1991,Final,Female,20-,Aboriginal,Greater Darwin,405
1991,Final,Female,20-,Aboriginal,Top End,504
1991,Final,Female,20-,Non-Aboriginal,Barkly,150
1991,Final,Female,20-,Non-Aboriginal,Big Rivers,423
1991,Final,Female,20-,Non-Aboriginal,Central Australia,1086
1991,Final,Female,20-,Non-Aboriginal,East Arnhem,105
1991,Final,Female,20-,Non-Aboriginal,Greater Darwin,3891
1991,Final,Female,20-,Non-Aboriginal,Top End,119
1991,Final,Male,25-,Aboriginal,Barkly,199
1991,Final,Male,25-,Aboriginal,Big Rivers,408
1991,Final,Male,25-,Aboriginal,Central Australia,585
1991,Final,Male,25-,Aboriginal,East Arnhem,352
1991,Final,Male,25-,Aboriginal,Greater Darwin,365
1991,Final,Male,25-,Aboriginal,Top End,382
1991,Final,Male,25-,Non-Aboriginal,Barkly,145
1991,Final,Male,25-,Non-Aboriginal,Big Rivers,616
1991,Final,Male,25-,Non-Aboriginal,Central Australia,1286
1991,Final,Male,25-,Non-Aboriginal,East Arnhem,194
1991,Final,Male,25-,Non-Aboriginal,Greater Darwin,4169
1991,Final,Male,25-,Non-Aboriginal,Top End,242
1991,Final,Female,25-,Aboriginal,Barkly,207
1991,Final,Female,25-,Aboriginal,Big Rivers,398
1991,Final,Female,25-,Aboriginal,Central Australia,687
1991,Final,Female,25-,Aboriginal,East Arnhem,258
1991,Final,Female,25-,Aboriginal,Greater Darwin,311
1991,Final,Female,25-,Aboriginal,Top End,401
1991,Final,Female,25-,Non-Aboriginal,Barkly,130
1991,Final,Female,25-,Non-Aboriginal,Big Rivers,479
1991,Final,Female,25-,Non-Aboriginal,Central Australia,1168
1991,Final,Female,25-,Non-Aboriginal,East Arnhem,158
1991,Final,Female,25-,Non-Aboriginal,Greater Darwin,4169
1991,Final,Female,25-,Non-Aboriginal,Top End,220
1991,Final,Male,30-,Aboriginal,Barkly,152
1991,Final,Male,30-,Aboriginal,Big Rivers,315
1991,Final,Male,30-,Aboriginal,Central Australia,573
1991,Final,Male,30-,Aboriginal,East Arnhem,380
1991,Final,Male,30-,Aboriginal,Greater Darwin,307
1991,Final,Male,30-,Aboriginal,Top End,345
1991,Final,Male,30-,Non-Aboriginal,Barkly,137
1991,Final,Male,30-,Non-Aboriginal,Big Rivers,557
1991,Final,Male,30-,Non-Aboriginal,Central Australia,1199
1991,Final,Male,30-,Non-Aboriginal,East Arnhem,246
1991,Final,Male,30-,Non-Aboriginal,Greater Darwin,4198
1991,Final,Male,30-,Non-Aboriginal,Top End,239
1991,Final,Female,30-,Aboriginal,Barkly,166
1991,Final,Female,30-,Aboriginal,Big Rivers,296
1991,Final,Female,30-,Aboriginal,Central Australia,520
1991,Final,Female,30-,Aboriginal,East Arnhem,247
1991,Final,Female,30-,Aboriginal,Greater Darwin,344
1991,Final,Female,30-,Aboriginal,Top End,305
1991,Final,Female,30-,Non-Aboriginal,Barkly,103
1991,Final,Female,30-,Non-Aboriginal,Big Rivers,449
1991,Final,Female,30-,Non-Aboriginal,Central Australia,1108
1991,Final,Female,30-,Non-Aboriginal,East Arnhem,279
1991,Final,Female,30-,Non-Aboriginal,Greater Darwin,4090
1991,Final,Female,30-,Non-Aboriginal,Top End,200
1991,Final,Male,35-,Aboriginal,Barkly,120
1991,Final,Male,35-,Aboriginal,Big Rivers,248
1991,Final,Male,35-,Aboriginal,Central Australia,382
1991,Final,Male,35-,Aboriginal,East Arnhem,291
1991,Final,Male,35-,Aboriginal,Greater Darwin,262
1991,Final,Male,35-,Aboriginal,Top End,269
1991,Final,Male,35-,Non-Aboriginal,Barkly,118
1991,Final,Male,35-,Non-Aboriginal,Big Rivers,475
1991,Final,Male,35-,Non-Aboriginal,Central Australia,952
1991,Final,Male,35-,Non-Aboriginal,East Arnhem,295
1991,Final,Male,35-,Non-Aboriginal,Greater Darwin,3951
1991,Final,Male,35-,Non-Aboriginal,Top End,244
1991,Final,Female,35-,Aboriginal,Barkly,146
1991,Final,Female,35-,Aboriginal,Big Rivers,267
1991,Final,Female,35-,Aboriginal,Central Australia,416
1991,Final,Female,35-,Aboriginal,East Arnhem,248
1991,Final,Female,35-,Aboriginal,Greater Darwin,267
1991,Final,Female,35-,Aboriginal,Top End,253
1991,Final,Female,35-,Non-Aboriginal,Barkly,105
1991,Final,Female,35-,Non-Aboriginal,Big Rivers,317
1991,Final,Female,35-,Non-Aboriginal,Central Australia,894
1991,Final,Female,35-,Non-Aboriginal,East Arnhem,241
1991,Final,Female,35-,Non-Aboriginal,Greater Darwin,3658
1991,Final,Female,35-,Non-Aboriginal,Top End,159
1991,Final,Male,40-,Aboriginal,Barkly,103
1991,Final,Male,40-,Aboriginal,Big Rivers,205
1991,Final,Male,40-,Aboriginal,Central Australia,306
1991,Final,Male,40-,Aboriginal,East Arnhem,219
1991,Final,Male,40-,Aboriginal,Greater Darwin,236
1991,Final,Male,40-,Aboriginal,Top End,206
1991,Final,Male,40-,Non-Aboriginal,Barkly,140
1991,Final,Male,40-,Non-Aboriginal,Big Rivers,416
1991,Final,Male,40-,Non-Aboriginal,Central Australia,883
1991,Final,Male,40-,Non-Aboriginal,East Arnhem,303
1991,Final,Male,40-,Non-Aboriginal,Greater Darwin,3962
1991,Final,Male,40-,Non-Aboriginal,Top End,210
1991,Final,Female,40-,Aboriginal,Barkly,111
1991,Final,Female,40-,Aboriginal,Big Rivers,200
1991,Final,Female,40-,Aboriginal,Central Australia,368
1991,Final,Female,40-,Aboriginal,East Arnhem,157
1991,Final,Female,40-,Aboriginal,Greater Darwin,209
1991,Final,Female,40-,Aboriginal,Top End,190
1991,Final,Female,40-,Non-Aboriginal,Barkly,107
1991,Final,Female,40-,Non-Aboriginal,Big Rivers,244
1991,Final,Female,40-,Non-Aboriginal,Central Australia,719
1991,Final,Female,40-,Non-Aboriginal,East Arnhem,166
1991,Final,Female,40-,Non-Aboriginal,Greater Darwin,3368
1991,Final,Female,40-,Non-Aboriginal,Top End,111
1991,Final,Male,45-,Aboriginal,Barkly,58
1991,Final,Male,45-,Aboriginal,Big Rivers,104
1991,Final,Male,45-,Aboriginal,Central Australia,151
1991,Final,Male,45-,Aboriginal,East Arnhem,124
1991,Final,Male,45-,Aboriginal,Greater Darwin,140
1991,Final,Male,45-,Aboriginal,Top End,115
1991,Final,Male,45-,Non-Aboriginal,Barkly,119
1991,Final,Male,45-,Non-Aboriginal,Big Rivers,340
1991,Final,Male,45-,Non-Aboriginal,Central Australia,736
1991,Final,Male,45-,Non-Aboriginal,East Arnhem,235
1991,Final,Male,45-,Non-Aboriginal,Greater Darwin,2846
1991,Final,Male,45-,Non-Aboriginal,Top End,190
1991,Final,Female,45-,Aboriginal,Barkly,62
1991,Final,Female,45-,Aboriginal,Big Rivers,120
1991,Final,Female,45-,Aboriginal,Central Australia,219
1991,Final,Female,45-,Aboriginal,East Arnhem,87
1991,Final,Female,45-,Aboriginal,Greater Darwin,134
1991,Final,Female,45-,Aboriginal,Top End,124
1991,Final,Female,45-,Non-Aboriginal,Barkly,78
1991,Final,Female,45-,Non-Aboriginal,Big Rivers,214
1991,Final,Female,45-,Non-Aboriginal,Central Australia,626
1991,Final,Female,45-,Non-Aboriginal,East Arnhem,125
1991,Final,Female,45-,Non-Aboriginal,Greater Darwin,2200
1991,Final,Female,45-,Non-Aboriginal,Top End,112
1991,Final,Male,5-,Aboriginal,Barkly,307
1991,Final,Male,5-,Aboriginal,Big Rivers,544
1991,Final,Male,5-,Aboriginal,Central Australia,753
1991,Final,Male,5-,Aboriginal,East Arnhem,526
1991,Final,Male,5-,Aboriginal,Greater Darwin,505
1991,Final,Male,5-,Aboriginal,Top End,531
1991,Final,Male,5-,Non-Aboriginal,Barkly,67
1991,Final,Male,5-,Non-Aboriginal,Big Rivers,423
1991,Final,Male,5-,Non-Aboriginal,Central Australia,801
1991,Final,Male,5-,Non-Aboriginal,East Arnhem,235
1991,Final,Male,5-,Non-Aboriginal,Greater Darwin,3206
1991,Final,Male,5-,Non-Aboriginal,Top End,100
1991,Final,Female,5-,Aboriginal,Barkly,279
1991,Final,Female,5-,Aboriginal,Big Rivers,540
1991,Final,Female,5-,Aboriginal,Central Australia,797
1991,Final,Female,5-,Aboriginal,East Arnhem,437
1991,Final,Female,5-,Aboriginal,Greater Darwin,435
1991,Final,Female,5-,Aboriginal,Top End,564
1991,Final,Female,5-,Non-Aboriginal,Barkly,71
1991,Final,Female,5-,Non-Aboriginal,Big Rivers,359
1991,Final,Female,5-,Non-Aboriginal,Central Australia,725
1991,Final,Female,5-,Non-Aboriginal,East Arnhem,207
1991,Final,Female,5-,Non-Aboriginal,Greater Darwin,3178
1991,Final,Female,5-,Non-Aboriginal,Top End,111
1991,Final,Male,50-,Aboriginal,Barkly,57
1991,Final,Male,50-,Aboriginal,Big Rivers,93
1991,Final,Male,50-,Aboriginal,Central Australia,146
1991,Final,Male,50-,Aboriginal,East Arnhem,71
1991,Final,Male,50-,Aboriginal,Greater Darwin,65
1991,Final,Male,50-,Aboriginal,Top End,69
1991,Final,Male,50-,Non-Aboriginal,Barkly,112
1991,Final,Male,50-,Non-Aboriginal,Big Rivers,290
1991,Final,Male,50-,Non-Aboriginal,Central Australia,541
1991,Final,Male,50-,Non-Aboriginal,East Arnhem,135
1991,Final,Male,50-,Non-Aboriginal,Greater Darwin,2025
1991,Final,Male,50-,Non-Aboriginal,Top End,141
1991,Final,Female,50-,Aboriginal,Barkly,59
1991,Final,Female,50-,Aboriginal,Big Rivers,126
1991,Final,Female,50-,Aboriginal,Central Australia,193
1991,Final,Female,50-,Aboriginal,East Arnhem,49
1991,Final,Female,50-,Aboriginal,Greater Darwin,74
1991,Final,Female,50-,Aboriginal,Top End,92
1991,Final,Female,50-,Non-Aboriginal,Barkly,44
1991,Final,Female,50-,Non-Aboriginal,Big Rivers,147
1991,Final,Female,50-,Non-Aboriginal,Central Australia,409
1991,Final,Female,50-,Non-Aboriginal,East Arnhem,50
1991,Final,Female,50-,Non-Aboriginal,Greater Darwin,1360
1991,Final,Female,50-,Non-Aboriginal,Top End,67
1991,Final,Male,55-,Aboriginal,Barkly,26
1991,Final,Male,55-,Aboriginal,Big Rivers,83
1991,Final,Male,55-,Aboriginal,Central Australia,99
1991,Final,Male,55-,Aboriginal,East Arnhem,41
1991,Final,Male,55-,Aboriginal,Greater Darwin,39
1991,Final,Male,55-,Aboriginal,Top End,60
1991,Final,Male,55-,Non-Aboriginal,Barkly,75
1991,Final,Male,55-,Non-Aboriginal,Big Rivers,210
1991,Final,Male,55-,Non-Aboriginal,Central Australia,371
1991,Final,Male,55-,Non-Aboriginal,East Arnhem,71
1991,Final,Male,55-,Non-Aboriginal,Greater Darwin,1227
1991,Final,Male,55-,Non-Aboriginal,Top End,104
1991,Final,Female,55-,Aboriginal,Barkly,33
1991,Final,Female,55-,Aboriginal,Big Rivers,105
1991,Final,Female,55-,Aboriginal,Central Australia,157
1991,Final,Female,55-,Aboriginal,East Arnhem,42
1991,Final,Female,55-,Aboriginal,Greater Darwin,43
1991,Final,Female,55-,Aboriginal,Top End,79
1991,Final,Female,55-,Non-Aboriginal,Barkly,44
1991,Final,Female,55-,Non-Aboriginal,Big Rivers,102
1991,Final,Female,55-,Non-Aboriginal,Central Australia,249
1991,Final,Female,55-,Non-Aboriginal,East Arnhem,20
1991,Final,Female,55-,Non-Aboriginal,Greater Darwin,847
1991,Final,Female,55-,Non-Aboriginal,Top End,65
1991,Final,Male,60-,Aboriginal,Barkly,29
1991,Final,Male,60-,Aboriginal,Big Rivers,55
1991,Final,Male,60-,Aboriginal,Central Australia,98
1991,Final,Male,60-,Aboriginal,East Arnhem,23
1991,Final,Male,60-,Aboriginal,Greater Darwin,34
1991,Final,Male,60-,Aboriginal,Top End,44
1991,Final,Male,60-,Non-Aboriginal,Barkly,71
1991,Final,Male,60-,Non-Aboriginal,Big Rivers,163
1991,Final,Male,60-,Non-Aboriginal,Central Australia,254
1991,Final,Male,60-,Non-Aboriginal,East Arnhem,23
1991,Final,Male,60-,Non-Aboriginal,Greater Darwin,879
1991,Final,Male,60-,Non-Aboriginal,Top End,81
1991,Final,Female,60-,Aboriginal,Barkly,52
1991,Final,Female,60-,Aboriginal,Big Rivers,85
1991,Final,Female,60-,Aboriginal,Central Australia,134
1991,Final,Female,60-,Aboriginal,East Arnhem,21
1991,Final,Female,60-,Aboriginal,Greater Darwin,40
1991,Final,Female,60-,Aboriginal,Top End,69
1991,Final,Female,60-,Non-Aboriginal,Barkly,23
1991,Final,Female,60-,Non-Aboriginal,Big Rivers,80
1991,Final,Female,60-,Non-Aboriginal,Central Australia,177
1991,Final,Female,60-,Non-Aboriginal,East Arnhem,2
1991,Final,Female,60-,Non-Aboriginal,Greater Darwin,603
1991,Final,Female,60-,Non-Aboriginal,Top End,42
1991,Final,Male,65-,Aboriginal,Barkly,29
1991,Final,Male,65-,Aboriginal,Big Rivers,44
1991,Final,Male,65-,Aboriginal,Central Australia,65
1991,Final,Male,65-,Aboriginal,East Arnhem,23
1991,Final,Male,65-,Aboriginal,Greater Darwin,18
1991,Final,Male,65-,Aboriginal,Top End,22
1991,Final,Male,65-,Non-Aboriginal,Barkly,34
1991,Final,Male,65-,Non-Aboriginal,Big Rivers,97
1991,Final,Male,65-,Non-Aboriginal,Central Australia,163
1991,Final,Male,65-,Non-Aboriginal,East Arnhem,3
1991,Final,Male,65-,Non-Aboriginal,Greater Darwin,509
1991,Final,Male,65-,Non-Aboriginal,Top End,42
1991,Final,Female,65-,Aboriginal,Barkly,27
1991,Final,Female,65-,Aboriginal,Big Rivers,53
1991,Final,Female,65-,Aboriginal,Central Australia,81
1991,Final,Female,65-,Aboriginal,East Arnhem,12
1991,Final,Female,65-,Aboriginal,Greater Darwin,31
1991,Final,Female,65-,Aboriginal,Top End,34
1991,Final,Female,65-,Non-Aboriginal,Barkly,17
1991,Final,Female,65-,Non-Aboriginal,Big Rivers,55
1991,Final,Female,65-,Non-Aboriginal,Central Australia,117
1991,Final,Female,65-,Non-Aboriginal,East Arnhem,3
1991,Final,Female,65-,Non-Aboriginal,Greater Darwin,414
1991,Final,Female,65-,Non-Aboriginal,Top End,30
1991,Final,Male,70-,Aboriginal,Barkly,14
1991,Final,Male,70-,Aboriginal,Big Rivers,23
1991,Final,Male,70-,Aboriginal,Central Australia,38
1991,Final,Male,70-,Aboriginal,East Arnhem,14
1991,Final,Male,70-,Aboriginal,Greater Darwin,13
1991,Final,Male,70-,Aboriginal,Top End,12
1991,Final,Male,70-,Non-Aboriginal,Barkly,15
1991,Final,Male,70-,Non-Aboriginal,Big Rivers,53
1991,Final,Male,70-,Non-Aboriginal,Central Australia,76
1991,Final,Male,70-,Non-Aboriginal,East Arnhem,0
1991,Final,Male,70-,Non-Aboriginal,Greater Darwin,291
1991,Final,Male,70-,Non-Aboriginal,Top End,19
1991,Final,Female,70-,Aboriginal,Barkly,22
1991,Final,Female,70-,Aboriginal,Big Rivers,44
1991,Final,Female,70-,Aboriginal,Central Australia,81
1991,Final,Female,70-,Aboriginal,East Arnhem,9
1991,Final,Female,70-,Aboriginal,Greater Darwin,23
1991,Final,Female,70-,Aboriginal,Top End,21
1991,Final,Female,70-,Non-Aboriginal,Barkly,5
1991,Final,Female,70-,Non-Aboriginal,Big Rivers,28
1991,Final,Female,70-,Non-Aboriginal,Central Australia,77
1991,Final,Female,70-,Non-Aboriginal,East Arnhem,0
1991,Final,Female,70-,Non-Aboriginal,Greater Darwin,292
1991,Final,Female,70-,Non-Aboriginal,Top End,13
1991,Final,Male,75-,Aboriginal,Barkly,7
1991,Final,Male,75-,Aboriginal,Big Rivers,15
1991,Final,Male,75-,Aboriginal,Central Australia,25
1991,Final,Male,75-,Aboriginal,East Arnhem,6
1991,Final,Male,75-,Aboriginal,Greater Darwin,5
1991,Final,Male,75-,Aboriginal,Top End,8
1991,Final,Male,75-,Non-Aboriginal,Barkly,6
1991,Final,Male,75-,Non-Aboriginal,Big Rivers,27
1991,Final,Male,75-,Non-Aboriginal,Central Australia,45
1991,Final,Male,75-,Non-Aboriginal,East Arnhem,0
1991,Final,Male,75-,Non-Aboriginal,Greater Darwin,166
1991,Final,Male,75-,Non-Aboriginal,Top End,7
1991,Final,Female,75-,Aboriginal,Barkly,11
1991,Final,Female,75-,Aboriginal,Big Rivers,10
1991,Final,Female,75-,Aboriginal,Central Australia,35
1991,Final,Female,75-,Aboriginal,East Arnhem,1
1991,Final,Female,75-,Aboriginal,Greater Darwin,14
1991,Final,Female,75-,Aboriginal,Top End,13
1991,Final,Female,75-,Non-Aboriginal,Barkly,4
1991,Final,Female,75-,Non-Aboriginal,Big Rivers,14
1991,Final,Female,75-,Non-Aboriginal,Central Australia,55
1991,Final,Female,75-,Non-Aboriginal,East Arnhem,0
1991,Final,Female,75-,Non-Aboriginal,Greater Darwin,177
1991,Final,Female,75-,Non-Aboriginal,Top End,4
1991,Final,Male,80-,Aboriginal,Barkly,2
1991,Final,Male,80-,Aboriginal,Big Rivers,8
1991,Final,Male,80-,Aboriginal,Central Australia,17
1991,Final,Male,80-,Aboriginal,East Arnhem,2
1991,Final,Male,80-,Aboriginal,Greater Darwin,2
1991,Final,Male,80-,Aboriginal,Top End,3
1991,Final,Male,80-,Non-Aboriginal,Barkly,2
1991,Final,Male,80-,Non-Aboriginal,Big Rivers,10
1991,Final,Male,80-,Non-Aboriginal,Central Australia,23
1991,Final,Male,80-,Non-Aboriginal,East Arnhem,0
1991,Final,Male,80-,Non-Aboriginal,Greater Darwin,88
1991,Final,Male,80-,Non-Aboriginal,Top End,2
1991,Final,Female,80-,Aboriginal,Barkly,7
1991,Final,Female,80-,Aboriginal,Big Rivers,4
1991,Final,Female,80-,Aboriginal,Central Australia,11
1991,Final,Female,80-,Aboriginal,East Arnhem,0
1991,Final,Female,80-,Aboriginal,Greater Darwin,8
1991,Final,Female,80-,Aboriginal,Top End,7
1991,Final,Female,80-,Non-Aboriginal,Barkly,5
1991,Final,Female,80-,Non-Aboriginal,Big Rivers,11
1991,Final,Female,80-,Non-Aboriginal,Central Australia,37
1991,Final,Female,80-,Non-Aboriginal,East Arnhem,0
1991,Final,Female,80-,Non-Aboriginal,Greater Darwin,102
1991,Final,Female,80-,Non-Aboriginal,Top End,3
1991,Final,Male,85+,Aboriginal,Barkly,0
1991,Final,Male,85+,Aboriginal,Big Rivers,3
1991,Final,Male,85+,Aboriginal,Central Australia,6
1991,Final,Male,85+,Aboriginal,East Arnhem,2
1991,Final,Male,85+,Aboriginal,Greater Darwin,1
1991,Final,Male,85+,Aboriginal,Top End,2
1991,Final,Male,85+,Non-Aboriginal,Barkly,6
1991,Final,Male,85+,Non-Aboriginal,Big Rivers,10
1991,Final,Male,85+,Non-Aboriginal,Central Australia,25
1991,Final,Male,85+,Non-Aboriginal,East Arnhem,1
1991,Final,Male,85+,Non-Aboriginal,Greater Darwin,32
1991,Final,Male,85+,Non-Aboriginal,Top End,2
1991,Final,Female,85+,Aboriginal,Barkly,4
1991,Final,Female,85+,Aboriginal,Big Rivers,6
1991,Final,Female,85+,Aboriginal,Central Australia,10
1991,Final,Female,85+,Aboriginal,East Arnhem,0
1991,Final,Female,85+,Aboriginal,Greater Darwin,2
1991,Final,Female,85+,Aboriginal,Top End,2
1991,Final,Female,85+,Non-Aboriginal,Barkly,3
1991,Final,Female,85+,Non-Aboriginal,Big Rivers,7
1991,Final,Female,85+,Non-Aboriginal,Central Australia,17
1991,Final,Female,85+,Non-Aboriginal,East Arnhem,0
1991,Final,Female,85+,Non-Aboriginal,Greater Darwin,79
1991,Final,Female,85+,Non-Aboriginal,Top End,2
1992,Final,Male,0-,Aboriginal,Barkly,315
1992,Final,Male,0-,Aboriginal,Big Rivers,597
1992,Final,Male,0-,Aboriginal,Central Australia,926
1992,Final,Male,0-,Aboriginal,East Arnhem,543
1992,Final,Male,0-,Aboriginal,Greater Darwin,545
1992,Final,Male,0-,Aboriginal,Top End,606
1992,Final,Male,0-,Non-Aboriginal,Barkly,107
1992,Final,Male,0-,Non-Aboriginal,Big Rivers,426
1992,Final,Male,0-,Non-Aboriginal,Central Australia,789
1992,Final,Male,0-,Non-Aboriginal,East Arnhem,179
1992,Final,Male,0-,Non-Aboriginal,Greater Darwin,3526
1992,Final,Male,0-,Non-Aboriginal,Top End,114
1992,Final,Female,0-,Aboriginal,Barkly,314
1992,Final,Female,0-,Aboriginal,Big Rivers,569
1992,Final,Female,0-,Aboriginal,Central Australia,840
1992,Final,Female,0-,Aboriginal,East Arnhem,433
1992,Final,Female,0-,Aboriginal,Greater Darwin,495
1992,Final,Female,0-,Aboriginal,Top End,609
1992,Final,Female,0-,Non-Aboriginal,Barkly,81
1992,Final,Female,0-,Non-Aboriginal,Big Rivers,410
1992,Final,Female,0-,Non-Aboriginal,Central Australia,820
1992,Final,Female,0-,Non-Aboriginal,East Arnhem,170
1992,Final,Female,0-,Non-Aboriginal,Greater Darwin,3399
1992,Final,Female,0-,Non-Aboriginal,Top End,103
1992,Final,Male,10-,Aboriginal,Barkly,245
1992,Final,Male,10-,Aboriginal,Big Rivers,423
1992,Final,Male,10-,Aboriginal,Central Australia,675
1992,Final,Male,10-,Aboriginal,East Arnhem,431
1992,Final,Male,10-,Aboriginal,Greater Darwin,567
1992,Final,Male,10-,Aboriginal,Top End,443
1992,Final,Male,10-,Non-Aboriginal,Barkly,67
1992,Final,Male,10-,Non-Aboriginal,Big Rivers,291
1992,Final,Male,10-,Non-Aboriginal,Central Australia,715
1992,Final,Male,10-,Non-Aboriginal,East Arnhem,188
1992,Final,Male,10-,Non-Aboriginal,Greater Darwin,3154
1992,Final,Male,10-,Non-Aboriginal,Top End,88
1992,Final,Female,10-,Aboriginal,Barkly,239
1992,Final,Female,10-,Aboriginal,Big Rivers,451
1992,Final,Female,10-,Aboriginal,Central Australia,722
1992,Final,Female,10-,Aboriginal,East Arnhem,398
1992,Final,Female,10-,Aboriginal,Greater Darwin,493
1992,Final,Female,10-,Aboriginal,Top End,458
1992,Final,Female,10-,Non-Aboriginal,Barkly,51
1992,Final,Female,10-,Non-Aboriginal,Big Rivers,225
1992,Final,Female,10-,Non-Aboriginal,Central Australia,616
1992,Final,Female,10-,Non-Aboriginal,East Arnhem,139
1992,Final,Female,10-,Non-Aboriginal,Greater Darwin,2952
1992,Final,Female,10-,Non-Aboriginal,Top End,53
1992,Final,Male,15-,Aboriginal,Barkly,245
1992,Final,Male,15-,Aboriginal,Big Rivers,419
1992,Final,Male,15-,Aboriginal,Central Australia,607
1992,Final,Male,15-,Aboriginal,East Arnhem,409
1992,Final,Male,15-,Aboriginal,Greater Darwin,462
1992,Final,Male,15-,Aboriginal,Top End,440
1992,Final,Male,15-,Non-Aboriginal,Barkly,148
1992,Final,Male,15-,Non-Aboriginal,Big Rivers,288
1992,Final,Male,15-,Non-Aboriginal,Central Australia,698
1992,Final,Male,15-,Non-Aboriginal,East Arnhem,132
1992,Final,Male,15-,Non-Aboriginal,Greater Darwin,3159
1992,Final,Male,15-,Non-Aboriginal,Top End,89
1992,Final,Female,15-,Aboriginal,Barkly,233
1992,Final,Female,15-,Aboriginal,Big Rivers,450
1992,Final,Female,15-,Aboriginal,Central Australia,730
1992,Final,Female,15-,Aboriginal,East Arnhem,366
1992,Final,Female,15-,Aboriginal,Greater Darwin,421
1992,Final,Female,15-,Aboriginal,Top End,474
1992,Final,Female,15-,Non-Aboriginal,Barkly,59
1992,Final,Female,15-,Non-Aboriginal,Big Rivers,150
1992,Final,Female,15-,Non-Aboriginal,Central Australia,504
1992,Final,Female,15-,Non-Aboriginal,East Arnhem,48
1992,Final,Female,15-,Non-Aboriginal,Greater Darwin,3023
1992,Final,Female,15-,Non-Aboriginal,Top End,9
1992,Final,Male,20-,Aboriginal,Barkly,221
1992,Final,Male,20-,Aboriginal,Big Rivers,424
1992,Final,Male,20-,Aboriginal,Central Australia,566
1992,Final,Male,20-,Aboriginal,East Arnhem,355
1992,Final,Male,20-,Aboriginal,Greater Darwin,347
1992,Final,Male,20-,Aboriginal,Top End,501
1992,Final,Male,20-,Non-Aboriginal,Barkly,157
1992,Final,Male,20-,Non-Aboriginal,Big Rivers,530
1992,Final,Male,20-,Non-Aboriginal,Central Australia,1004
1992,Final,Male,20-,Non-Aboriginal,East Arnhem,135
1992,Final,Male,20-,Non-Aboriginal,Greater Darwin,3913
1992,Final,Male,20-,Non-Aboriginal,Top End,170
1992,Final,Female,20-,Aboriginal,Barkly,223
1992,Final,Female,20-,Aboriginal,Big Rivers,487
1992,Final,Female,20-,Aboriginal,Central Australia,687
1992,Final,Female,20-,Aboriginal,East Arnhem,316
1992,Final,Female,20-,Aboriginal,Greater Darwin,400
1992,Final,Female,20-,Aboriginal,Top End,517
1992,Final,Female,20-,Non-Aboriginal,Barkly,152
1992,Final,Female,20-,Non-Aboriginal,Big Rivers,410
1992,Final,Female,20-,Non-Aboriginal,Central Australia,1071
1992,Final,Female,20-,Non-Aboriginal,East Arnhem,105
1992,Final,Female,20-,Non-Aboriginal,Greater Darwin,3840
1992,Final,Female,20-,Non-Aboriginal,Top End,122
1992,Final,Male,25-,Aboriginal,Barkly,203
1992,Final,Male,25-,Aboriginal,Big Rivers,409
1992,Final,Male,25-,Aboriginal,Central Australia,574
1992,Final,Male,25-,Aboriginal,East Arnhem,347
1992,Final,Male,25-,Aboriginal,Greater Darwin,368
1992,Final,Male,25-,Aboriginal,Top End,383
1992,Final,Male,25-,Non-Aboriginal,Barkly,148
1992,Final,Male,25-,Non-Aboriginal,Big Rivers,617
1992,Final,Male,25-,Non-Aboriginal,Central Australia,1263
1992,Final,Male,25-,Non-Aboriginal,East Arnhem,192
1992,Final,Male,25-,Non-Aboriginal,Greater Darwin,4216
1992,Final,Male,25-,Non-Aboriginal,Top End,243
1992,Final,Female,25-,Aboriginal,Barkly,211
1992,Final,Female,25-,Aboriginal,Big Rivers,399
1992,Final,Female,25-,Aboriginal,Central Australia,671
1992,Final,Female,25-,Aboriginal,East Arnhem,277
1992,Final,Female,25-,Aboriginal,Greater Darwin,309
1992,Final,Female,25-,Aboriginal,Top End,391
1992,Final,Female,25-,Non-Aboriginal,Barkly,132
1992,Final,Female,25-,Non-Aboriginal,Big Rivers,480
1992,Final,Female,25-,Non-Aboriginal,Central Australia,1142
1992,Final,Female,25-,Non-Aboriginal,East Arnhem,153
1992,Final,Female,25-,Non-Aboriginal,Greater Darwin,4148
1992,Final,Female,25-,Non-Aboriginal,Top End,214
1992,Final,Male,30-,Aboriginal,Barkly,156
1992,Final,Male,30-,Aboriginal,Big Rivers,325
1992,Final,Male,30-,Aboriginal,Central Australia,570
1992,Final,Male,30-,Aboriginal,East Arnhem,372
1992,Final,Male,30-,Aboriginal,Greater Darwin,313
1992,Final,Male,30-,Aboriginal,Top End,343
1992,Final,Male,30-,Non-Aboriginal,Barkly,140
1992,Final,Male,30-,Non-Aboriginal,Big Rivers,575
1992,Final,Male,30-,Non-Aboriginal,Central Australia,1194
1992,Final,Male,30-,Non-Aboriginal,East Arnhem,242
1992,Final,Male,30-,Non-Aboriginal,Greater Darwin,4286
1992,Final,Male,30-,Non-Aboriginal,Top End,237
1992,Final,Female,30-,Aboriginal,Barkly,172
1992,Final,Female,30-,Aboriginal,Big Rivers,300
1992,Final,Female,30-,Aboriginal,Central Australia,528
1992,Final,Female,30-,Aboriginal,East Arnhem,265
1992,Final,Female,30-,Aboriginal,Greater Darwin,348
1992,Final,Female,30-,Aboriginal,Top End,313
1992,Final,Female,30-,Non-Aboriginal,Barkly,107
1992,Final,Female,30-,Non-Aboriginal,Big Rivers,454
1992,Final,Female,30-,Non-Aboriginal,Central Australia,1125
1992,Final,Female,30-,Non-Aboriginal,East Arnhem,279
1992,Final,Female,30-,Non-Aboriginal,Greater Darwin,4142
1992,Final,Female,30-,Non-Aboriginal,Top End,205
1992,Final,Male,35-,Aboriginal,Barkly,125
1992,Final,Male,35-,Aboriginal,Big Rivers,253
1992,Final,Male,35-,Aboriginal,Central Australia,401
1992,Final,Male,35-,Aboriginal,East Arnhem,286
1992,Final,Male,35-,Aboriginal,Greater Darwin,267
1992,Final,Male,35-,Aboriginal,Top End,269
1992,Final,Male,35-,Non-Aboriginal,Barkly,122
1992,Final,Male,35-,Non-Aboriginal,Big Rivers,485
1992,Final,Male,35-,Non-Aboriginal,Central Australia,999
1992,Final,Male,35-,Non-Aboriginal,East Arnhem,291
1992,Final,Male,35-,Non-Aboriginal,Greater Darwin,4033
1992,Final,Male,35-,Non-Aboriginal,Top End,244
1992,Final,Female,35-,Aboriginal,Barkly,147
1992,Final,Female,35-,Aboriginal,Big Rivers,272
1992,Final,Female,35-,Aboriginal,Central Australia,425
1992,Final,Female,35-,Aboriginal,East Arnhem,255
1992,Final,Female,35-,Aboriginal,Greater Darwin,271
1992,Final,Female,35-,Aboriginal,Top End,254
1992,Final,Female,35-,Non-Aboriginal,Barkly,106
1992,Final,Female,35-,Non-Aboriginal,Big Rivers,323
1992,Final,Female,35-,Non-Aboriginal,Central Australia,915
1992,Final,Female,35-,Non-Aboriginal,East Arnhem,238
1992,Final,Female,35-,Non-Aboriginal,Greater Darwin,3723
1992,Final,Female,35-,Non-Aboriginal,Top End,159
1992,Final,Male,40-,Aboriginal,Barkly,103
1992,Final,Male,40-,Aboriginal,Big Rivers,206
1992,Final,Male,40-,Aboriginal,Central Australia,311
1992,Final,Male,40-,Aboriginal,East Arnhem,213
1992,Final,Male,40-,Aboriginal,Greater Darwin,234
1992,Final,Male,40-,Aboriginal,Top End,209
1992,Final,Male,40-,Non-Aboriginal,Barkly,140
1992,Final,Male,40-,Non-Aboriginal,Big Rivers,418
1992,Final,Male,40-,Non-Aboriginal,Central Australia,898
1992,Final,Male,40-,Non-Aboriginal,East Arnhem,295
1992,Final,Male,40-,Non-Aboriginal,Greater Darwin,3943
1992,Final,Male,40-,Non-Aboriginal,Top End,213
1992,Final,Female,40-,Aboriginal,Barkly,113
1992,Final,Female,40-,Aboriginal,Big Rivers,208
1992,Final,Female,40-,Aboriginal,Central Australia,382
1992,Final,Female,40-,Aboriginal,East Arnhem,167
1992,Final,Female,40-,Aboriginal,Greater Darwin,212
1992,Final,Female,40-,Aboriginal,Top End,200
1992,Final,Female,40-,Non-Aboriginal,Barkly,109
1992,Final,Female,40-,Non-Aboriginal,Big Rivers,254
1992,Final,Female,40-,Non-Aboriginal,Central Australia,747
1992,Final,Female,40-,Non-Aboriginal,East Arnhem,171
1992,Final,Female,40-,Non-Aboriginal,Greater Darwin,3429
1992,Final,Female,40-,Non-Aboriginal,Top End,117
1992,Final,Male,45-,Aboriginal,Barkly,62
1992,Final,Male,45-,Aboriginal,Big Rivers,110
1992,Final,Male,45-,Aboriginal,Central Australia,162
1992,Final,Male,45-,Aboriginal,East Arnhem,129
1992,Final,Male,45-,Aboriginal,Greater Darwin,150
1992,Final,Male,45-,Aboriginal,Top End,120
1992,Final,Male,45-,Non-Aboriginal,Barkly,127
1992,Final,Male,45-,Non-Aboriginal,Big Rivers,360
1992,Final,Male,45-,Non-Aboriginal,Central Australia,791
1992,Final,Male,45-,Non-Aboriginal,East Arnhem,245
1992,Final,Male,45-,Non-Aboriginal,Greater Darwin,3053
1992,Final,Male,45-,Non-Aboriginal,Top End,197
1992,Final,Female,45-,Aboriginal,Barkly,67
1992,Final,Female,45-,Aboriginal,Big Rivers,127
1992,Final,Female,45-,Aboriginal,Central Australia,229
1992,Final,Female,45-,Aboriginal,East Arnhem,99
1992,Final,Female,45-,Aboriginal,Greater Darwin,145
1992,Final,Female,45-,Aboriginal,Top End,131
1992,Final,Female,45-,Non-Aboriginal,Barkly,84
1992,Final,Female,45-,Non-Aboriginal,Big Rivers,227
1992,Final,Female,45-,Non-Aboriginal,Central Australia,655
1992,Final,Female,45-,Non-Aboriginal,East Arnhem,133
1992,Final,Female,45-,Non-Aboriginal,Greater Darwin,2387
1992,Final,Female,45-,Non-Aboriginal,Top End,118
1992,Final,Male,5-,Aboriginal,Barkly,318
1992,Final,Male,5-,Aboriginal,Big Rivers,555
1992,Final,Male,5-,Aboriginal,Central Australia,763
1992,Final,Male,5-,Aboriginal,East Arnhem,517
1992,Final,Male,5-,Aboriginal,Greater Darwin,510
1992,Final,Male,5-,Aboriginal,Top End,557
1992,Final,Male,5-,Non-Aboriginal,Barkly,69
1992,Final,Male,5-,Non-Aboriginal,Big Rivers,432
1992,Final,Male,5-,Non-Aboriginal,Central Australia,812
1992,Final,Male,5-,Non-Aboriginal,East Arnhem,233
1992,Final,Male,5-,Non-Aboriginal,Greater Darwin,3235
1992,Final,Male,5-,Non-Aboriginal,Top End,105
1992,Final,Female,5-,Aboriginal,Barkly,289
1992,Final,Female,5-,Aboriginal,Big Rivers,542
1992,Final,Female,5-,Aboriginal,Central Australia,799
1992,Final,Female,5-,Aboriginal,East Arnhem,445
1992,Final,Female,5-,Aboriginal,Greater Darwin,432
1992,Final,Female,5-,Aboriginal,Top End,572
1992,Final,Female,5-,Non-Aboriginal,Barkly,74
1992,Final,Female,5-,Non-Aboriginal,Big Rivers,361
1992,Final,Female,5-,Non-Aboriginal,Central Australia,728
1992,Final,Female,5-,Non-Aboriginal,East Arnhem,204
1992,Final,Female,5-,Non-Aboriginal,Greater Darwin,3164
1992,Final,Female,5-,Non-Aboriginal,Top End,113
1992,Final,Male,50-,Aboriginal,Barkly,58
1992,Final,Male,50-,Aboriginal,Big Rivers,95
1992,Final,Male,50-,Aboriginal,Central Australia,153
1992,Final,Male,50-,Aboriginal,East Arnhem,77
1992,Final,Male,50-,Aboriginal,Greater Darwin,69
1992,Final,Male,50-,Aboriginal,Top End,74
1992,Final,Male,50-,Non-Aboriginal,Barkly,113
1992,Final,Male,50-,Non-Aboriginal,Big Rivers,296
1992,Final,Male,50-,Non-Aboriginal,Central Australia,567
1992,Final,Male,50-,Non-Aboriginal,East Arnhem,147
1992,Final,Male,50-,Non-Aboriginal,Greater Darwin,2179
1992,Final,Male,50-,Non-Aboriginal,Top End,151
1992,Final,Female,50-,Aboriginal,Barkly,62
1992,Final,Female,50-,Aboriginal,Big Rivers,128
1992,Final,Female,50-,Aboriginal,Central Australia,203
1992,Final,Female,50-,Aboriginal,East Arnhem,60
1992,Final,Female,50-,Aboriginal,Greater Darwin,81
1992,Final,Female,50-,Aboriginal,Top End,96
1992,Final,Female,50-,Non-Aboriginal,Barkly,46
1992,Final,Female,50-,Non-Aboriginal,Big Rivers,149
1992,Final,Female,50-,Non-Aboriginal,Central Australia,430
1992,Final,Female,50-,Non-Aboriginal,East Arnhem,59
1992,Final,Female,50-,Non-Aboriginal,Greater Darwin,1488
1992,Final,Female,50-,Non-Aboriginal,Top End,70
1992,Final,Male,55-,Aboriginal,Barkly,27
1992,Final,Male,55-,Aboriginal,Big Rivers,80
1992,Final,Male,55-,Aboriginal,Central Australia,102
1992,Final,Male,55-,Aboriginal,East Arnhem,42
1992,Final,Male,55-,Aboriginal,Greater Darwin,41
1992,Final,Male,55-,Aboriginal,Top End,59
1992,Final,Male,55-,Non-Aboriginal,Barkly,78
1992,Final,Male,55-,Non-Aboriginal,Big Rivers,203
1992,Final,Male,55-,Non-Aboriginal,Central Australia,381
1992,Final,Male,55-,Non-Aboriginal,East Arnhem,74
1992,Final,Male,55-,Non-Aboriginal,Greater Darwin,1299
1992,Final,Male,55-,Non-Aboriginal,Top End,103
1992,Final,Female,55-,Aboriginal,Barkly,35
1992,Final,Female,55-,Aboriginal,Big Rivers,102
1992,Final,Female,55-,Aboriginal,Central Australia,159
1992,Final,Female,55-,Aboriginal,East Arnhem,47
1992,Final,Female,55-,Aboriginal,Greater Darwin,45
1992,Final,Female,55-,Aboriginal,Top End,77
1992,Final,Female,55-,Non-Aboriginal,Barkly,47
1992,Final,Female,55-,Non-Aboriginal,Big Rivers,99
1992,Final,Female,55-,Non-Aboriginal,Central Australia,251
1992,Final,Female,55-,Non-Aboriginal,East Arnhem,20
1992,Final,Female,55-,Non-Aboriginal,Greater Darwin,898
1992,Final,Female,55-,Non-Aboriginal,Top End,64
1992,Final,Male,60-,Aboriginal,Barkly,29
1992,Final,Male,60-,Aboriginal,Big Rivers,54
1992,Final,Male,60-,Aboriginal,Central Australia,97
1992,Final,Male,60-,Aboriginal,East Arnhem,26
1992,Final,Male,60-,Aboriginal,Greater Darwin,36
1992,Final,Male,60-,Aboriginal,Top End,45
1992,Final,Male,60-,Non-Aboriginal,Barkly,71
1992,Final,Male,60-,Non-Aboriginal,Big Rivers,159
1992,Final,Male,60-,Non-Aboriginal,Central Australia,252
1992,Final,Male,60-,Non-Aboriginal,East Arnhem,27
1992,Final,Male,60-,Non-Aboriginal,Greater Darwin,930
1992,Final,Male,60-,Non-Aboriginal,Top End,83
1992,Final,Female,60-,Aboriginal,Barkly,52
1992,Final,Female,60-,Aboriginal,Big Rivers,80
1992,Final,Female,60-,Aboriginal,Central Australia,138
1992,Final,Female,60-,Aboriginal,East Arnhem,31
1992,Final,Female,60-,Aboriginal,Greater Darwin,41
1992,Final,Female,60-,Aboriginal,Top End,68
1992,Final,Female,60-,Non-Aboriginal,Barkly,23
1992,Final,Female,60-,Non-Aboriginal,Big Rivers,76
1992,Final,Female,60-,Non-Aboriginal,Central Australia,182
1992,Final,Female,60-,Non-Aboriginal,East Arnhem,3
1992,Final,Female,60-,Non-Aboriginal,Greater Darwin,627
1992,Final,Female,60-,Non-Aboriginal,Top End,41
1992,Final,Male,65-,Aboriginal,Barkly,29
1992,Final,Male,65-,Aboriginal,Big Rivers,44
1992,Final,Male,65-,Aboriginal,Central Australia,69
1992,Final,Male,65-,Aboriginal,East Arnhem,23
1992,Final,Male,65-,Aboriginal,Greater Darwin,20
1992,Final,Male,65-,Aboriginal,Top End,23
1992,Final,Male,65-,Non-Aboriginal,Barkly,34
1992,Final,Male,65-,Non-Aboriginal,Big Rivers,98
1992,Final,Male,65-,Non-Aboriginal,Central Australia,172
1992,Final,Male,65-,Non-Aboriginal,East Arnhem,3
1992,Final,Male,65-,Non-Aboriginal,Greater Darwin,575
1992,Final,Male,65-,Non-Aboriginal,Top End,44
1992,Final,Female,65-,Aboriginal,Barkly,27
1992,Final,Female,65-,Aboriginal,Big Rivers,53
1992,Final,Female,65-,Aboriginal,Central Australia,85
1992,Final,Female,65-,Aboriginal,East Arnhem,15
1992,Final,Female,65-,Aboriginal,Greater Darwin,34
1992,Final,Female,65-,Aboriginal,Top End,35
1992,Final,Female,65-,Non-Aboriginal,Barkly,17
1992,Final,Female,65-,Non-Aboriginal,Big Rivers,55
1992,Final,Female,65-,Non-Aboriginal,Central Australia,123
1992,Final,Female,65-,Non-Aboriginal,East Arnhem,3
1992,Final,Female,65-,Non-Aboriginal,Greater Darwin,452
1992,Final,Female,65-,Non-Aboriginal,Top End,31
1992,Final,Male,70-,Aboriginal,Barkly,16
1992,Final,Male,70-,Aboriginal,Big Rivers,24
1992,Final,Male,70-,Aboriginal,Central Australia,40
1992,Final,Male,70-,Aboriginal,East Arnhem,15
1992,Final,Male,70-,Aboriginal,Greater Darwin,14
1992,Final,Male,70-,Aboriginal,Top End,12
1992,Final,Male,70-,Non-Aboriginal,Barkly,17
1992,Final,Male,70-,Non-Aboriginal,Big Rivers,56
1992,Final,Male,70-,Non-Aboriginal,Central Australia,79
1992,Final,Male,70-,Non-Aboriginal,East Arnhem,0
1992,Final,Male,70-,Non-Aboriginal,Greater Darwin,326
1992,Final,Male,70-,Non-Aboriginal,Top End,20
1992,Final,Female,70-,Aboriginal,Barkly,23
1992,Final,Female,70-,Aboriginal,Big Rivers,44
1992,Final,Female,70-,Aboriginal,Central Australia,78
1992,Final,Female,70-,Aboriginal,East Arnhem,11
1992,Final,Female,70-,Aboriginal,Greater Darwin,24
1992,Final,Female,70-,Aboriginal,Top End,23
1992,Final,Female,70-,Non-Aboriginal,Barkly,5
1992,Final,Female,70-,Non-Aboriginal,Big Rivers,28
1992,Final,Female,70-,Non-Aboriginal,Central Australia,75
1992,Final,Female,70-,Non-Aboriginal,East Arnhem,0
1992,Final,Female,70-,Non-Aboriginal,Greater Darwin,315
1992,Final,Female,70-,Non-Aboriginal,Top End,14
1992,Final,Male,75-,Aboriginal,Barkly,8
1992,Final,Male,75-,Aboriginal,Big Rivers,15
1992,Final,Male,75-,Aboriginal,Central Australia,25
1992,Final,Male,75-,Aboriginal,East Arnhem,6
1992,Final,Male,75-,Aboriginal,Greater Darwin,5
1992,Final,Male,75-,Aboriginal,Top End,8
1992,Final,Male,75-,Non-Aboriginal,Barkly,7
1992,Final,Male,75-,Non-Aboriginal,Big Rivers,26
1992,Final,Male,75-,Non-Aboriginal,Central Australia,45
1992,Final,Male,75-,Non-Aboriginal,East Arnhem,0
1992,Final,Male,75-,Non-Aboriginal,Greater Darwin,166
1992,Final,Male,75-,Non-Aboriginal,Top End,7
1992,Final,Female,75-,Aboriginal,Barkly,12
1992,Final,Female,75-,Aboriginal,Big Rivers,11
1992,Final,Female,75-,Aboriginal,Central Australia,39
1992,Final,Female,75-,Aboriginal,East Arnhem,2
1992,Final,Female,75-,Aboriginal,Greater Darwin,15
1992,Final,Female,75-,Aboriginal,Top End,14
1992,Final,Female,75-,Non-Aboriginal,Barkly,4
1992,Final,Female,75-,Non-Aboriginal,Big Rivers,16
1992,Final,Female,75-,Non-Aboriginal,Central Australia,62
1992,Final,Female,75-,Non-Aboriginal,East Arnhem,0
1992,Final,Female,75-,Non-Aboriginal,Greater Darwin,197
1992,Final,Female,75-,Non-Aboriginal,Top End,4
1992,Final,Male,80-,Aboriginal,Barkly,2
1992,Final,Male,80-,Aboriginal,Big Rivers,9
1992,Final,Male,80-,Aboriginal,Central Australia,16
1992,Final,Male,80-,Aboriginal,East Arnhem,2
1992,Final,Male,80-,Aboriginal,Greater Darwin,2
1992,Final,Male,80-,Aboriginal,Top End,3
1992,Final,Male,80-,Non-Aboriginal,Barkly,2
1992,Final,Male,80-,Non-Aboriginal,Big Rivers,11
1992,Final,Male,80-,Non-Aboriginal,Central Australia,22
1992,Final,Male,80-,Non-Aboriginal,East Arnhem,0
1992,Final,Male,80-,Non-Aboriginal,Greater Darwin,87
1992,Final,Male,80-,Non-Aboriginal,Top End,2
1992,Final,Female,80-,Aboriginal,Barkly,7
1992,Final,Female,80-,Aboriginal,Big Rivers,4
1992,Final,Female,80-,Aboriginal,Central Australia,11
1992,Final,Female,80-,Aboriginal,East Arnhem,0
1992,Final,Female,80-,Aboriginal,Greater Darwin,7
1992,Final,Female,80-,Aboriginal,Top End,8
1992,Final,Female,80-,Non-Aboriginal,Barkly,5
1992,Final,Female,80-,Non-Aboriginal,Big Rivers,11
1992,Final,Female,80-,Non-Aboriginal,Central Australia,38
1992,Final,Female,80-,Non-Aboriginal,East Arnhem,1
1992,Final,Female,80-,Non-Aboriginal,Greater Darwin,101
1992,Final,Female,80-,Non-Aboriginal,Top End,3
1992,Final,Male,85+,Aboriginal,Barkly,0
1992,Final,Male,85+,Aboriginal,Big Rivers,4
1992,Final,Male,85+,Aboriginal,Central Australia,6
1992,Final,Male,85+,Aboriginal,East Arnhem,2
1992,Final,Male,85+,Aboriginal,Greater Darwin,1
1992,Final,Male,85+,Aboriginal,Top End,3
1992,Final,Male,85+,Non-Aboriginal,Barkly,6
1992,Final,Male,85+,Non-Aboriginal,Big Rivers,12
1992,Final,Male,85+,Non-Aboriginal,Central Australia,25
1992,Final,Male,85+,Non-Aboriginal,East Arnhem,1
1992,Final,Male,85+,Non-Aboriginal,Greater Darwin,39
1992,Final,Male,85+,Non-Aboriginal,Top End,4
1992,Final,Female,85+,Aboriginal,Barkly,4
1992,Final,Female,85+,Aboriginal,Big Rivers,6
1992,Final,Female,85+,Aboriginal,Central Australia,10
1992,Final,Female,85+,Aboriginal,East Arnhem,1
1992,Final,Female,85+,Aboriginal,Greater Darwin,2
1992,Final,Female,85+,Aboriginal,Top End,3
1992,Final,Female,85+,Non-Aboriginal,Barkly,3
1992,Final,Female,85+,Non-Aboriginal,Big Rivers,7
1992,Final,Female,85+,Non-Aboriginal,Central Australia,18
1992,Final,Female,85+,Non-Aboriginal,East Arnhem,0
1992,Final,Female,85+,Non-Aboriginal,Greater Darwin,71
1992,Final,Female,85+,Non-Aboriginal,Top End,3
1993,Final,Male,0-,Aboriginal,Barkly,322
1993,Final,Male,0-,Aboriginal,Big Rivers,604
1993,Final,Male,0-,Aboriginal,Central Australia,929
1993,Final,Male,0-,Aboriginal,East Arnhem,541
1993,Final,Male,0-,Aboriginal,Greater Darwin,557
1993,Final,Male,0-,Aboriginal,Top End,621
1993,Final,Male,0-,Non-Aboriginal,Barkly,109
1993,Final,Male,0-,Non-Aboriginal,Big Rivers,431
1993,Final,Male,0-,Non-Aboriginal,Central Australia,791
1993,Final,Male,0-,Non-Aboriginal,East Arnhem,180
1993,Final,Male,0-,Non-Aboriginal,Greater Darwin,3602
1993,Final,Male,0-,Non-Aboriginal,Top End,117
1993,Final,Female,0-,Aboriginal,Barkly,332
1993,Final,Female,0-,Aboriginal,Big Rivers,572
1993,Final,Female,0-,Aboriginal,Central Australia,846
1993,Final,Female,0-,Aboriginal,East Arnhem,455
1993,Final,Female,0-,Aboriginal,Greater Darwin,506
1993,Final,Female,0-,Aboriginal,Top End,624
1993,Final,Female,0-,Non-Aboriginal,Barkly,85
1993,Final,Female,0-,Non-Aboriginal,Big Rivers,411
1993,Final,Female,0-,Non-Aboriginal,Central Australia,826
1993,Final,Female,0-,Non-Aboriginal,East Arnhem,170
1993,Final,Female,0-,Non-Aboriginal,Greater Darwin,3471
1993,Final,Female,0-,Non-Aboriginal,Top End,105
1993,Final,Male,10-,Aboriginal,Barkly,256
1993,Final,Male,10-,Aboriginal,Big Rivers,439
1993,Final,Male,10-,Aboriginal,Central Australia,691
1993,Final,Male,10-,Aboriginal,East Arnhem,436
1993,Final,Male,10-,Aboriginal,Greater Darwin,570
1993,Final,Male,10-,Aboriginal,Top End,460
1993,Final,Male,10-,Non-Aboriginal,Barkly,71
1993,Final,Male,10-,Non-Aboriginal,Big Rivers,302
1993,Final,Male,10-,Non-Aboriginal,Central Australia,733
1993,Final,Male,10-,Non-Aboriginal,East Arnhem,192
1993,Final,Male,10-,Non-Aboriginal,Greater Darwin,3171
1993,Final,Male,10-,Non-Aboriginal,Top End,92
1993,Final,Female,10-,Aboriginal,Barkly,254
1993,Final,Female,10-,Aboriginal,Big Rivers,474
1993,Final,Female,10-,Aboriginal,Central Australia,741
1993,Final,Female,10-,Aboriginal,East Arnhem,410
1993,Final,Female,10-,Aboriginal,Greater Darwin,498
1993,Final,Female,10-,Aboriginal,Top End,479
1993,Final,Female,10-,Non-Aboriginal,Barkly,54
1993,Final,Female,10-,Non-Aboriginal,Big Rivers,237
1993,Final,Female,10-,Non-Aboriginal,Central Australia,633
1993,Final,Female,10-,Non-Aboriginal,East Arnhem,140
1993,Final,Female,10-,Non-Aboriginal,Greater Darwin,2983
1993,Final,Female,10-,Non-Aboriginal,Top End,56
1993,Final,Male,15-,Aboriginal,Barkly,243
1993,Final,Male,15-,Aboriginal,Big Rivers,429
1993,Final,Male,15-,Aboriginal,Central Australia,605
1993,Final,Male,15-,Aboriginal,East Arnhem,403
1993,Final,Male,15-,Aboriginal,Greater Darwin,463
1993,Final,Male,15-,Aboriginal,Top End,457
1993,Final,Male,15-,Non-Aboriginal,Barkly,147
1993,Final,Male,15-,Non-Aboriginal,Big Rivers,295
1993,Final,Male,15-,Non-Aboriginal,Central Australia,696
1993,Final,Male,15-,Non-Aboriginal,East Arnhem,132
1993,Final,Male,15-,Non-Aboriginal,Greater Darwin,3161
1993,Final,Male,15-,Non-Aboriginal,Top End,92
1993,Final,Female,15-,Aboriginal,Barkly,239
1993,Final,Female,15-,Aboriginal,Big Rivers,457
1993,Final,Female,15-,Aboriginal,Central Australia,734
1993,Final,Female,15-,Aboriginal,East Arnhem,388
1993,Final,Female,15-,Aboriginal,Greater Darwin,418
1993,Final,Female,15-,Aboriginal,Top End,482
1993,Final,Female,15-,Non-Aboriginal,Barkly,61
1993,Final,Female,15-,Non-Aboriginal,Big Rivers,152
1993,Final,Female,15-,Non-Aboriginal,Central Australia,507
1993,Final,Female,15-,Non-Aboriginal,East Arnhem,49
1993,Final,Female,15-,Non-Aboriginal,Greater Darwin,2999
1993,Final,Female,15-,Non-Aboriginal,Top End,9
1993,Final,Male,20-,Aboriginal,Barkly,233
1993,Final,Male,20-,Aboriginal,Big Rivers,428
1993,Final,Male,20-,Aboriginal,Central Australia,574
1993,Final,Male,20-,Aboriginal,East Arnhem,372
1993,Final,Male,20-,Aboriginal,Greater Darwin,355
1993,Final,Male,20-,Aboriginal,Top End,506
1993,Final,Male,20-,Non-Aboriginal,Barkly,166
1993,Final,Male,20-,Non-Aboriginal,Big Rivers,535
1993,Final,Male,20-,Non-Aboriginal,Central Australia,1018
1993,Final,Male,20-,Non-Aboriginal,East Arnhem,143
1993,Final,Male,20-,Non-Aboriginal,Greater Darwin,3993
1993,Final,Male,20-,Non-Aboriginal,Top End,171
1993,Final,Female,20-,Aboriginal,Barkly,229
1993,Final,Female,20-,Aboriginal,Big Rivers,477
1993,Final,Female,20-,Aboriginal,Central Australia,685
1993,Final,Female,20-,Aboriginal,East Arnhem,347
1993,Final,Female,20-,Aboriginal,Greater Darwin,398
1993,Final,Female,20-,Aboriginal,Top End,535
1993,Final,Female,20-,Non-Aboriginal,Barkly,156
1993,Final,Female,20-,Non-Aboriginal,Big Rivers,402
1993,Final,Female,20-,Non-Aboriginal,Central Australia,1067
1993,Final,Female,20-,Non-Aboriginal,East Arnhem,106
1993,Final,Female,20-,Non-Aboriginal,Greater Darwin,3829
1993,Final,Female,20-,Non-Aboriginal,Top End,126
1993,Final,Male,25-,Aboriginal,Barkly,208
1993,Final,Male,25-,Aboriginal,Big Rivers,412
1993,Final,Male,25-,Aboriginal,Central Australia,568
1993,Final,Male,25-,Aboriginal,East Arnhem,344
1993,Final,Male,25-,Aboriginal,Greater Darwin,374
1993,Final,Male,25-,Aboriginal,Top End,387
1993,Final,Male,25-,Non-Aboriginal,Barkly,151
1993,Final,Male,25-,Non-Aboriginal,Big Rivers,622
1993,Final,Male,25-,Non-Aboriginal,Central Australia,1248
1993,Final,Male,25-,Non-Aboriginal,East Arnhem,192
1993,Final,Male,25-,Non-Aboriginal,Greater Darwin,4290
1993,Final,Male,25-,Non-Aboriginal,Top End,245
1993,Final,Female,25-,Aboriginal,Barkly,214
1993,Final,Female,25-,Aboriginal,Big Rivers,401
1993,Final,Female,25-,Aboriginal,Central Australia,657
1993,Final,Female,25-,Aboriginal,East Arnhem,296
1993,Final,Female,25-,Aboriginal,Greater Darwin,308
1993,Final,Female,25-,Aboriginal,Top End,382
1993,Final,Female,25-,Non-Aboriginal,Barkly,135
1993,Final,Female,25-,Non-Aboriginal,Big Rivers,483
1993,Final,Female,25-,Non-Aboriginal,Central Australia,1116
1993,Final,Female,25-,Non-Aboriginal,East Arnhem,149
1993,Final,Female,25-,Non-Aboriginal,Greater Darwin,4131
1993,Final,Female,25-,Non-Aboriginal,Top End,209
1993,Final,Male,30-,Aboriginal,Barkly,161
1993,Final,Male,30-,Aboriginal,Big Rivers,338
1993,Final,Male,30-,Aboriginal,Central Australia,572
1993,Final,Male,30-,Aboriginal,East Arnhem,367
1993,Final,Male,30-,Aboriginal,Greater Darwin,322
1993,Final,Male,30-,Aboriginal,Top End,343
1993,Final,Male,30-,Non-Aboriginal,Barkly,144
1993,Final,Male,30-,Non-Aboriginal,Big Rivers,598
1993,Final,Male,30-,Non-Aboriginal,Central Australia,1198
1993,Final,Male,30-,Non-Aboriginal,East Arnhem,240
1993,Final,Male,30-,Non-Aboriginal,Greater Darwin,4409
1993,Final,Male,30-,Non-Aboriginal,Top End,237
1993,Final,Female,30-,Aboriginal,Barkly,178
1993,Final,Female,30-,Aboriginal,Big Rivers,301
1993,Final,Female,30-,Aboriginal,Central Australia,533
1993,Final,Female,30-,Aboriginal,East Arnhem,282
1993,Final,Female,30-,Aboriginal,Greater Darwin,349
1993,Final,Female,30-,Aboriginal,Top End,319
1993,Final,Female,30-,Non-Aboriginal,Barkly,110
1993,Final,Female,30-,Non-Aboriginal,Big Rivers,457
1993,Final,Female,30-,Non-Aboriginal,Central Australia,1136
1993,Final,Female,30-,Non-Aboriginal,East Arnhem,277
1993,Final,Female,30-,Non-Aboriginal,Greater Darwin,4168
1993,Final,Female,30-,Non-Aboriginal,Top End,209
1993,Final,Male,35-,Aboriginal,Barkly,128
1993,Final,Male,35-,Aboriginal,Big Rivers,256
1993,Final,Male,35-,Aboriginal,Central Australia,416
1993,Final,Male,35-,Aboriginal,East Arnhem,278
1993,Final,Male,35-,Aboriginal,Greater Darwin,270
1993,Final,Male,35-,Aboriginal,Top End,267
1993,Final,Male,35-,Non-Aboriginal,Barkly,126
1993,Final,Male,35-,Non-Aboriginal,Big Rivers,490
1993,Final,Male,35-,Non-Aboriginal,Central Australia,1038
1993,Final,Male,35-,Non-Aboriginal,East Arnhem,284
1993,Final,Male,35-,Non-Aboriginal,Greater Darwin,4079
1993,Final,Male,35-,Non-Aboriginal,Top End,242
1993,Final,Female,35-,Aboriginal,Barkly,149
1993,Final,Female,35-,Aboriginal,Big Rivers,279
1993,Final,Female,35-,Aboriginal,Central Australia,437
1993,Final,Female,35-,Aboriginal,East Arnhem,263
1993,Final,Female,35-,Aboriginal,Greater Darwin,277
1993,Final,Female,35-,Aboriginal,Top End,255
1993,Final,Female,35-,Non-Aboriginal,Barkly,108
1993,Final,Female,35-,Non-Aboriginal,Big Rivers,331
1993,Final,Female,35-,Non-Aboriginal,Central Australia,939
1993,Final,Female,35-,Non-Aboriginal,East Arnhem,237
1993,Final,Female,35-,Non-Aboriginal,Greater Darwin,3806
1993,Final,Female,35-,Non-Aboriginal,Top End,161
1993,Final,Male,40-,Aboriginal,Barkly,104
1993,Final,Male,40-,Aboriginal,Big Rivers,208
1993,Final,Male,40-,Aboriginal,Central Australia,318
1993,Final,Male,40-,Aboriginal,East Arnhem,208
1993,Final,Male,40-,Aboriginal,Greater Darwin,235
1993,Final,Male,40-,Aboriginal,Top End,213
1993,Final,Male,40-,Non-Aboriginal,Barkly,141
1993,Final,Male,40-,Non-Aboriginal,Big Rivers,423
1993,Final,Male,40-,Non-Aboriginal,Central Australia,918
1993,Final,Male,40-,Non-Aboriginal,East Arnhem,289
1993,Final,Male,40-,Non-Aboriginal,Greater Darwin,3950
1993,Final,Male,40-,Non-Aboriginal,Top End,217
1993,Final,Female,40-,Aboriginal,Barkly,113
1993,Final,Female,40-,Aboriginal,Big Rivers,213
1993,Final,Female,40-,Aboriginal,Central Australia,392
1993,Final,Female,40-,Aboriginal,East Arnhem,174
1993,Final,Female,40-,Aboriginal,Greater Darwin,213
1993,Final,Female,40-,Aboriginal,Top End,207
1993,Final,Female,40-,Non-Aboriginal,Barkly,109
1993,Final,Female,40-,Non-Aboriginal,Big Rivers,260
1993,Final,Female,40-,Non-Aboriginal,Central Australia,766
1993,Final,Female,40-,Non-Aboriginal,East Arnhem,173
1993,Final,Female,40-,Non-Aboriginal,Greater Darwin,3445
1993,Final,Female,40-,Non-Aboriginal,Top End,121
1993,Final,Male,45-,Aboriginal,Barkly,66
1993,Final,Male,45-,Aboriginal,Big Rivers,116
1993,Final,Male,45-,Aboriginal,Central Australia,174
1993,Final,Male,45-,Aboriginal,East Arnhem,134
1993,Final,Male,45-,Aboriginal,Greater Darwin,160
1993,Final,Male,45-,Aboriginal,Top End,124
1993,Final,Male,45-,Non-Aboriginal,Barkly,135
1993,Final,Male,45-,Non-Aboriginal,Big Rivers,380
1993,Final,Male,45-,Non-Aboriginal,Central Australia,849
1993,Final,Male,45-,Non-Aboriginal,East Arnhem,255
1993,Final,Male,45-,Non-Aboriginal,Greater Darwin,3267
1993,Final,Male,45-,Non-Aboriginal,Top End,205
1993,Final,Female,45-,Aboriginal,Barkly,73
1993,Final,Female,45-,Aboriginal,Big Rivers,137
1993,Final,Female,45-,Aboriginal,Central Australia,243
1993,Final,Female,45-,Aboriginal,East Arnhem,113
1993,Final,Female,45-,Aboriginal,Greater Darwin,159
1993,Final,Female,45-,Aboriginal,Top End,140
1993,Final,Female,45-,Non-Aboriginal,Barkly,92
1993,Final,Female,45-,Non-Aboriginal,Big Rivers,244
1993,Final,Female,45-,Non-Aboriginal,Central Australia,694
1993,Final,Female,45-,Non-Aboriginal,East Arnhem,143
1993,Final,Female,45-,Non-Aboriginal,Greater Darwin,2626
1993,Final,Female,45-,Non-Aboriginal,Top End,126
1993,Final,Male,5-,Aboriginal,Barkly,328
1993,Final,Male,5-,Aboriginal,Big Rivers,564
1993,Final,Male,5-,Aboriginal,Central Australia,771
1993,Final,Male,5-,Aboriginal,East Arnhem,505
1993,Final,Male,5-,Aboriginal,Greater Darwin,512
1993,Final,Male,5-,Aboriginal,Top End,581
1993,Final,Male,5-,Non-Aboriginal,Barkly,72
1993,Final,Male,5-,Non-Aboriginal,Big Rivers,439
1993,Final,Male,5-,Non-Aboriginal,Central Australia,821
1993,Final,Male,5-,Non-Aboriginal,East Arnhem,229
1993,Final,Male,5-,Non-Aboriginal,Greater Darwin,3253
1993,Final,Male,5-,Non-Aboriginal,Top End,109
1993,Final,Female,5-,Aboriginal,Barkly,298
1993,Final,Female,5-,Aboriginal,Big Rivers,541
1993,Final,Female,5-,Aboriginal,Central Australia,796
1993,Final,Female,5-,Aboriginal,East Arnhem,450
1993,Final,Female,5-,Aboriginal,Greater Darwin,427
1993,Final,Female,5-,Aboriginal,Top End,576
1993,Final,Female,5-,Non-Aboriginal,Barkly,76
1993,Final,Female,5-,Non-Aboriginal,Big Rivers,360
1993,Final,Female,5-,Non-Aboriginal,Central Australia,725
1993,Final,Female,5-,Non-Aboriginal,East Arnhem,199
1993,Final,Female,5-,Non-Aboriginal,Greater Darwin,3127
1993,Final,Female,5-,Non-Aboriginal,Top End,114
1993,Final,Male,50-,Aboriginal,Barkly,58
1993,Final,Male,50-,Aboriginal,Big Rivers,95
1993,Final,Male,50-,Aboriginal,Central Australia,158
1993,Final,Male,50-,Aboriginal,East Arnhem,82
1993,Final,Male,50-,Aboriginal,Greater Darwin,74
1993,Final,Male,50-,Aboriginal,Top End,78
1993,Final,Male,50-,Non-Aboriginal,Barkly,113
1993,Final,Male,50-,Non-Aboriginal,Big Rivers,297
1993,Final,Male,50-,Non-Aboriginal,Central Australia,588
1993,Final,Male,50-,Non-Aboriginal,East Arnhem,157
1993,Final,Male,50-,Non-Aboriginal,Greater Darwin,2318
1993,Final,Male,50-,Non-Aboriginal,Top End,160
1993,Final,Female,50-,Aboriginal,Barkly,63
1993,Final,Female,50-,Aboriginal,Big Rivers,126
1993,Final,Female,50-,Aboriginal,Central Australia,208
1993,Final,Female,50-,Aboriginal,East Arnhem,70
1993,Final,Female,50-,Aboriginal,Greater Darwin,86
1993,Final,Female,50-,Aboriginal,Top End,97
1993,Final,Female,50-,Non-Aboriginal,Barkly,47
1993,Final,Female,50-,Non-Aboriginal,Big Rivers,147
1993,Final,Female,50-,Non-Aboriginal,Central Australia,441
1993,Final,Female,50-,Non-Aboriginal,East Arnhem,66
1993,Final,Female,50-,Non-Aboriginal,Greater Darwin,1587
1993,Final,Female,50-,Non-Aboriginal,Top End,71
1993,Final,Male,55-,Aboriginal,Barkly,29
1993,Final,Male,55-,Aboriginal,Big Rivers,79
1993,Final,Male,55-,Aboriginal,Central Australia,107
1993,Final,Male,55-,Aboriginal,East Arnhem,45
1993,Final,Male,55-,Aboriginal,Greater Darwin,44
1993,Final,Male,55-,Aboriginal,Top End,60
1993,Final,Male,55-,Non-Aboriginal,Barkly,84
1993,Final,Male,55-,Non-Aboriginal,Big Rivers,200
1993,Final,Male,55-,Non-Aboriginal,Central Australia,402
1993,Final,Male,55-,Non-Aboriginal,East Arnhem,79
1993,Final,Male,55-,Non-Aboriginal,Greater Darwin,1414
1993,Final,Male,55-,Non-Aboriginal,Top End,104
1993,Final,Female,55-,Aboriginal,Barkly,38
1993,Final,Female,55-,Aboriginal,Big Rivers,101
1993,Final,Female,55-,Aboriginal,Central Australia,164
1993,Final,Female,55-,Aboriginal,East Arnhem,53
1993,Final,Female,55-,Aboriginal,Greater Darwin,49
1993,Final,Female,55-,Aboriginal,Top End,77
1993,Final,Female,55-,Non-Aboriginal,Barkly,50
1993,Final,Female,55-,Non-Aboriginal,Big Rivers,98
1993,Final,Female,55-,Non-Aboriginal,Central Australia,259
1993,Final,Female,55-,Non-Aboriginal,East Arnhem,21
1993,Final,Female,55-,Non-Aboriginal,Greater Darwin,974
1993,Final,Female,55-,Non-Aboriginal,Top End,64
1993,Final,Male,60-,Aboriginal,Barkly,28
1993,Final,Male,60-,Aboriginal,Big Rivers,52
1993,Final,Male,60-,Aboriginal,Central Australia,94
1993,Final,Male,60-,Aboriginal,East Arnhem,29
1993,Final,Male,60-,Aboriginal,Greater Darwin,37
1993,Final,Male,60-,Aboriginal,Top End,46
1993,Final,Male,60-,Non-Aboriginal,Barkly,70
1993,Final,Male,60-,Non-Aboriginal,Big Rivers,152
1993,Final,Male,60-,Non-Aboriginal,Central Australia,245
1993,Final,Male,60-,Non-Aboriginal,East Arnhem,30
1993,Final,Male,60-,Non-Aboriginal,Greater Darwin,962
1993,Final,Male,60-,Non-Aboriginal,Top End,83
1993,Final,Female,60-,Aboriginal,Barkly,52
1993,Final,Female,60-,Aboriginal,Big Rivers,75
1993,Final,Female,60-,Aboriginal,Central Australia,141
1993,Final,Female,60-,Aboriginal,East Arnhem,41
1993,Final,Female,60-,Aboriginal,Greater Darwin,43
1993,Final,Female,60-,Aboriginal,Top End,66
1993,Final,Female,60-,Non-Aboriginal,Barkly,23
1993,Final,Female,60-,Non-Aboriginal,Big Rivers,70
1993,Final,Female,60-,Non-Aboriginal,Central Australia,185
1993,Final,Female,60-,Non-Aboriginal,East Arnhem,3
1993,Final,Female,60-,Non-Aboriginal,Greater Darwin,645
1993,Final,Female,60-,Non-Aboriginal,Top End,40
1993,Final,Male,65-,Aboriginal,Barkly,29
1993,Final,Male,65-,Aboriginal,Big Rivers,44
1993,Final,Male,65-,Aboriginal,Central Australia,71
1993,Final,Male,65-,Aboriginal,East Arnhem,23
1993,Final,Male,65-,Aboriginal,Greater Darwin,21
1993,Final,Male,65-,Aboriginal,Top End,24
1993,Final,Male,65-,Non-Aboriginal,Barkly,34
1993,Final,Male,65-,Non-Aboriginal,Big Rivers,96
1993,Final,Male,65-,Non-Aboriginal,Central Australia,179
1993,Final,Male,65-,Non-Aboriginal,East Arnhem,3
1993,Final,Male,65-,Non-Aboriginal,Greater Darwin,637
1993,Final,Male,65-,Non-Aboriginal,Top End,46
1993,Final,Female,65-,Aboriginal,Barkly,27
1993,Final,Female,65-,Aboriginal,Big Rivers,52
1993,Final,Female,65-,Aboriginal,Central Australia,87
1993,Final,Female,65-,Aboriginal,East Arnhem,18
1993,Final,Female,65-,Aboriginal,Greater Darwin,36
1993,Final,Female,65-,Aboriginal,Top End,35
1993,Final,Female,65-,Non-Aboriginal,Barkly,17
1993,Final,Female,65-,Non-Aboriginal,Big Rivers,54
1993,Final,Female,65-,Non-Aboriginal,Central Australia,127
1993,Final,Female,65-,Non-Aboriginal,East Arnhem,3
1993,Final,Female,65-,Non-Aboriginal,Greater Darwin,482
1993,Final,Female,65-,Non-Aboriginal,Top End,31
1993,Final,Male,70-,Aboriginal,Barkly,17
1993,Final,Male,70-,Aboriginal,Big Rivers,24
1993,Final,Male,70-,Aboriginal,Central Australia,40
1993,Final,Male,70-,Aboriginal,East Arnhem,15
1993,Final,Male,70-,Aboriginal,Greater Darwin,15
1993,Final,Male,70-,Aboriginal,Top End,12
1993,Final,Male,70-,Non-Aboriginal,Barkly,19
1993,Final,Male,70-,Non-Aboriginal,Big Rivers,57
1993,Final,Male,70-,Non-Aboriginal,Central Australia,79
1993,Final,Male,70-,Non-Aboriginal,East Arnhem,0
1993,Final,Male,70-,Non-Aboriginal,Greater Darwin,348
1993,Final,Male,70-,Non-Aboriginal,Top End,20
1993,Final,Female,70-,Aboriginal,Barkly,23
1993,Final,Female,70-,Aboriginal,Big Rivers,43
1993,Final,Female,70-,Aboriginal,Central Australia,74
1993,Final,Female,70-,Aboriginal,East Arnhem,13
1993,Final,Female,70-,Aboriginal,Greater Darwin,25
1993,Final,Female,70-,Aboriginal,Top End,25
1993,Final,Female,70-,Non-Aboriginal,Barkly,5
1993,Final,Female,70-,Non-Aboriginal,Big Rivers,27
1993,Final,Female,70-,Non-Aboriginal,Central Australia,71
1993,Final,Female,70-,Non-Aboriginal,East Arnhem,0
1993,Final,Female,70-,Non-Aboriginal,Greater Darwin,333
1993,Final,Female,70-,Non-Aboriginal,Top End,16
1993,Final,Male,75-,Aboriginal,Barkly,9
1993,Final,Male,75-,Aboriginal,Big Rivers,16
1993,Final,Male,75-,Aboriginal,Central Australia,29
1993,Final,Male,75-,Aboriginal,East Arnhem,6
1993,Final,Male,75-,Aboriginal,Greater Darwin,5
1993,Final,Male,75-,Aboriginal,Top End,8
1993,Final,Male,75-,Non-Aboriginal,Barkly,8
1993,Final,Male,75-,Non-Aboriginal,Big Rivers,29
1993,Final,Male,75-,Non-Aboriginal,Central Australia,52
1993,Final,Male,75-,Non-Aboriginal,East Arnhem,0
1993,Final,Male,75-,Non-Aboriginal,Greater Darwin,188
1993,Final,Male,75-,Non-Aboriginal,Top End,7
1993,Final,Female,75-,Aboriginal,Barkly,13
1993,Final,Female,75-,Aboriginal,Big Rivers,12
1993,Final,Female,75-,Aboriginal,Central Australia,43
1993,Final,Female,75-,Aboriginal,East Arnhem,4
1993,Final,Female,75-,Aboriginal,Greater Darwin,16
1993,Final,Female,75-,Aboriginal,Top End,15
1993,Final,Female,75-,Non-Aboriginal,Barkly,5
1993,Final,Female,75-,Non-Aboriginal,Big Rivers,17
1993,Final,Female,75-,Non-Aboriginal,Central Australia,68
1993,Final,Female,75-,Non-Aboriginal,East Arnhem,0
1993,Final,Female,75-,Non-Aboriginal,Greater Darwin,214
1993,Final,Female,75-,Non-Aboriginal,Top End,4
1993,Final,Male,80-,Aboriginal,Barkly,2
1993,Final,Male,80-,Aboriginal,Big Rivers,9
1993,Final,Male,80-,Aboriginal,Central Australia,15
1993,Final,Male,80-,Aboriginal,East Arnhem,2
1993,Final,Male,80-,Aboriginal,Greater Darwin,2
1993,Final,Male,80-,Aboriginal,Top End,4
1993,Final,Male,80-,Non-Aboriginal,Barkly,2
1993,Final,Male,80-,Non-Aboriginal,Big Rivers,11
1993,Final,Male,80-,Non-Aboriginal,Central Australia,21
1993,Final,Male,80-,Non-Aboriginal,East Arnhem,0
1993,Final,Male,80-,Non-Aboriginal,Greater Darwin,81
1993,Final,Male,80-,Non-Aboriginal,Top End,3
1993,Final,Female,80-,Aboriginal,Barkly,6
1993,Final,Female,80-,Aboriginal,Big Rivers,4
1993,Final,Female,80-,Aboriginal,Central Australia,12
1993,Final,Female,80-,Aboriginal,East Arnhem,0
1993,Final,Female,80-,Aboriginal,Greater Darwin,8
1993,Final,Female,80-,Aboriginal,Top End,8
1993,Final,Female,80-,Non-Aboriginal,Barkly,5
1993,Final,Female,80-,Non-Aboriginal,Big Rivers,12
1993,Final,Female,80-,Non-Aboriginal,Central Australia,40
1993,Final,Female,80-,Non-Aboriginal,East Arnhem,1
1993,Final,Female,80-,Non-Aboriginal,Greater Darwin,103
1993,Final,Female,80-,Non-Aboriginal,Top End,3
1993,Final,Male,85+,Aboriginal,Barkly,0
1993,Final,Male,85+,Aboriginal,Big Rivers,4
1993,Final,Male,85+,Aboriginal,Central Australia,5
1993,Final,Male,85+,Aboriginal,East Arnhem,2
1993,Final,Male,85+,Aboriginal,Greater Darwin,1
1993,Final,Male,85+,Aboriginal,Top End,4
1993,Final,Male,85+,Non-Aboriginal,Barkly,5
1993,Final,Male,85+,Non-Aboriginal,Big Rivers,13
1993,Final,Male,85+,Non-Aboriginal,Central Australia,21
1993,Final,Male,85+,Non-Aboriginal,East Arnhem,1
1993,Final,Male,85+,Non-Aboriginal,Greater Darwin,42
1993,Final,Male,85+,Non-Aboriginal,Top End,5
1993,Final,Female,85+,Aboriginal,Barkly,4
1993,Final,Female,85+,Aboriginal,Big Rivers,6
1993,Final,Female,85+,Aboriginal,Central Australia,12
1993,Final,Female,85+,Aboriginal,East Arnhem,3
1993,Final,Female,85+,Aboriginal,Greater Darwin,2
1993,Final,Female,85+,Aboriginal,Top End,3
1993,Final,Female,85+,Non-Aboriginal,Barkly,3
1993,Final,Female,85+,Non-Aboriginal,Big Rivers,7
1993,Final,Female,85+,Non-Aboriginal,Central Australia,21
1993,Final,Female,85+,Non-Aboriginal,East Arnhem,1
1993,Final,Female,85+,Non-Aboriginal,Greater Darwin,75
1993,Final,Female,85+,Non-Aboriginal,Top End,3
1994,Final,Male,0-,Aboriginal,Barkly,331
1994,Final,Male,0-,Aboriginal,Big Rivers,612
1994,Final,Male,0-,Aboriginal,Central Australia,935
1994,Final,Male,0-,Aboriginal,East Arnhem,542
1994,Final,Male,0-,Aboriginal,Greater Darwin,570
1994,Final,Male,0-,Aboriginal,Top End,639
1994,Final,Male,0-,Non-Aboriginal,Barkly,112
1994,Final,Male,0-,Non-Aboriginal,Big Rivers,437
1994,Final,Male,0-,Non-Aboriginal,Central Australia,796
1994,Final,Male,0-,Non-Aboriginal,East Arnhem,181
1994,Final,Male,0-,Non-Aboriginal,Greater Darwin,3694
1994,Final,Male,0-,Non-Aboriginal,Top End,121
1994,Final,Female,0-,Aboriginal,Barkly,349
1994,Final,Female,0-,Aboriginal,Big Rivers,574
1994,Final,Female,0-,Aboriginal,Central Australia,851
1994,Final,Female,0-,Aboriginal,East Arnhem,477
1994,Final,Female,0-,Aboriginal,Greater Darwin,515
1994,Final,Female,0-,Aboriginal,Top End,638
1994,Final,Female,0-,Non-Aboriginal,Barkly,90
1994,Final,Female,0-,Non-Aboriginal,Big Rivers,413
1994,Final,Female,0-,Non-Aboriginal,Central Australia,831
1994,Final,Female,0-,Non-Aboriginal,East Arnhem,168
1994,Final,Female,0-,Non-Aboriginal,Greater Darwin,3540
1994,Final,Female,0-,Non-Aboriginal,Top End,108
1994,Final,Male,10-,Aboriginal,Barkly,268
1994,Final,Male,10-,Aboriginal,Big Rivers,457
1994,Final,Male,10-,Aboriginal,Central Australia,708
1994,Final,Male,10-,Aboriginal,East Arnhem,441
1994,Final,Male,10-,Aboriginal,Greater Darwin,573
1994,Final,Male,10-,Aboriginal,Top End,478
1994,Final,Male,10-,Non-Aboriginal,Barkly,74
1994,Final,Male,10-,Non-Aboriginal,Big Rivers,314
1994,Final,Male,10-,Non-Aboriginal,Central Australia,750
1994,Final,Male,10-,Non-Aboriginal,East Arnhem,196
1994,Final,Male,10-,Non-Aboriginal,Greater Darwin,3187
1994,Final,Male,10-,Non-Aboriginal,Top End,95
1994,Final,Female,10-,Aboriginal,Barkly,273
1994,Final,Female,10-,Aboriginal,Big Rivers,505
1994,Final,Female,10-,Aboriginal,Central Australia,771
1994,Final,Female,10-,Aboriginal,East Arnhem,428
1994,Final,Female,10-,Aboriginal,Greater Darwin,509
1994,Final,Female,10-,Aboriginal,Top End,508
1994,Final,Female,10-,Non-Aboriginal,Barkly,59
1994,Final,Female,10-,Non-Aboriginal,Big Rivers,252
1994,Final,Female,10-,Non-Aboriginal,Central Australia,658
1994,Final,Female,10-,Non-Aboriginal,East Arnhem,142
1994,Final,Female,10-,Non-Aboriginal,Greater Darwin,3055
1994,Final,Female,10-,Non-Aboriginal,Top End,59
1994,Final,Male,15-,Aboriginal,Barkly,243
1994,Final,Male,15-,Aboriginal,Big Rivers,442
1994,Final,Male,15-,Aboriginal,Central Australia,607
1994,Final,Male,15-,Aboriginal,East Arnhem,399
1994,Final,Male,15-,Aboriginal,Greater Darwin,466
1994,Final,Male,15-,Aboriginal,Top End,477
1994,Final,Male,15-,Non-Aboriginal,Barkly,147
1994,Final,Male,15-,Non-Aboriginal,Big Rivers,304
1994,Final,Male,15-,Non-Aboriginal,Central Australia,698
1994,Final,Male,15-,Non-Aboriginal,East Arnhem,132
1994,Final,Male,15-,Non-Aboriginal,Greater Darwin,3184
1994,Final,Male,15-,Non-Aboriginal,Top End,96
1994,Final,Female,15-,Aboriginal,Barkly,243
1994,Final,Female,15-,Aboriginal,Big Rivers,459
1994,Final,Female,15-,Aboriginal,Central Australia,729
1994,Final,Female,15-,Aboriginal,East Arnhem,406
1994,Final,Female,15-,Aboriginal,Greater Darwin,410
1994,Final,Female,15-,Aboriginal,Top End,484
1994,Final,Female,15-,Non-Aboriginal,Barkly,62
1994,Final,Female,15-,Non-Aboriginal,Big Rivers,153
1994,Final,Female,15-,Non-Aboriginal,Central Australia,504
1994,Final,Female,15-,Non-Aboriginal,East Arnhem,49
1994,Final,Female,15-,Non-Aboriginal,Greater Darwin,2943
1994,Final,Female,15-,Non-Aboriginal,Top End,9
1994,Final,Male,20-,Aboriginal,Barkly,244
1994,Final,Male,20-,Aboriginal,Big Rivers,428
1994,Final,Male,20-,Aboriginal,Central Australia,577
1994,Final,Male,20-,Aboriginal,East Arnhem,385
1994,Final,Male,20-,Aboriginal,Greater Darwin,358
1994,Final,Male,20-,Aboriginal,Top End,507
1994,Final,Male,20-,Non-Aboriginal,Barkly,173
1994,Final,Male,20-,Non-Aboriginal,Big Rivers,534
1994,Final,Male,20-,Non-Aboriginal,Central Australia,1023
1994,Final,Male,20-,Non-Aboriginal,East Arnhem,150
1994,Final,Male,20-,Non-Aboriginal,Greater Darwin,4037
1994,Final,Male,20-,Non-Aboriginal,Top End,172
1994,Final,Female,20-,Aboriginal,Barkly,231
1994,Final,Female,20-,Aboriginal,Big Rivers,461
1994,Final,Female,20-,Aboriginal,Central Australia,673
1994,Final,Female,20-,Aboriginal,East Arnhem,373
1994,Final,Female,20-,Aboriginal,Greater Darwin,391
1994,Final,Female,20-,Aboriginal,Top End,545
1994,Final,Female,20-,Non-Aboriginal,Barkly,158
1994,Final,Female,20-,Non-Aboriginal,Big Rivers,388
1994,Final,Female,20-,Non-Aboriginal,Central Australia,1049
1994,Final,Female,20-,Non-Aboriginal,East Arnhem,105
1994,Final,Female,20-,Non-Aboriginal,Greater Darwin,3765
1994,Final,Female,20-,Non-Aboriginal,Top End,129
1994,Final,Male,25-,Aboriginal,Barkly,210
1994,Final,Male,25-,Aboriginal,Big Rivers,410
1994,Final,Male,25-,Aboriginal,Central Australia,554
1994,Final,Male,25-,Aboriginal,East Arnhem,337
1994,Final,Male,25-,Aboriginal,Greater Darwin,377
1994,Final,Male,25-,Aboriginal,Top End,386
1994,Final,Male,25-,Non-Aboriginal,Barkly,153
1994,Final,Male,25-,Non-Aboriginal,Big Rivers,619
1994,Final,Male,25-,Non-Aboriginal,Central Australia,1218
1994,Final,Male,25-,Non-Aboriginal,East Arnhem,189
1994,Final,Male,25-,Non-Aboriginal,Greater Darwin,4314
1994,Final,Male,25-,Non-Aboriginal,Top End,244
1994,Final,Female,25-,Aboriginal,Barkly,223
1994,Final,Female,25-,Aboriginal,Big Rivers,411
1994,Final,Female,25-,Aboriginal,Central Australia,656
1994,Final,Female,25-,Aboriginal,East Arnhem,322
1994,Final,Female,25-,Aboriginal,Greater Darwin,313
1994,Final,Female,25-,Aboriginal,Top End,380
1994,Final,Female,25-,Non-Aboriginal,Barkly,140
1994,Final,Female,25-,Non-Aboriginal,Big Rivers,495
1994,Final,Female,25-,Non-Aboriginal,Central Australia,1114
1994,Final,Female,25-,Non-Aboriginal,East Arnhem,148
1994,Final,Female,25-,Non-Aboriginal,Greater Darwin,4201
1994,Final,Female,25-,Non-Aboriginal,Top End,208
1994,Final,Male,30-,Aboriginal,Barkly,165
1994,Final,Male,30-,Aboriginal,Big Rivers,349
1994,Final,Male,30-,Aboriginal,Central Australia,569
1994,Final,Male,30-,Aboriginal,East Arnhem,359
1994,Final,Male,30-,Aboriginal,Greater Darwin,329
1994,Final,Male,30-,Aboriginal,Top End,340
1994,Final,Male,30-,Non-Aboriginal,Barkly,148
1994,Final,Male,30-,Non-Aboriginal,Big Rivers,617
1994,Final,Male,30-,Non-Aboriginal,Central Australia,1192
1994,Final,Male,30-,Non-Aboriginal,East Arnhem,236
1994,Final,Male,30-,Non-Aboriginal,Greater Darwin,4502
1994,Final,Male,30-,Non-Aboriginal,Top End,235
1994,Final,Female,30-,Aboriginal,Barkly,182
1994,Final,Female,30-,Aboriginal,Big Rivers,301
1994,Final,Female,30-,Aboriginal,Central Australia,535
1994,Final,Female,30-,Aboriginal,East Arnhem,297
1994,Final,Female,30-,Aboriginal,Greater Darwin,350
1994,Final,Female,30-,Aboriginal,Top End,323
1994,Final,Female,30-,Non-Aboriginal,Barkly,113
1994,Final,Female,30-,Non-Aboriginal,Big Rivers,456
1994,Final,Female,30-,Non-Aboriginal,Central Australia,1140
1994,Final,Female,30-,Non-Aboriginal,East Arnhem,274
1994,Final,Female,30-,Non-Aboriginal,Greater Darwin,4170
1994,Final,Female,30-,Non-Aboriginal,Top End,211
1994,Final,Male,35-,Aboriginal,Barkly,133
1994,Final,Male,35-,Aboriginal,Big Rivers,260
1994,Final,Male,35-,Aboriginal,Central Australia,434
1994,Final,Male,35-,Aboriginal,East Arnhem,272
1994,Final,Male,35-,Aboriginal,Greater Darwin,274
1994,Final,Male,35-,Aboriginal,Top End,266
1994,Final,Male,35-,Non-Aboriginal,Barkly,130
1994,Final,Male,35-,Non-Aboriginal,Big Rivers,498
1994,Final,Male,35-,Non-Aboriginal,Central Australia,1084
1994,Final,Male,35-,Non-Aboriginal,East Arnhem,279
1994,Final,Male,35-,Non-Aboriginal,Greater Darwin,4149
1994,Final,Male,35-,Non-Aboriginal,Top End,242
1994,Final,Female,35-,Aboriginal,Barkly,150
1994,Final,Female,35-,Aboriginal,Big Rivers,283
1994,Final,Female,35-,Aboriginal,Central Australia,443
1994,Final,Female,35-,Aboriginal,East Arnhem,268
1994,Final,Female,35-,Aboriginal,Greater Darwin,279
1994,Final,Female,35-,Aboriginal,Top End,254
1994,Final,Female,35-,Non-Aboriginal,Barkly,108
1994,Final,Female,35-,Non-Aboriginal,Big Rivers,335
1994,Final,Female,35-,Non-Aboriginal,Central Australia,952
1994,Final,Female,35-,Non-Aboriginal,East Arnhem,232
1994,Final,Female,35-,Non-Aboriginal,Greater Darwin,3840
1994,Final,Female,35-,Non-Aboriginal,Top End,160
1994,Final,Male,40-,Aboriginal,Barkly,104
1994,Final,Male,40-,Aboriginal,Big Rivers,211
1994,Final,Male,40-,Aboriginal,Central Australia,325
1994,Final,Male,40-,Aboriginal,East Arnhem,204
1994,Final,Male,40-,Aboriginal,Greater Darwin,234
1994,Final,Male,40-,Aboriginal,Top End,217
1994,Final,Male,40-,Non-Aboriginal,Barkly,142
1994,Final,Male,40-,Non-Aboriginal,Big Rivers,428
1994,Final,Male,40-,Non-Aboriginal,Central Australia,939
1994,Final,Male,40-,Non-Aboriginal,East Arnhem,284
1994,Final,Male,40-,Non-Aboriginal,Greater Darwin,3955
1994,Final,Male,40-,Non-Aboriginal,Top End,221
1994,Final,Female,40-,Aboriginal,Barkly,114
1994,Final,Female,40-,Aboriginal,Big Rivers,222
1994,Final,Female,40-,Aboriginal,Central Australia,407
1994,Final,Female,40-,Aboriginal,East Arnhem,185
1994,Final,Female,40-,Aboriginal,Greater Darwin,217
1994,Final,Female,40-,Aboriginal,Top End,218
1994,Final,Female,40-,Non-Aboriginal,Barkly,111
1994,Final,Female,40-,Non-Aboriginal,Big Rivers,270
1994,Final,Female,40-,Non-Aboriginal,Central Australia,795
1994,Final,Female,40-,Non-Aboriginal,East Arnhem,178
1994,Final,Female,40-,Non-Aboriginal,Greater Darwin,3505
1994,Final,Female,40-,Non-Aboriginal,Top End,127
1994,Final,Male,45-,Aboriginal,Barkly,69
1994,Final,Male,45-,Aboriginal,Big Rivers,121
1994,Final,Male,45-,Aboriginal,Central Australia,184
1994,Final,Male,45-,Aboriginal,East Arnhem,137
1994,Final,Male,45-,Aboriginal,Greater Darwin,169
1994,Final,Male,45-,Aboriginal,Top End,126
1994,Final,Male,45-,Non-Aboriginal,Barkly,141
1994,Final,Male,45-,Non-Aboriginal,Big Rivers,395
1994,Final,Male,45-,Non-Aboriginal,Central Australia,897
1994,Final,Male,45-,Non-Aboriginal,East Arnhem,262
1994,Final,Male,45-,Non-Aboriginal,Greater Darwin,3443
1994,Final,Male,45-,Non-Aboriginal,Top End,209
1994,Final,Female,45-,Aboriginal,Barkly,78
1994,Final,Female,45-,Aboriginal,Big Rivers,143
1994,Final,Female,45-,Aboriginal,Central Australia,251
1994,Final,Female,45-,Aboriginal,East Arnhem,127
1994,Final,Female,45-,Aboriginal,Greater Darwin,171
1994,Final,Female,45-,Aboriginal,Top End,146
1994,Final,Female,45-,Non-Aboriginal,Barkly,98
1994,Final,Female,45-,Non-Aboriginal,Big Rivers,255
1994,Final,Female,45-,Non-Aboriginal,Central Australia,717
1994,Final,Female,45-,Non-Aboriginal,East Arnhem,151
1994,Final,Female,45-,Non-Aboriginal,Greater Darwin,2822
1994,Final,Female,45-,Non-Aboriginal,Top End,132
1994,Final,Male,5-,Aboriginal,Barkly,338
1994,Final,Male,5-,Aboriginal,Big Rivers,573
1994,Final,Male,5-,Aboriginal,Central Australia,778
1994,Final,Male,5-,Aboriginal,East Arnhem,492
1994,Final,Male,5-,Aboriginal,Greater Darwin,514
1994,Final,Male,5-,Aboriginal,Top End,605
1994,Final,Male,5-,Non-Aboriginal,Barkly,74
1994,Final,Male,5-,Non-Aboriginal,Big Rivers,446
1994,Final,Male,5-,Non-Aboriginal,Central Australia,827
1994,Final,Male,5-,Non-Aboriginal,East Arnhem,226
1994,Final,Male,5-,Non-Aboriginal,Greater Darwin,3265
1994,Final,Male,5-,Non-Aboriginal,Top End,114
1994,Final,Female,5-,Aboriginal,Barkly,305
1994,Final,Female,5-,Aboriginal,Big Rivers,537
1994,Final,Female,5-,Aboriginal,Central Australia,792
1994,Final,Female,5-,Aboriginal,East Arnhem,453
1994,Final,Female,5-,Aboriginal,Greater Darwin,421
1994,Final,Female,5-,Aboriginal,Top End,577
1994,Final,Female,5-,Non-Aboriginal,Barkly,78
1994,Final,Female,5-,Non-Aboriginal,Big Rivers,357
1994,Final,Female,5-,Non-Aboriginal,Central Australia,720
1994,Final,Female,5-,Non-Aboriginal,East Arnhem,193
1994,Final,Female,5-,Non-Aboriginal,Greater Darwin,3079
1994,Final,Female,5-,Non-Aboriginal,Top End,114
1994,Final,Male,50-,Aboriginal,Barkly,58
1994,Final,Male,50-,Aboriginal,Big Rivers,98
1994,Final,Male,50-,Aboriginal,Central Australia,167
1994,Final,Male,50-,Aboriginal,East Arnhem,89
1994,Final,Male,50-,Aboriginal,Greater Darwin,81
1994,Final,Male,50-,Aboriginal,Top End,84
1994,Final,Male,50-,Non-Aboriginal,Barkly,114
1994,Final,Male,50-,Non-Aboriginal,Big Rivers,304
1994,Final,Male,50-,Non-Aboriginal,Central Australia,619
1994,Final,Male,50-,Non-Aboriginal,East Arnhem,172
1994,Final,Male,50-,Non-Aboriginal,Greater Darwin,2512
1994,Final,Male,50-,Non-Aboriginal,Top End,172
1994,Final,Female,50-,Aboriginal,Barkly,67
1994,Final,Female,50-,Aboriginal,Big Rivers,129
1994,Final,Female,50-,Aboriginal,Central Australia,222
1994,Final,Female,50-,Aboriginal,East Arnhem,84
1994,Final,Female,50-,Aboriginal,Greater Darwin,96
1994,Final,Female,50-,Aboriginal,Top End,103
1994,Final,Female,50-,Non-Aboriginal,Barkly,50
1994,Final,Female,50-,Non-Aboriginal,Big Rivers,150
1994,Final,Female,50-,Non-Aboriginal,Central Australia,471
1994,Final,Female,50-,Non-Aboriginal,East Arnhem,78
1994,Final,Female,50-,Non-Aboriginal,Greater Darwin,1762
1994,Final,Female,50-,Non-Aboriginal,Top End,75
1994,Final,Male,55-,Aboriginal,Barkly,32
1994,Final,Male,55-,Aboriginal,Big Rivers,78
1994,Final,Male,55-,Aboriginal,Central Australia,114
1994,Final,Male,55-,Aboriginal,East Arnhem,49
1994,Final,Male,55-,Aboriginal,Greater Darwin,49
1994,Final,Male,55-,Aboriginal,Top End,61
1994,Final,Male,55-,Non-Aboriginal,Barkly,90
1994,Final,Male,55-,Non-Aboriginal,Big Rivers,198
1994,Final,Male,55-,Non-Aboriginal,Central Australia,428
1994,Final,Male,55-,Non-Aboriginal,East Arnhem,85
1994,Final,Male,55-,Non-Aboriginal,Greater Darwin,1552
1994,Final,Male,55-,Non-Aboriginal,Top End,107
1994,Final,Female,55-,Aboriginal,Barkly,41
1994,Final,Female,55-,Aboriginal,Big Rivers,100
1994,Final,Female,55-,Aboriginal,Central Australia,168
1994,Final,Female,55-,Aboriginal,East Arnhem,59
1994,Final,Female,55-,Aboriginal,Greater Darwin,52
1994,Final,Female,55-,Aboriginal,Top End,77
1994,Final,Female,55-,Non-Aboriginal,Barkly,54
1994,Final,Female,55-,Non-Aboriginal,Big Rivers,97
1994,Final,Female,55-,Non-Aboriginal,Central Australia,265
1994,Final,Female,55-,Non-Aboriginal,East Arnhem,21
1994,Final,Female,55-,Non-Aboriginal,Greater Darwin,1050
1994,Final,Female,55-,Non-Aboriginal,Top End,63
1994,Final,Male,60-,Aboriginal,Barkly,27
1994,Final,Male,60-,Aboriginal,Big Rivers,49
1994,Final,Male,60-,Aboriginal,Central Australia,91
1994,Final,Male,60-,Aboriginal,East Arnhem,32
1994,Final,Male,60-,Aboriginal,Greater Darwin,37
1994,Final,Male,60-,Aboriginal,Top End,46
1994,Final,Male,60-,Non-Aboriginal,Barkly,68
1994,Final,Male,60-,Non-Aboriginal,Big Rivers,144
1994,Final,Male,60-,Non-Aboriginal,Central Australia,235
1994,Final,Male,60-,Non-Aboriginal,East Arnhem,33
1994,Final,Male,60-,Non-Aboriginal,Greater Darwin,985
1994,Final,Male,60-,Non-Aboriginal,Top End,83
1994,Final,Female,60-,Aboriginal,Barkly,54
1994,Final,Female,60-,Aboriginal,Big Rivers,71
1994,Final,Female,60-,Aboriginal,Central Australia,149
1994,Final,Female,60-,Aboriginal,East Arnhem,53
1994,Final,Female,60-,Aboriginal,Greater Darwin,45
1994,Final,Female,60-,Aboriginal,Top End,67
1994,Final,Female,60-,Non-Aboriginal,Barkly,23
1994,Final,Female,60-,Non-Aboriginal,Big Rivers,67
1994,Final,Female,60-,Non-Aboriginal,Central Australia,196
1994,Final,Female,60-,Non-Aboriginal,East Arnhem,4
1994,Final,Female,60-,Non-Aboriginal,Greater Darwin,689
1994,Final,Female,60-,Non-Aboriginal,Top End,41
1994,Final,Male,65-,Aboriginal,Barkly,29
1994,Final,Male,65-,Aboriginal,Big Rivers,43
1994,Final,Male,65-,Aboriginal,Central Australia,74
1994,Final,Male,65-,Aboriginal,East Arnhem,22
1994,Final,Male,65-,Aboriginal,Greater Darwin,23
1994,Final,Male,65-,Aboriginal,Top End,25
1994,Final,Male,65-,Non-Aboriginal,Barkly,33
1994,Final,Male,65-,Non-Aboriginal,Big Rivers,94
1994,Final,Male,65-,Non-Aboriginal,Central Australia,185
1994,Final,Male,65-,Non-Aboriginal,East Arnhem,3
1994,Final,Male,65-,Non-Aboriginal,Greater Darwin,703
1994,Final,Male,65-,Non-Aboriginal,Top End,47
1994,Final,Female,65-,Aboriginal,Barkly,27
1994,Final,Female,65-,Aboriginal,Big Rivers,51
1994,Final,Female,65-,Aboriginal,Central Australia,88
1994,Final,Female,65-,Aboriginal,East Arnhem,22
1994,Final,Female,65-,Aboriginal,Greater Darwin,37
1994,Final,Female,65-,Aboriginal,Top End,35
1994,Final,Female,65-,Non-Aboriginal,Barkly,17
1994,Final,Female,65-,Non-Aboriginal,Big Rivers,53
1994,Final,Female,65-,Non-Aboriginal,Central Australia,128
1994,Final,Female,65-,Non-Aboriginal,East Arnhem,4
1994,Final,Female,65-,Non-Aboriginal,Greater Darwin,508
1994,Final,Female,65-,Non-Aboriginal,Top End,30
1994,Final,Male,70-,Aboriginal,Barkly,19
1994,Final,Male,70-,Aboriginal,Big Rivers,25
1994,Final,Male,70-,Aboriginal,Central Australia,40
1994,Final,Male,70-,Aboriginal,East Arnhem,16
1994,Final,Male,70-,Aboriginal,Greater Darwin,16
1994,Final,Male,70-,Aboriginal,Top End,13
1994,Final,Male,70-,Non-Aboriginal,Barkly,21
1994,Final,Male,70-,Non-Aboriginal,Big Rivers,59
1994,Final,Male,70-,Non-Aboriginal,Central Australia,80
1994,Final,Male,70-,Non-Aboriginal,East Arnhem,1
1994,Final,Male,70-,Non-Aboriginal,Greater Darwin,380
1994,Final,Male,70-,Non-Aboriginal,Top End,20
1994,Final,Female,70-,Aboriginal,Barkly,24
1994,Final,Female,70-,Aboriginal,Big Rivers,44
1994,Final,Female,70-,Aboriginal,Central Australia,72
1994,Final,Female,70-,Aboriginal,East Arnhem,15
1994,Final,Female,70-,Aboriginal,Greater Darwin,28
1994,Final,Female,70-,Aboriginal,Top End,28
1994,Final,Female,70-,Non-Aboriginal,Barkly,6
1994,Final,Female,70-,Non-Aboriginal,Big Rivers,28
1994,Final,Female,70-,Non-Aboriginal,Central Australia,69
1994,Final,Female,70-,Non-Aboriginal,East Arnhem,0
1994,Final,Female,70-,Non-Aboriginal,Greater Darwin,366
1994,Final,Female,70-,Non-Aboriginal,Top End,17
1994,Final,Male,75-,Aboriginal,Barkly,10
1994,Final,Male,75-,Aboriginal,Big Rivers,16
1994,Final,Male,75-,Aboriginal,Central Australia,30
1994,Final,Male,75-,Aboriginal,East Arnhem,6
1994,Final,Male,75-,Aboriginal,Greater Darwin,5
1994,Final,Male,75-,Aboriginal,Top End,8
1994,Final,Male,75-,Non-Aboriginal,Barkly,9
1994,Final,Male,75-,Non-Aboriginal,Big Rivers,29
1994,Final,Male,75-,Non-Aboriginal,Central Australia,53
1994,Final,Male,75-,Non-Aboriginal,East Arnhem,0
1994,Final,Male,75-,Non-Aboriginal,Greater Darwin,190
1994,Final,Male,75-,Non-Aboriginal,Top End,7
1994,Final,Female,75-,Aboriginal,Barkly,13
1994,Final,Female,75-,Aboriginal,Big Rivers,13
1994,Final,Female,75-,Aboriginal,Central Australia,45
1994,Final,Female,75-,Aboriginal,East Arnhem,6
1994,Final,Female,75-,Aboriginal,Greater Darwin,16
1994,Final,Female,75-,Aboriginal,Top End,14
1994,Final,Female,75-,Non-Aboriginal,Barkly,5
1994,Final,Female,75-,Non-Aboriginal,Big Rivers,18
1994,Final,Female,75-,Non-Aboriginal,Central Australia,70
1994,Final,Female,75-,Non-Aboriginal,East Arnhem,0
1994,Final,Female,75-,Non-Aboriginal,Greater Darwin,217
1994,Final,Female,75-,Non-Aboriginal,Top End,4
1994,Final,Male,80-,Aboriginal,Barkly,3
1994,Final,Male,80-,Aboriginal,Big Rivers,11
1994,Final,Male,80-,Aboriginal,Central Australia,16
1994,Final,Male,80-,Aboriginal,East Arnhem,2
1994,Final,Male,80-,Aboriginal,Greater Darwin,2
1994,Final,Male,80-,Aboriginal,Top End,4
1994,Final,Male,80-,Non-Aboriginal,Barkly,3
1994,Final,Male,80-,Non-Aboriginal,Big Rivers,13
1994,Final,Male,80-,Non-Aboriginal,Central Australia,21
1994,Final,Male,80-,Non-Aboriginal,East Arnhem,0
1994,Final,Male,80-,Non-Aboriginal,Greater Darwin,88
1994,Final,Male,80-,Non-Aboriginal,Top End,3
1994,Final,Female,80-,Aboriginal,Barkly,6
1994,Final,Female,80-,Aboriginal,Big Rivers,4
1994,Final,Female,80-,Aboriginal,Central Australia,13
1994,Final,Female,80-,Aboriginal,East Arnhem,0
1994,Final,Female,80-,Aboriginal,Greater Darwin,8
1994,Final,Female,80-,Aboriginal,Top End,9
1994,Final,Female,80-,Non-Aboriginal,Barkly,4
1994,Final,Female,80-,Non-Aboriginal,Big Rivers,12
1994,Final,Female,80-,Non-Aboriginal,Central Australia,43
1994,Final,Female,80-,Non-Aboriginal,East Arnhem,2
1994,Final,Female,80-,Non-Aboriginal,Greater Darwin,105
1994,Final,Female,80-,Non-Aboriginal,Top End,4
1994,Final,Male,85+,Aboriginal,Barkly,0
1994,Final,Male,85+,Aboriginal,Big Rivers,4
1994,Final,Male,85+,Aboriginal,Central Australia,5
1994,Final,Male,85+,Aboriginal,East Arnhem,2
1994,Final,Male,85+,Aboriginal,Greater Darwin,1
1994,Final,Male,85+,Aboriginal,Top End,6
1994,Final,Male,85+,Non-Aboriginal,Barkly,4
1994,Final,Male,85+,Non-Aboriginal,Big Rivers,15
1994,Final,Male,85+,Non-Aboriginal,Central Australia,19
1994,Final,Male,85+,Non-Aboriginal,East Arnhem,1
1994,Final,Male,85+,Non-Aboriginal,Greater Darwin,46
1994,Final,Male,85+,Non-Aboriginal,Top End,7
1994,Final,Female,85+,Aboriginal,Barkly,5
1994,Final,Female,85+,Aboriginal,Big Rivers,8
1994,Final,Female,85+,Aboriginal,Central Australia,16
1994,Final,Female,85+,Aboriginal,East Arnhem,5
1994,Final,Female,85+,Aboriginal,Greater Darwin,2
1994,Final,Female,85+,Aboriginal,Top End,5
1994,Final,Female,85+,Non-Aboriginal,Barkly,4
1994,Final,Female,85+,Non-Aboriginal,Big Rivers,9
1994,Final,Female,85+,Non-Aboriginal,Central Australia,28
1994,Final,Female,85+,Non-Aboriginal,East Arnhem,1
1994,Final,Female,85+,Non-Aboriginal,Greater Darwin,85
1994,Final,Female,85+,Non-Aboriginal,Top End,5
1995,Final,Male,0-,Aboriginal,Barkly,342
1995,Final,Male,0-,Aboriginal,Big Rivers,625
1995,Final,Male,0-,Aboriginal,Central Australia,947
1995,Final,Male,0-,Aboriginal,East Arnhem,545
1995,Final,Male,0-,Aboriginal,Greater Darwin,588
1995,Final,Male,0-,Aboriginal,Top End,661
1995,Final,Male,0-,Non-Aboriginal,Barkly,116
1995,Final,Male,0-,Non-Aboriginal,Big Rivers,446
1995,Final,Male,0-,Non-Aboriginal,Central Australia,806
1995,Final,Male,0-,Non-Aboriginal,East Arnhem,183
1995,Final,Male,0-,Non-Aboriginal,Greater Darwin,3811
1995,Final,Male,0-,Non-Aboriginal,Top End,125
1995,Final,Female,0-,Aboriginal,Barkly,367
1995,Final,Female,0-,Aboriginal,Big Rivers,576
1995,Final,Female,0-,Aboriginal,Central Australia,858
1995,Final,Female,0-,Aboriginal,East Arnhem,500
1995,Final,Female,0-,Aboriginal,Greater Darwin,527
1995,Final,Female,0-,Aboriginal,Top End,653
1995,Final,Female,0-,Non-Aboriginal,Barkly,94
1995,Final,Female,0-,Non-Aboriginal,Big Rivers,414
1995,Final,Female,0-,Non-Aboriginal,Central Australia,837
1995,Final,Female,0-,Non-Aboriginal,East Arnhem,168
1995,Final,Female,0-,Non-Aboriginal,Greater Darwin,3614
1995,Final,Female,0-,Non-Aboriginal,Top End,110
1995,Final,Male,10-,Aboriginal,Barkly,280
1995,Final,Male,10-,Aboriginal,Big Rivers,474
1995,Final,Male,10-,Aboriginal,Central Australia,723
1995,Final,Male,10-,Aboriginal,East Arnhem,445
1995,Final,Male,10-,Aboriginal,Greater Darwin,575
1995,Final,Male,10-,Aboriginal,Top End,495
1995,Final,Male,10-,Non-Aboriginal,Barkly,77
1995,Final,Male,10-,Non-Aboriginal,Big Rivers,326
1995,Final,Male,10-,Non-Aboriginal,Central Australia,766
1995,Final,Male,10-,Non-Aboriginal,East Arnhem,200
1995,Final,Male,10-,Non-Aboriginal,Greater Darwin,3200
1995,Final,Male,10-,Non-Aboriginal,Top End,99
1995,Final,Female,10-,Aboriginal,Barkly,286
1995,Final,Female,10-,Aboriginal,Big Rivers,525
1995,Final,Female,10-,Aboriginal,Central Australia,784
1995,Final,Female,10-,Aboriginal,East Arnhem,438
1995,Final,Female,10-,Aboriginal,Greater Darwin,509
1995,Final,Female,10-,Aboriginal,Top End,526
1995,Final,Female,10-,Non-Aboriginal,Barkly,62
1995,Final,Female,10-,Non-Aboriginal,Big Rivers,262
1995,Final,Female,10-,Non-Aboriginal,Central Australia,668
1995,Final,Female,10-,Non-Aboriginal,East Arnhem,142
1995,Final,Female,10-,Non-Aboriginal,Greater Darwin,3057
1995,Final,Female,10-,Non-Aboriginal,Top End,61
1995,Final,Male,15-,Aboriginal,Barkly,243
1995,Final,Male,15-,Aboriginal,Big Rivers,456
1995,Final,Male,15-,Aboriginal,Central Australia,608
1995,Final,Male,15-,Aboriginal,East Arnhem,395
1995,Final,Male,15-,Aboriginal,Greater Darwin,469
1995,Final,Male,15-,Aboriginal,Top End,498
1995,Final,Male,15-,Non-Aboriginal,Barkly,147
1995,Final,Male,15-,Non-Aboriginal,Big Rivers,314
1995,Final,Male,15-,Non-Aboriginal,Central Australia,699
1995,Final,Male,15-,Non-Aboriginal,East Arnhem,133
1995,Final,Male,15-,Non-Aboriginal,Greater Darwin,3206
1995,Final,Male,15-,Non-Aboriginal,Top End,100
1995,Final,Female,15-,Aboriginal,Barkly,253
1995,Final,Female,15-,Aboriginal,Big Rivers,473
1995,Final,Female,15-,Aboriginal,Central Australia,743
1995,Final,Female,15-,Aboriginal,East Arnhem,436
1995,Final,Female,15-,Aboriginal,Greater Darwin,413
1995,Final,Female,15-,Aboriginal,Top End,498
1995,Final,Female,15-,Non-Aboriginal,Barkly,65
1995,Final,Female,15-,Non-Aboriginal,Big Rivers,157
1995,Final,Female,15-,Non-Aboriginal,Central Australia,514
1995,Final,Female,15-,Non-Aboriginal,East Arnhem,51
1995,Final,Female,15-,Non-Aboriginal,Greater Darwin,2963
1995,Final,Female,15-,Non-Aboriginal,Top End,10
1995,Final,Male,20-,Aboriginal,Barkly,261
1995,Final,Male,20-,Aboriginal,Big Rivers,437
1995,Final,Male,20-,Aboriginal,Central Australia,593
1995,Final,Male,20-,Aboriginal,East Arnhem,408
1995,Final,Male,20-,Aboriginal,Greater Darwin,371
1995,Final,Male,20-,Aboriginal,Top End,519
1995,Final,Male,20-,Non-Aboriginal,Barkly,185
1995,Final,Male,20-,Non-Aboriginal,Big Rivers,546
1995,Final,Male,20-,Non-Aboriginal,Central Australia,1052
1995,Final,Male,20-,Non-Aboriginal,East Arnhem,160
1995,Final,Male,20-,Non-Aboriginal,Greater Darwin,4175
1995,Final,Male,20-,Non-Aboriginal,Top End,176
1995,Final,Female,20-,Aboriginal,Barkly,235
1995,Final,Female,20-,Aboriginal,Big Rivers,447
1995,Final,Female,20-,Aboriginal,Central Australia,666
1995,Final,Female,20-,Aboriginal,East Arnhem,400
1995,Final,Female,20-,Aboriginal,Greater Darwin,387
1995,Final,Female,20-,Aboriginal,Top End,559
1995,Final,Female,20-,Non-Aboriginal,Barkly,160
1995,Final,Female,20-,Non-Aboriginal,Big Rivers,377
1995,Final,Female,20-,Non-Aboriginal,Central Australia,1037
1995,Final,Female,20-,Non-Aboriginal,East Arnhem,105
1995,Final,Female,20-,Non-Aboriginal,Greater Darwin,3726
1995,Final,Female,20-,Non-Aboriginal,Top End,132
1995,Final,Male,25-,Aboriginal,Barkly,220
1995,Final,Male,25-,Aboriginal,Big Rivers,423
1995,Final,Male,25-,Aboriginal,Central Australia,560
1995,Final,Male,25-,Aboriginal,East Arnhem,341
1995,Final,Male,25-,Aboriginal,Greater Darwin,392
1995,Final,Male,25-,Aboriginal,Top End,399
1995,Final,Male,25-,Non-Aboriginal,Barkly,160
1995,Final,Male,25-,Non-Aboriginal,Big Rivers,638
1995,Final,Male,25-,Non-Aboriginal,Central Australia,1229
1995,Final,Male,25-,Non-Aboriginal,East Arnhem,193
1995,Final,Male,25-,Non-Aboriginal,Greater Darwin,4488
1995,Final,Male,25-,Non-Aboriginal,Top End,252
1995,Final,Female,25-,Aboriginal,Barkly,238
1995,Final,Female,25-,Aboriginal,Big Rivers,433
1995,Final,Female,25-,Aboriginal,Central Australia,672
1995,Final,Female,25-,Aboriginal,East Arnhem,358
1995,Final,Female,25-,Aboriginal,Greater Darwin,327
1995,Final,Female,25-,Aboriginal,Top End,389
1995,Final,Female,25-,Non-Aboriginal,Barkly,149
1995,Final,Female,25-,Non-Aboriginal,Big Rivers,521
1995,Final,Female,25-,Non-Aboriginal,Central Australia,1141
1995,Final,Female,25-,Non-Aboriginal,East Arnhem,150
1995,Final,Female,25-,Non-Aboriginal,Greater Darwin,4387
1995,Final,Female,25-,Non-Aboriginal,Top End,213
1995,Final,Male,30-,Aboriginal,Barkly,167
1995,Final,Male,30-,Aboriginal,Big Rivers,357
1995,Final,Male,30-,Aboriginal,Central Australia,561
1995,Final,Male,30-,Aboriginal,East Arnhem,348
1995,Final,Male,30-,Aboriginal,Greater Darwin,332
1995,Final,Male,30-,Aboriginal,Top End,335
1995,Final,Male,30-,Non-Aboriginal,Barkly,150
1995,Final,Male,30-,Non-Aboriginal,Big Rivers,631
1995,Final,Male,30-,Non-Aboriginal,Central Australia,1175
1995,Final,Male,30-,Non-Aboriginal,East Arnhem,230
1995,Final,Male,30-,Non-Aboriginal,Greater Darwin,4554
1995,Final,Male,30-,Non-Aboriginal,Top End,231
1995,Final,Female,30-,Aboriginal,Barkly,186
1995,Final,Female,30-,Aboriginal,Big Rivers,301
1995,Final,Female,30-,Aboriginal,Central Australia,536
1995,Final,Female,30-,Aboriginal,East Arnhem,312
1995,Final,Female,30-,Aboriginal,Greater Darwin,348
1995,Final,Female,30-,Aboriginal,Top End,327
1995,Final,Female,30-,Non-Aboriginal,Barkly,115
1995,Final,Female,30-,Non-Aboriginal,Big Rivers,455
1995,Final,Female,30-,Non-Aboriginal,Central Australia,1141
1995,Final,Female,30-,Non-Aboriginal,East Arnhem,270
1995,Final,Female,30-,Non-Aboriginal,Greater Darwin,4164
1995,Final,Female,30-,Non-Aboriginal,Top End,214
1995,Final,Male,35-,Aboriginal,Barkly,140
1995,Final,Male,35-,Aboriginal,Big Rivers,269
1995,Final,Male,35-,Aboriginal,Central Australia,462
1995,Final,Male,35-,Aboriginal,East Arnhem,270
1995,Final,Male,35-,Aboriginal,Greater Darwin,284
1995,Final,Male,35-,Aboriginal,Top End,270
1995,Final,Male,35-,Non-Aboriginal,Barkly,137
1995,Final,Male,35-,Non-Aboriginal,Big Rivers,516
1995,Final,Male,35-,Non-Aboriginal,Central Australia,1152
1995,Final,Male,35-,Non-Aboriginal,East Arnhem,278
1995,Final,Male,35-,Non-Aboriginal,Greater Darwin,4298
1995,Final,Male,35-,Non-Aboriginal,Top End,245
1995,Final,Female,35-,Aboriginal,Barkly,153
1995,Final,Female,35-,Aboriginal,Big Rivers,291
1995,Final,Female,35-,Aboriginal,Central Australia,458
1995,Final,Female,35-,Aboriginal,East Arnhem,279
1995,Final,Female,35-,Aboriginal,Greater Darwin,288
1995,Final,Female,35-,Aboriginal,Top End,257
1995,Final,Female,35-,Non-Aboriginal,Barkly,110
1995,Final,Female,35-,Non-Aboriginal,Big Rivers,346
1995,Final,Female,35-,Non-Aboriginal,Central Australia,985
1995,Final,Female,35-,Non-Aboriginal,East Arnhem,231
1995,Final,Female,35-,Non-Aboriginal,Greater Darwin,3950
1995,Final,Female,35-,Non-Aboriginal,Top End,162
1995,Final,Male,40-,Aboriginal,Barkly,105
1995,Final,Male,40-,Aboriginal,Big Rivers,213
1995,Final,Male,40-,Aboriginal,Central Australia,332
1995,Final,Male,40-,Aboriginal,East Arnhem,198
1995,Final,Male,40-,Aboriginal,Greater Darwin,235
1995,Final,Male,40-,Aboriginal,Top End,220
1995,Final,Male,40-,Non-Aboriginal,Barkly,142
1995,Final,Male,40-,Non-Aboriginal,Big Rivers,433
1995,Final,Male,40-,Non-Aboriginal,Central Australia,959
1995,Final,Male,40-,Non-Aboriginal,East Arnhem,277
1995,Final,Male,40-,Non-Aboriginal,Greater Darwin,3956
1995,Final,Male,40-,Non-Aboriginal,Top End,224
1995,Final,Female,40-,Aboriginal,Barkly,116
1995,Final,Female,40-,Aboriginal,Big Rivers,231
1995,Final,Female,40-,Aboriginal,Central Australia,424
1995,Final,Female,40-,Aboriginal,East Arnhem,196
1995,Final,Female,40-,Aboriginal,Greater Darwin,221
1995,Final,Female,40-,Aboriginal,Top End,229
1995,Final,Female,40-,Non-Aboriginal,Barkly,112
1995,Final,Female,40-,Non-Aboriginal,Big Rivers,281
1995,Final,Female,40-,Non-Aboriginal,Central Australia,826
1995,Final,Female,40-,Non-Aboriginal,East Arnhem,184
1995,Final,Female,40-,Non-Aboriginal,Greater Darwin,3573
1995,Final,Female,40-,Non-Aboriginal,Top End,133
1995,Final,Male,45-,Aboriginal,Barkly,73
1995,Final,Male,45-,Aboriginal,Big Rivers,126
1995,Final,Male,45-,Aboriginal,Central Australia,195
1995,Final,Male,45-,Aboriginal,East Arnhem,140
1995,Final,Male,45-,Aboriginal,Greater Darwin,178
1995,Final,Male,45-,Aboriginal,Top End,129
1995,Final,Male,45-,Non-Aboriginal,Barkly,148
1995,Final,Male,45-,Non-Aboriginal,Big Rivers,412
1995,Final,Male,45-,Non-Aboriginal,Central Australia,950
1995,Final,Male,45-,Non-Aboriginal,East Arnhem,269
1995,Final,Male,45-,Non-Aboriginal,Greater Darwin,3637
1995,Final,Male,45-,Non-Aboriginal,Top End,213
1995,Final,Female,45-,Aboriginal,Barkly,82
1995,Final,Female,45-,Aboriginal,Big Rivers,149
1995,Final,Female,45-,Aboriginal,Central Australia,257
1995,Final,Female,45-,Aboriginal,East Arnhem,140
1995,Final,Female,45-,Aboriginal,Greater Darwin,182
1995,Final,Female,45-,Aboriginal,Top End,151
1995,Final,Female,45-,Non-Aboriginal,Barkly,104
1995,Final,Female,45-,Non-Aboriginal,Big Rivers,265
1995,Final,Female,45-,Non-Aboriginal,Central Australia,734
1995,Final,Female,45-,Non-Aboriginal,East Arnhem,158
1995,Final,Female,45-,Non-Aboriginal,Greater Darwin,3002
1995,Final,Female,45-,Non-Aboriginal,Top End,136
1995,Final,Male,5-,Aboriginal,Barkly,351
1995,Final,Male,5-,Aboriginal,Big Rivers,586
1995,Final,Male,5-,Aboriginal,Central Australia,790
1995,Final,Male,5-,Aboriginal,East Arnhem,483
1995,Final,Male,5-,Aboriginal,Greater Darwin,520
1995,Final,Male,5-,Aboriginal,Top End,634
1995,Final,Male,5-,Non-Aboriginal,Barkly,77
1995,Final,Male,5-,Non-Aboriginal,Big Rivers,456
1995,Final,Male,5-,Non-Aboriginal,Central Australia,841
1995,Final,Male,5-,Non-Aboriginal,East Arnhem,224
1995,Final,Male,5-,Non-Aboriginal,Greater Darwin,3303
1995,Final,Male,5-,Non-Aboriginal,Top End,119
1995,Final,Female,5-,Aboriginal,Barkly,321
1995,Final,Female,5-,Aboriginal,Big Rivers,549
1995,Final,Female,5-,Aboriginal,Central Australia,810
1995,Final,Female,5-,Aboriginal,East Arnhem,470
1995,Final,Female,5-,Aboriginal,Greater Darwin,427
1995,Final,Female,5-,Aboriginal,Top End,597
1995,Final,Female,5-,Non-Aboriginal,Barkly,82
1995,Final,Female,5-,Non-Aboriginal,Big Rivers,366
1995,Final,Female,5-,Non-Aboriginal,Central Australia,736
1995,Final,Female,5-,Non-Aboriginal,East Arnhem,194
1995,Final,Female,5-,Non-Aboriginal,Greater Darwin,3123
1995,Final,Female,5-,Non-Aboriginal,Top End,118
1995,Final,Male,50-,Aboriginal,Barkly,58
1995,Final,Male,50-,Aboriginal,Big Rivers,98
1995,Final,Male,50-,Aboriginal,Central Australia,174
1995,Final,Male,50-,Aboriginal,East Arnhem,96
1995,Final,Male,50-,Aboriginal,Greater Darwin,86
1995,Final,Male,50-,Aboriginal,Top End,89
1995,Final,Male,50-,Non-Aboriginal,Barkly,114
1995,Final,Male,50-,Non-Aboriginal,Big Rivers,306
1995,Final,Male,50-,Non-Aboriginal,Central Australia,645
1995,Final,Male,50-,Non-Aboriginal,East Arnhem,185
1995,Final,Male,50-,Non-Aboriginal,Greater Darwin,2684
1995,Final,Male,50-,Non-Aboriginal,Top End,183
1995,Final,Female,50-,Aboriginal,Barkly,71
1995,Final,Female,50-,Aboriginal,Big Rivers,129
1995,Final,Female,50-,Aboriginal,Central Australia,235
1995,Final,Female,50-,Aboriginal,East Arnhem,100
1995,Final,Female,50-,Aboriginal,Greater Darwin,105
1995,Final,Female,50-,Aboriginal,Top End,108
1995,Final,Female,50-,Non-Aboriginal,Barkly,53
1995,Final,Female,50-,Non-Aboriginal,Big Rivers,151
1995,Final,Female,50-,Non-Aboriginal,Central Australia,497
1995,Final,Female,50-,Non-Aboriginal,East Arnhem,90
1995,Final,Female,50-,Non-Aboriginal,Greater Darwin,1939
1995,Final,Female,50-,Non-Aboriginal,Top End,78
1995,Final,Male,55-,Aboriginal,Barkly,35
1995,Final,Male,55-,Aboriginal,Big Rivers,78
1995,Final,Male,55-,Aboriginal,Central Australia,123
1995,Final,Male,55-,Aboriginal,East Arnhem,53
1995,Final,Male,55-,Aboriginal,Greater Darwin,54
1995,Final,Male,55-,Aboriginal,Top End,63
1995,Final,Male,55-,Non-Aboriginal,Barkly,99
1995,Final,Male,55-,Non-Aboriginal,Big Rivers,198
1995,Final,Male,55-,Non-Aboriginal,Central Australia,462
1995,Final,Male,55-,Non-Aboriginal,East Arnhem,93
1995,Final,Male,55-,Non-Aboriginal,Greater Darwin,1728
1995,Final,Male,55-,Non-Aboriginal,Top End,110
1995,Final,Female,55-,Aboriginal,Barkly,45
1995,Final,Female,55-,Aboriginal,Big Rivers,100
1995,Final,Female,55-,Aboriginal,Central Australia,178
1995,Final,Female,55-,Aboriginal,East Arnhem,68
1995,Final,Female,55-,Aboriginal,Greater Darwin,59
1995,Final,Female,55-,Aboriginal,Top End,78
1995,Final,Female,55-,Non-Aboriginal,Barkly,60
1995,Final,Female,55-,Non-Aboriginal,Big Rivers,97
1995,Final,Female,55-,Non-Aboriginal,Central Australia,281
1995,Final,Female,55-,Non-Aboriginal,East Arnhem,22
1995,Final,Female,55-,Non-Aboriginal,Greater Darwin,1168
1995,Final,Female,55-,Non-Aboriginal,Top End,64
1995,Final,Male,60-,Aboriginal,Barkly,27
1995,Final,Male,60-,Aboriginal,Big Rivers,47
1995,Final,Male,60-,Aboriginal,Central Australia,89
1995,Final,Male,60-,Aboriginal,East Arnhem,36
1995,Final,Male,60-,Aboriginal,Greater Darwin,39
1995,Final,Male,60-,Aboriginal,Top End,47
1995,Final,Male,60-,Non-Aboriginal,Barkly,67
1995,Final,Male,60-,Non-Aboriginal,Big Rivers,138
1995,Final,Male,60-,Non-Aboriginal,Central Australia,230
1995,Final,Male,60-,Non-Aboriginal,East Arnhem,37
1995,Final,Male,60-,Non-Aboriginal,Greater Darwin,1032
1995,Final,Male,60-,Non-Aboriginal,Top End,85
1995,Final,Female,60-,Aboriginal,Barkly,53
1995,Final,Female,60-,Aboriginal,Big Rivers,65
1995,Final,Female,60-,Aboriginal,Central Australia,152
1995,Final,Female,60-,Aboriginal,East Arnhem,64
1995,Final,Female,60-,Aboriginal,Greater Darwin,48
1995,Final,Female,60-,Aboriginal,Top End,65
1995,Final,Female,60-,Non-Aboriginal,Barkly,23
1995,Final,Female,60-,Non-Aboriginal,Big Rivers,61
1995,Final,Female,60-,Non-Aboriginal,Central Australia,201
1995,Final,Female,60-,Non-Aboriginal,East Arnhem,4
1995,Final,Female,60-,Non-Aboriginal,Greater Darwin,712
1995,Final,Female,60-,Non-Aboriginal,Top End,40
1995,Final,Male,65-,Aboriginal,Barkly,28
1995,Final,Male,65-,Aboriginal,Big Rivers,42
1995,Final,Male,65-,Aboriginal,Central Australia,77
1995,Final,Male,65-,Aboriginal,East Arnhem,21
1995,Final,Male,65-,Aboriginal,Greater Darwin,26
1995,Final,Male,65-,Aboriginal,Top End,25
1995,Final,Male,65-,Non-Aboriginal,Barkly,32
1995,Final,Male,65-,Non-Aboriginal,Big Rivers,91
1995,Final,Male,65-,Non-Aboriginal,Central Australia,193
1995,Final,Male,65-,Non-Aboriginal,East Arnhem,3
1995,Final,Male,65-,Non-Aboriginal,Greater Darwin,779
1995,Final,Male,65-,Non-Aboriginal,Top End,49
1995,Final,Female,65-,Aboriginal,Barkly,27
1995,Final,Female,65-,Aboriginal,Big Rivers,50
1995,Final,Female,65-,Aboriginal,Central Australia,91
1995,Final,Female,65-,Aboriginal,East Arnhem,25
1995,Final,Female,65-,Aboriginal,Greater Darwin,40
1995,Final,Female,65-,Aboriginal,Top End,36
1995,Final,Female,65-,Non-Aboriginal,Barkly,17
1995,Final,Female,65-,Non-Aboriginal,Big Rivers,52
1995,Final,Female,65-,Non-Aboriginal,Central Australia,132
1995,Final,Female,65-,Non-Aboriginal,East Arnhem,4
1995,Final,Female,65-,Non-Aboriginal,Greater Darwin,545
1995,Final,Female,65-,Non-Aboriginal,Top End,31
1995,Final,Male,70-,Aboriginal,Barkly,21
1995,Final,Male,70-,Aboriginal,Big Rivers,25
1995,Final,Male,70-,Aboriginal,Central Australia,40
1995,Final,Male,70-,Aboriginal,East Arnhem,16
1995,Final,Male,70-,Aboriginal,Greater Darwin,18
1995,Final,Male,70-,Aboriginal,Top End,12
1995,Final,Male,70-,Non-Aboriginal,Barkly,23
1995,Final,Male,70-,Non-Aboriginal,Big Rivers,60
1995,Final,Male,70-,Non-Aboriginal,Central Australia,79
1995,Final,Male,70-,Non-Aboriginal,East Arnhem,1
1995,Final,Male,70-,Non-Aboriginal,Greater Darwin,406
1995,Final,Male,70-,Non-Aboriginal,Top End,20
1995,Final,Female,70-,Aboriginal,Barkly,24
1995,Final,Female,70-,Aboriginal,Big Rivers,42
1995,Final,Female,70-,Aboriginal,Central Australia,66
1995,Final,Female,70-,Aboriginal,East Arnhem,17
1995,Final,Female,70-,Aboriginal,Greater Darwin,28
1995,Final,Female,70-,Aboriginal,Top End,29
1995,Final,Female,70-,Non-Aboriginal,Barkly,5
1995,Final,Female,70-,Non-Aboriginal,Big Rivers,26
1995,Final,Female,70-,Non-Aboriginal,Central Australia,62
1995,Final,Female,70-,Non-Aboriginal,East Arnhem,0
1995,Final,Female,70-,Non-Aboriginal,Greater Darwin,376
1995,Final,Female,70-,Non-Aboriginal,Top End,18
1995,Final,Male,75-,Aboriginal,Barkly,12
1995,Final,Male,75-,Aboriginal,Big Rivers,18
1995,Final,Male,75-,Aboriginal,Central Australia,33
1995,Final,Male,75-,Aboriginal,East Arnhem,6
1995,Final,Male,75-,Aboriginal,Greater Darwin,6
1995,Final,Male,75-,Aboriginal,Top End,9
1995,Final,Male,75-,Non-Aboriginal,Barkly,10
1995,Final,Male,75-,Non-Aboriginal,Big Rivers,31
1995,Final,Male,75-,Non-Aboriginal,Central Australia,57
1995,Final,Male,75-,Non-Aboriginal,East Arnhem,0
1995,Final,Male,75-,Non-Aboriginal,Greater Darwin,207
1995,Final,Male,75-,Non-Aboriginal,Top End,8
1995,Final,Female,75-,Aboriginal,Barkly,14
1995,Final,Female,75-,Aboriginal,Big Rivers,14
1995,Final,Female,75-,Aboriginal,Central Australia,49
1995,Final,Female,75-,Aboriginal,East Arnhem,8
1995,Final,Female,75-,Aboriginal,Greater Darwin,17
1995,Final,Female,75-,Aboriginal,Top End,15
1995,Final,Female,75-,Non-Aboriginal,Barkly,6
1995,Final,Female,75-,Non-Aboriginal,Big Rivers,19
1995,Final,Female,75-,Non-Aboriginal,Central Australia,76
1995,Final,Female,75-,Non-Aboriginal,East Arnhem,0
1995,Final,Female,75-,Non-Aboriginal,Greater Darwin,236
1995,Final,Female,75-,Non-Aboriginal,Top End,4
1995,Final,Male,80-,Aboriginal,Barkly,3
1995,Final,Male,80-,Aboriginal,Big Rivers,13
1995,Final,Male,80-,Aboriginal,Central Australia,18
1995,Final,Male,80-,Aboriginal,East Arnhem,2
1995,Final,Male,80-,Aboriginal,Greater Darwin,2
1995,Final,Male,80-,Aboriginal,Top End,5
1995,Final,Male,80-,Non-Aboriginal,Barkly,3
1995,Final,Male,80-,Non-Aboriginal,Big Rivers,15
1995,Final,Male,80-,Non-Aboriginal,Central Australia,24
1995,Final,Male,80-,Non-Aboriginal,East Arnhem,0
1995,Final,Male,80-,Non-Aboriginal,Greater Darwin,100
1995,Final,Male,80-,Non-Aboriginal,Top End,4
1995,Final,Female,80-,Aboriginal,Barkly,6
1995,Final,Female,80-,Aboriginal,Big Rivers,5
1995,Final,Female,80-,Aboriginal,Central Australia,14
1995,Final,Female,80-,Aboriginal,East Arnhem,1
1995,Final,Female,80-,Aboriginal,Greater Darwin,7
1995,Final,Female,80-,Aboriginal,Top End,10
1995,Final,Female,80-,Non-Aboriginal,Barkly,4
1995,Final,Female,80-,Non-Aboriginal,Big Rivers,13
1995,Final,Female,80-,Non-Aboriginal,Central Australia,45
1995,Final,Female,80-,Non-Aboriginal,East Arnhem,3
1995,Final,Female,80-,Non-Aboriginal,Greater Darwin,107
1995,Final,Female,80-,Non-Aboriginal,Top End,4
1995,Final,Male,85+,Aboriginal,Barkly,0
1995,Final,Male,85+,Aboriginal,Big Rivers,5
1995,Final,Male,85+,Aboriginal,Central Australia,4
1995,Final,Male,85+,Aboriginal,East Arnhem,3
1995,Final,Male,85+,Aboriginal,Greater Darwin,2
1995,Final,Male,85+,Aboriginal,Top End,8
1995,Final,Male,85+,Non-Aboriginal,Barkly,3
1995,Final,Male,85+,Non-Aboriginal,Big Rivers,19
1995,Final,Male,85+,Non-Aboriginal,Central Australia,18
1995,Final,Male,85+,Non-Aboriginal,East Arnhem,1
1995,Final,Male,85+,Non-Aboriginal,Greater Darwin,57
1995,Final,Male,85+,Non-Aboriginal,Top End,11
1995,Final,Female,85+,Aboriginal,Barkly,5
1995,Final,Female,85+,Aboriginal,Big Rivers,9
1995,Final,Female,85+,Aboriginal,Central Australia,19
1995,Final,Female,85+,Aboriginal,East Arnhem,8
1995,Final,Female,85+,Aboriginal,Greater Darwin,2
1995,Final,Female,85+,Aboriginal,Top End,7
1995,Final,Female,85+,Non-Aboriginal,Barkly,4
1995,Final,Female,85+,Non-Aboriginal,Big Rivers,10
1995,Final,Female,85+,Non-Aboriginal,Central Australia,35
1995,Final,Female,85+,Non-Aboriginal,East Arnhem,2
1995,Final,Female,85+,Non-Aboriginal,Greater Darwin,96
1995,Final,Female,85+,Non-Aboriginal,Top End,7
1996,Final,Male,0-,Aboriginal,Barkly,350
1996,Final,Male,0-,Aboriginal,Big Rivers,632
1996,Final,Male,0-,Aboriginal,Central Australia,949
1996,Final,Male,0-,Aboriginal,East Arnhem,543
1996,Final,Male,0-,Aboriginal,Greater Darwin,601
1996,Final,Male,0-,Aboriginal,Top End,677
1996,Final,Male,0-,Non-Aboriginal,Barkly,119
1996,Final,Male,0-,Non-Aboriginal,Big Rivers,451
1996,Final,Male,0-,Non-Aboriginal,Central Australia,808
1996,Final,Male,0-,Non-Aboriginal,East Arnhem,184
1996,Final,Male,0-,Non-Aboriginal,Greater Darwin,3894
1996,Final,Male,0-,Non-Aboriginal,Top End,128
1996,Final,Female,0-,Aboriginal,Barkly,383
1996,Final,Female,0-,Aboriginal,Big Rivers,573
1996,Final,Female,0-,Aboriginal,Central Australia,856
1996,Final,Female,0-,Aboriginal,East Arnhem,519
1996,Final,Female,0-,Aboriginal,Greater Darwin,533
1996,Final,Female,0-,Aboriginal,Top End,663
1996,Final,Female,0-,Non-Aboriginal,Barkly,98
1996,Final,Female,0-,Non-Aboriginal,Big Rivers,412
1996,Final,Female,0-,Non-Aboriginal,Central Australia,836
1996,Final,Female,0-,Non-Aboriginal,East Arnhem,165
1996,Final,Female,0-,Non-Aboriginal,Greater Darwin,3657
1996,Final,Female,0-,Non-Aboriginal,Top End,112
1996,Final,Male,10-,Aboriginal,Barkly,297
1996,Final,Male,10-,Aboriginal,Big Rivers,500
1996,Final,Male,10-,Aboriginal,Central Australia,752
1996,Final,Male,10-,Aboriginal,East Arnhem,457
1996,Final,Male,10-,Aboriginal,Greater Darwin,587
1996,Final,Male,10-,Aboriginal,Top End,521
1996,Final,Male,10-,Non-Aboriginal,Barkly,82
1996,Final,Male,10-,Non-Aboriginal,Big Rivers,344
1996,Final,Male,10-,Non-Aboriginal,Central Australia,797
1996,Final,Male,10-,Non-Aboriginal,East Arnhem,208
1996,Final,Male,10-,Non-Aboriginal,Greater Darwin,3265
1996,Final,Male,10-,Non-Aboriginal,Top End,104
1996,Final,Female,10-,Aboriginal,Barkly,302
1996,Final,Female,10-,Aboriginal,Big Rivers,549
1996,Final,Female,10-,Aboriginal,Central Australia,802
1996,Final,Female,10-,Aboriginal,East Arnhem,450
1996,Final,Female,10-,Aboriginal,Greater Darwin,514
1996,Final,Female,10-,Aboriginal,Top End,548
1996,Final,Female,10-,Non-Aboriginal,Barkly,65
1996,Final,Female,10-,Non-Aboriginal,Big Rivers,274
1996,Final,Female,10-,Non-Aboriginal,Central Australia,684
1996,Final,Female,10-,Non-Aboriginal,East Arnhem,142
1996,Final,Female,10-,Non-Aboriginal,Greater Darwin,3080
1996,Final,Female,10-,Non-Aboriginal,Top End,64
1996,Final,Male,15-,Aboriginal,Barkly,241
1996,Final,Male,15-,Aboriginal,Big Rivers,465
1996,Final,Male,15-,Aboriginal,Central Australia,604
1996,Final,Male,15-,Aboriginal,East Arnhem,387
1996,Final,Male,15-,Aboriginal,Greater Darwin,468
1996,Final,Male,15-,Aboriginal,Top End,514
1996,Final,Male,15-,Non-Aboriginal,Barkly,146
1996,Final,Male,15-,Non-Aboriginal,Big Rivers,320
1996,Final,Male,15-,Non-Aboriginal,Central Australia,694
1996,Final,Male,15-,Non-Aboriginal,East Arnhem,132
1996,Final,Male,15-,Non-Aboriginal,Greater Darwin,3197
1996,Final,Male,15-,Non-Aboriginal,Top End,103
1996,Final,Female,15-,Aboriginal,Barkly,259
1996,Final,Female,15-,Aboriginal,Big Rivers,478
1996,Final,Female,15-,Aboriginal,Central Australia,744
1996,Final,Female,15-,Aboriginal,East Arnhem,457
1996,Final,Female,15-,Aboriginal,Greater Darwin,408
1996,Final,Female,15-,Aboriginal,Top End,504
1996,Final,Female,15-,Non-Aboriginal,Barkly,66
1996,Final,Female,15-,Non-Aboriginal,Big Rivers,159
1996,Final,Female,15-,Non-Aboriginal,Central Australia,514
1996,Final,Female,15-,Non-Aboriginal,East Arnhem,52
1996,Final,Female,15-,Non-Aboriginal,Greater Darwin,2928
1996,Final,Female,15-,Non-Aboriginal,Top End,10
1996,Final,Male,20-,Aboriginal,Barkly,274
1996,Final,Male,20-,Aboriginal,Big Rivers,440
1996,Final,Male,20-,Aboriginal,Central Australia,600
1996,Final,Male,20-,Aboriginal,East Arnhem,426
1996,Final,Male,20-,Aboriginal,Greater Darwin,378
1996,Final,Male,20-,Aboriginal,Top End,523
1996,Final,Male,20-,Non-Aboriginal,Barkly,195
1996,Final,Male,20-,Non-Aboriginal,Big Rivers,549
1996,Final,Male,20-,Non-Aboriginal,Central Australia,1065
1996,Final,Male,20-,Non-Aboriginal,East Arnhem,169
1996,Final,Male,20-,Non-Aboriginal,Greater Darwin,4252
1996,Final,Male,20-,Non-Aboriginal,Top End,177
1996,Final,Female,20-,Aboriginal,Barkly,240
1996,Final,Female,20-,Aboriginal,Big Rivers,437
1996,Final,Female,20-,Aboriginal,Central Australia,663
1996,Final,Female,20-,Aboriginal,East Arnhem,431
1996,Final,Female,20-,Aboriginal,Greater Darwin,386
1996,Final,Female,20-,Aboriginal,Top End,577
1996,Final,Female,20-,Non-Aboriginal,Barkly,164
1996,Final,Female,20-,Non-Aboriginal,Big Rivers,368
1996,Final,Female,20-,Non-Aboriginal,Central Australia,1033
1996,Final,Female,20-,Non-Aboriginal,East Arnhem,106
1996,Final,Female,20-,Non-Aboriginal,Greater Darwin,3712
1996,Final,Female,20-,Non-Aboriginal,Top End,136
1996,Final,Male,25-,Aboriginal,Barkly,233
1996,Final,Male,25-,Aboriginal,Big Rivers,441
1996,Final,Male,25-,Aboriginal,Central Australia,571
1996,Final,Male,25-,Aboriginal,East Arnhem,349
1996,Final,Male,25-,Aboriginal,Greater Darwin,413
1996,Final,Male,25-,Aboriginal,Top End,416
1996,Final,Male,25-,Non-Aboriginal,Barkly,169
1996,Final,Male,25-,Non-Aboriginal,Big Rivers,665
1996,Final,Male,25-,Non-Aboriginal,Central Australia,1254
1996,Final,Male,25-,Non-Aboriginal,East Arnhem,199
1996,Final,Male,25-,Non-Aboriginal,Greater Darwin,4721
1996,Final,Male,25-,Non-Aboriginal,Top End,263
1996,Final,Female,25-,Aboriginal,Barkly,250
1996,Final,Female,25-,Aboriginal,Big Rivers,450
1996,Final,Female,25-,Aboriginal,Central Australia,680
1996,Final,Female,25-,Aboriginal,East Arnhem,391
1996,Final,Female,25-,Aboriginal,Greater Darwin,337
1996,Final,Female,25-,Aboriginal,Top End,392
1996,Final,Female,25-,Non-Aboriginal,Barkly,157
1996,Final,Female,25-,Non-Aboriginal,Big Rivers,541
1996,Final,Female,25-,Non-Aboriginal,Central Australia,1154
1996,Final,Female,25-,Non-Aboriginal,East Arnhem,151
1996,Final,Female,25-,Non-Aboriginal,Greater Darwin,4521
1996,Final,Female,25-,Non-Aboriginal,Top End,215
1996,Final,Male,30-,Aboriginal,Barkly,170
1996,Final,Male,30-,Aboriginal,Big Rivers,366
1996,Final,Male,30-,Aboriginal,Central Australia,555
1996,Final,Male,30-,Aboriginal,East Arnhem,337
1996,Final,Male,30-,Aboriginal,Greater Darwin,337
1996,Final,Male,30-,Aboriginal,Top End,330
1996,Final,Male,30-,Non-Aboriginal,Barkly,152
1996,Final,Male,30-,Non-Aboriginal,Big Rivers,647
1996,Final,Male,30-,Non-Aboriginal,Central Australia,1162
1996,Final,Male,30-,Non-Aboriginal,East Arnhem,224
1996,Final,Male,30-,Non-Aboriginal,Greater Darwin,4619
1996,Final,Male,30-,Non-Aboriginal,Top End,228
1996,Final,Female,30-,Aboriginal,Barkly,192
1996,Final,Female,30-,Aboriginal,Big Rivers,303
1996,Final,Female,30-,Aboriginal,Central Australia,542
1996,Final,Female,30-,Aboriginal,East Arnhem,330
1996,Final,Female,30-,Aboriginal,Greater Darwin,352
1996,Final,Female,30-,Aboriginal,Top End,334
1996,Final,Female,30-,Non-Aboriginal,Barkly,119
1996,Final,Female,30-,Non-Aboriginal,Big Rivers,459
1996,Final,Female,30-,Non-Aboriginal,Central Australia,1155
1996,Final,Female,30-,Non-Aboriginal,East Arnhem,269
1996,Final,Female,30-,Non-Aboriginal,Greater Darwin,4201
1996,Final,Female,30-,Non-Aboriginal,Top End,218
1996,Final,Male,35-,Aboriginal,Barkly,146
1996,Final,Male,35-,Aboriginal,Big Rivers,277
1996,Final,Male,35-,Aboriginal,Central Australia,487
1996,Final,Male,35-,Aboriginal,East Arnhem,266
1996,Final,Male,35-,Aboriginal,Greater Darwin,292
1996,Final,Male,35-,Aboriginal,Top End,272
1996,Final,Male,35-,Non-Aboriginal,Barkly,143
1996,Final,Male,35-,Non-Aboriginal,Big Rivers,531
1996,Final,Male,35-,Non-Aboriginal,Central Australia,1215
1996,Final,Male,35-,Non-Aboriginal,East Arnhem,275
1996,Final,Male,35-,Non-Aboriginal,Greater Darwin,4423
1996,Final,Male,35-,Non-Aboriginal,Top End,247
1996,Final,Female,35-,Aboriginal,Barkly,156
1996,Final,Female,35-,Aboriginal,Big Rivers,301
1996,Final,Female,35-,Aboriginal,Central Australia,474
1996,Final,Female,35-,Aboriginal,East Arnhem,290
1996,Final,Female,35-,Aboriginal,Greater Darwin,296
1996,Final,Female,35-,Aboriginal,Top End,261
1996,Final,Female,35-,Non-Aboriginal,Barkly,113
1996,Final,Female,35-,Non-Aboriginal,Big Rivers,357
1996,Final,Female,35-,Non-Aboriginal,Central Australia,1019
1996,Final,Female,35-,Non-Aboriginal,East Arnhem,231
1996,Final,Female,35-,Non-Aboriginal,Greater Darwin,4069
1996,Final,Female,35-,Non-Aboriginal,Top End,164
1996,Final,Male,40-,Aboriginal,Barkly,106
1996,Final,Male,40-,Aboriginal,Big Rivers,217
1996,Final,Male,40-,Aboriginal,Central Australia,342
1996,Final,Male,40-,Aboriginal,East Arnhem,195
1996,Final,Male,40-,Aboriginal,Greater Darwin,237
1996,Final,Male,40-,Aboriginal,Top End,226
1996,Final,Male,40-,Non-Aboriginal,Barkly,144
1996,Final,Male,40-,Non-Aboriginal,Big Rivers,441
1996,Final,Male,40-,Non-Aboriginal,Central Australia,987
1996,Final,Male,40-,Non-Aboriginal,East Arnhem,273
1996,Final,Male,40-,Non-Aboriginal,Greater Darwin,3990
1996,Final,Male,40-,Non-Aboriginal,Top End,230
1996,Final,Female,40-,Aboriginal,Barkly,118
1996,Final,Female,40-,Aboriginal,Big Rivers,240
1996,Final,Female,40-,Aboriginal,Central Australia,440
1996,Final,Female,40-,Aboriginal,East Arnhem,207
1996,Final,Female,40-,Aboriginal,Greater Darwin,225
1996,Final,Female,40-,Aboriginal,Top End,240
1996,Final,Female,40-,Non-Aboriginal,Barkly,114
1996,Final,Female,40-,Non-Aboriginal,Big Rivers,292
1996,Final,Female,40-,Non-Aboriginal,Central Australia,858
1996,Final,Female,40-,Non-Aboriginal,East Arnhem,189
1996,Final,Female,40-,Non-Aboriginal,Greater Darwin,3635
1996,Final,Female,40-,Non-Aboriginal,Top End,140
1996,Final,Male,45-,Aboriginal,Barkly,76
1996,Final,Male,45-,Aboriginal,Big Rivers,131
1996,Final,Male,45-,Aboriginal,Central Australia,205
1996,Final,Male,45-,Aboriginal,East Arnhem,143
1996,Final,Male,45-,Aboriginal,Greater Darwin,187
1996,Final,Male,45-,Aboriginal,Top End,131
1996,Final,Male,45-,Non-Aboriginal,Barkly,155
1996,Final,Male,45-,Non-Aboriginal,Big Rivers,427
1996,Final,Male,45-,Non-Aboriginal,Central Australia,1001
1996,Final,Male,45-,Non-Aboriginal,East Arnhem,274
1996,Final,Male,45-,Non-Aboriginal,Greater Darwin,3821
1996,Final,Male,45-,Non-Aboriginal,Top End,216
1996,Final,Female,45-,Aboriginal,Barkly,86
1996,Final,Female,45-,Aboriginal,Big Rivers,153
1996,Final,Female,45-,Aboriginal,Central Australia,261
1996,Final,Female,45-,Aboriginal,East Arnhem,153
1996,Final,Female,45-,Aboriginal,Greater Darwin,191
1996,Final,Female,45-,Aboriginal,Top End,154
1996,Final,Female,45-,Non-Aboriginal,Barkly,109
1996,Final,Female,45-,Non-Aboriginal,Big Rivers,273
1996,Final,Female,45-,Non-Aboriginal,Central Australia,744
1996,Final,Female,45-,Non-Aboriginal,East Arnhem,163
1996,Final,Female,45-,Non-Aboriginal,Greater Darwin,3164
1996,Final,Female,45-,Non-Aboriginal,Top End,139
1996,Final,Male,5-,Aboriginal,Barkly,367
1996,Final,Male,5-,Aboriginal,Big Rivers,604
1996,Final,Male,5-,Aboriginal,Central Australia,809
1996,Final,Male,5-,Aboriginal,East Arnhem,477
1996,Final,Male,5-,Aboriginal,Greater Darwin,530
1996,Final,Male,5-,Aboriginal,Top End,669
1996,Final,Male,5-,Non-Aboriginal,Barkly,80
1996,Final,Male,5-,Non-Aboriginal,Big Rivers,470
1996,Final,Male,5-,Non-Aboriginal,Central Australia,861
1996,Final,Male,5-,Non-Aboriginal,East Arnhem,223
1996,Final,Male,5-,Non-Aboriginal,Greater Darwin,3366
1996,Final,Male,5-,Non-Aboriginal,Top End,126
1996,Final,Female,5-,Aboriginal,Barkly,338
1996,Final,Female,5-,Aboriginal,Big Rivers,562
1996,Final,Female,5-,Aboriginal,Central Australia,828
1996,Final,Female,5-,Aboriginal,East Arnhem,487
1996,Final,Female,5-,Aboriginal,Greater Darwin,433
1996,Final,Female,5-,Aboriginal,Top End,616
1996,Final,Female,5-,Non-Aboriginal,Barkly,86
1996,Final,Female,5-,Non-Aboriginal,Big Rivers,374
1996,Final,Female,5-,Non-Aboriginal,Central Australia,753
1996,Final,Female,5-,Non-Aboriginal,East Arnhem,194
1996,Final,Female,5-,Non-Aboriginal,Greater Darwin,3167
1996,Final,Female,5-,Non-Aboriginal,Top End,122
1996,Final,Male,50-,Aboriginal,Barkly,58
1996,Final,Male,50-,Aboriginal,Big Rivers,99
1996,Final,Male,50-,Aboriginal,Central Australia,181
1996,Final,Male,50-,Aboriginal,East Arnhem,103
1996,Final,Male,50-,Aboriginal,Greater Darwin,92
1996,Final,Male,50-,Aboriginal,Top End,95
1996,Final,Male,50-,Non-Aboriginal,Barkly,113
1996,Final,Male,50-,Non-Aboriginal,Big Rivers,308
1996,Final,Male,50-,Non-Aboriginal,Central Australia,671
1996,Final,Male,50-,Non-Aboriginal,East Arnhem,200
1996,Final,Male,50-,Non-Aboriginal,Greater Darwin,2869
1996,Final,Male,50-,Non-Aboriginal,Top End,195
1996,Final,Female,50-,Aboriginal,Barkly,75
1996,Final,Female,50-,Aboriginal,Big Rivers,130
1996,Final,Female,50-,Aboriginal,Central Australia,249
1996,Final,Female,50-,Aboriginal,East Arnhem,118
1996,Final,Female,50-,Aboriginal,Greater Darwin,116
1996,Final,Female,50-,Aboriginal,Top End,113
1996,Final,Female,50-,Non-Aboriginal,Barkly,56
1996,Final,Female,50-,Non-Aboriginal,Big Rivers,151
1996,Final,Female,50-,Non-Aboriginal,Central Australia,526
1996,Final,Female,50-,Non-Aboriginal,East Arnhem,104
1996,Final,Female,50-,Non-Aboriginal,Greater Darwin,2135
1996,Final,Female,50-,Non-Aboriginal,Top End,82
1996,Final,Male,55-,Aboriginal,Barkly,38
1996,Final,Male,55-,Aboriginal,Big Rivers,76
1996,Final,Male,55-,Aboriginal,Central Australia,131
1996,Final,Male,55-,Aboriginal,East Arnhem,57
1996,Final,Male,55-,Aboriginal,Greater Darwin,60
1996,Final,Male,55-,Aboriginal,Top End,64
1996,Final,Male,55-,Non-Aboriginal,Barkly,107
1996,Final,Male,55-,Non-Aboriginal,Big Rivers,193
1996,Final,Male,55-,Non-Aboriginal,Central Australia,492
1996,Final,Male,55-,Non-Aboriginal,East Arnhem,100
1996,Final,Male,55-,Non-Aboriginal,Greater Darwin,1896
1996,Final,Male,55-,Non-Aboriginal,Top End,112
1996,Final,Female,55-,Aboriginal,Barkly,49
1996,Final,Female,55-,Aboriginal,Big Rivers,98
1996,Final,Female,55-,Aboriginal,Central Australia,183
1996,Final,Female,55-,Aboriginal,East Arnhem,76
1996,Final,Female,55-,Aboriginal,Greater Darwin,63
1996,Final,Female,55-,Aboriginal,Top End,77
1996,Final,Female,55-,Non-Aboriginal,Barkly,65
1996,Final,Female,55-,Non-Aboriginal,Big Rivers,95
1996,Final,Female,55-,Non-Aboriginal,Central Australia,288
1996,Final,Female,55-,Non-Aboriginal,East Arnhem,23
1996,Final,Female,55-,Non-Aboriginal,Greater Darwin,1260
1996,Final,Female,55-,Non-Aboriginal,Top End,63
1996,Final,Male,60-,Aboriginal,Barkly,28
1996,Final,Male,60-,Aboriginal,Big Rivers,47
1996,Final,Male,60-,Aboriginal,Central Australia,91
1996,Final,Male,60-,Aboriginal,East Arnhem,41
1996,Final,Male,60-,Aboriginal,Greater Darwin,44
1996,Final,Male,60-,Aboriginal,Top End,50
1996,Final,Male,60-,Non-Aboriginal,Barkly,70
1996,Final,Male,60-,Non-Aboriginal,Big Rivers,138
1996,Final,Male,60-,Non-Aboriginal,Central Australia,235
1996,Final,Male,60-,Non-Aboriginal,East Arnhem,43
1996,Final,Male,60-,Non-Aboriginal,Greater Darwin,1130
1996,Final,Male,60-,Non-Aboriginal,Top End,90
1996,Final,Female,60-,Aboriginal,Barkly,55
1996,Final,Female,60-,Aboriginal,Big Rivers,61
1996,Final,Female,60-,Aboriginal,Central Australia,161
1996,Final,Female,60-,Aboriginal,East Arnhem,78
1996,Final,Female,60-,Aboriginal,Greater Darwin,51
1996,Final,Female,60-,Aboriginal,Top End,65
1996,Final,Female,60-,Non-Aboriginal,Barkly,24
1996,Final,Female,60-,Non-Aboriginal,Big Rivers,57
1996,Final,Female,60-,Non-Aboriginal,Central Australia,212
1996,Final,Female,60-,Non-Aboriginal,East Arnhem,5
1996,Final,Female,60-,Non-Aboriginal,Greater Darwin,760
1996,Final,Female,60-,Non-Aboriginal,Top End,40
1996,Final,Male,65-,Aboriginal,Barkly,27
1996,Final,Male,65-,Aboriginal,Big Rivers,40
1996,Final,Male,65-,Aboriginal,Central Australia,79
1996,Final,Male,65-,Aboriginal,East Arnhem,20
1996,Final,Male,65-,Aboriginal,Greater Darwin,28
1996,Final,Male,65-,Aboriginal,Top End,26
1996,Final,Male,65-,Non-Aboriginal,Barkly,31
1996,Final,Male,65-,Non-Aboriginal,Big Rivers,87
1996,Final,Male,65-,Non-Aboriginal,Central Australia,198
1996,Final,Male,65-,Non-Aboriginal,East Arnhem,3
1996,Final,Male,65-,Non-Aboriginal,Greater Darwin,853
1996,Final,Male,65-,Non-Aboriginal,Top End,50
1996,Final,Female,65-,Aboriginal,Barkly,27
1996,Final,Female,65-,Aboriginal,Big Rivers,49
1996,Final,Female,65-,Aboriginal,Central Australia,95
1996,Final,Female,65-,Aboriginal,East Arnhem,30
1996,Final,Female,65-,Aboriginal,Greater Darwin,44
1996,Final,Female,65-,Aboriginal,Top End,37
1996,Final,Female,65-,Non-Aboriginal,Barkly,17
1996,Final,Female,65-,Non-Aboriginal,Big Rivers,51
1996,Final,Female,65-,Non-Aboriginal,Central Australia,138
1996,Final,Female,65-,Non-Aboriginal,East Arnhem,4
1996,Final,Female,65-,Non-Aboriginal,Greater Darwin,592
1996,Final,Female,65-,Non-Aboriginal,Top End,31
1996,Final,Male,70-,Aboriginal,Barkly,24
1996,Final,Male,70-,Aboriginal,Big Rivers,27
1996,Final,Male,70-,Aboriginal,Central Australia,42
1996,Final,Male,70-,Aboriginal,East Arnhem,17
1996,Final,Male,70-,Aboriginal,Greater Darwin,20
1996,Final,Male,70-,Aboriginal,Top End,13
1996,Final,Male,70-,Non-Aboriginal,Barkly,26
1996,Final,Male,70-,Non-Aboriginal,Big Rivers,64
1996,Final,Male,70-,Non-Aboriginal,Central Australia,83
1996,Final,Male,70-,Non-Aboriginal,East Arnhem,1
1996,Final,Male,70-,Non-Aboriginal,Greater Darwin,459
1996,Final,Male,70-,Non-Aboriginal,Top End,21
1996,Final,Female,70-,Aboriginal,Barkly,26
1996,Final,Female,70-,Aboriginal,Big Rivers,44
1996,Final,Female,70-,Aboriginal,Central Australia,65
1996,Final,Female,70-,Aboriginal,East Arnhem,20
1996,Final,Female,70-,Aboriginal,Greater Darwin,32
1996,Final,Female,70-,Aboriginal,Top End,33
1996,Final,Female,70-,Non-Aboriginal,Barkly,6
1996,Final,Female,70-,Non-Aboriginal,Big Rivers,27
1996,Final,Female,70-,Non-Aboriginal,Central Australia,62
1996,Final,Female,70-,Non-Aboriginal,East Arnhem,0
1996,Final,Female,70-,Non-Aboriginal,Greater Darwin,426
1996,Final,Female,70-,Non-Aboriginal,Top End,21
1996,Final,Male,75-,Aboriginal,Barkly,14
1996,Final,Male,75-,Aboriginal,Big Rivers,19
1996,Final,Male,75-,Aboriginal,Central Australia,37
1996,Final,Male,75-,Aboriginal,East Arnhem,6
1996,Final,Male,75-,Aboriginal,Greater Darwin,6
1996,Final,Male,75-,Aboriginal,Top End,9
1996,Final,Male,75-,Non-Aboriginal,Barkly,12
1996,Final,Male,75-,Non-Aboriginal,Big Rivers,33
1996,Final,Male,75-,Non-Aboriginal,Central Australia,64
1996,Final,Male,75-,Non-Aboriginal,East Arnhem,0
1996,Final,Male,75-,Non-Aboriginal,Greater Darwin,228
1996,Final,Male,75-,Non-Aboriginal,Top End,8
1996,Final,Female,75-,Aboriginal,Barkly,15
1996,Final,Female,75-,Aboriginal,Big Rivers,15
1996,Final,Female,75-,Aboriginal,Central Australia,53
1996,Final,Female,75-,Aboriginal,East Arnhem,10
1996,Final,Female,75-,Aboriginal,Greater Darwin,18
1996,Final,Female,75-,Aboriginal,Top End,15
1996,Final,Female,75-,Non-Aboriginal,Barkly,6
1996,Final,Female,75-,Non-Aboriginal,Big Rivers,21
1996,Final,Female,75-,Non-Aboriginal,Central Australia,82
1996,Final,Female,75-,Non-Aboriginal,East Arnhem,0
1996,Final,Female,75-,Non-Aboriginal,Greater Darwin,252
1996,Final,Female,75-,Non-Aboriginal,Top End,4
1996,Final,Male,80-,Aboriginal,Barkly,4
1996,Final,Male,80-,Aboriginal,Big Rivers,16
1996,Final,Male,80-,Aboriginal,Central Australia,20
1996,Final,Male,80-,Aboriginal,East Arnhem,2
1996,Final,Male,80-,Aboriginal,Greater Darwin,2
1996,Final,Male,80-,Aboriginal,Top End,7
1996,Final,Male,80-,Non-Aboriginal,Barkly,4
1996,Final,Male,80-,Non-Aboriginal,Big Rivers,19
1996,Final,Male,80-,Non-Aboriginal,Central Australia,27
1996,Final,Male,80-,Non-Aboriginal,East Arnhem,0
1996,Final,Male,80-,Non-Aboriginal,Greater Darwin,116
1996,Final,Male,80-,Non-Aboriginal,Top End,5
1996,Final,Female,80-,Aboriginal,Barkly,7
1996,Final,Female,80-,Aboriginal,Big Rivers,6
1996,Final,Female,80-,Aboriginal,Central Australia,18
1996,Final,Female,80-,Aboriginal,East Arnhem,1
1996,Final,Female,80-,Aboriginal,Greater Darwin,9
1996,Final,Female,80-,Aboriginal,Top End,14
1996,Final,Female,80-,Non-Aboriginal,Barkly,5
1996,Final,Female,80-,Non-Aboriginal,Big Rivers,17
1996,Final,Female,80-,Non-Aboriginal,Central Australia,59
1996,Final,Female,80-,Non-Aboriginal,East Arnhem,5
1996,Final,Female,80-,Non-Aboriginal,Greater Darwin,132
1996,Final,Female,80-,Non-Aboriginal,Top End,5
1996,Final,Male,85+,Aboriginal,Barkly,0
1996,Final,Male,85+,Aboriginal,Big Rivers,6
1996,Final,Male,85+,Aboriginal,Central Australia,4
1996,Final,Male,85+,Aboriginal,East Arnhem,3
1996,Final,Male,85+,Aboriginal,Greater Darwin,2
1996,Final,Male,85+,Aboriginal,Top End,11
1996,Final,Male,85+,Non-Aboriginal,Barkly,2
1996,Final,Male,85+,Non-Aboriginal,Big Rivers,24
1996,Final,Male,85+,Non-Aboriginal,Central Australia,16
1996,Final,Male,85+,Non-Aboriginal,East Arnhem,1
1996,Final,Male,85+,Non-Aboriginal,Greater Darwin,72
1996,Final,Male,85+,Non-Aboriginal,Top End,15
1996,Final,Female,85+,Aboriginal,Barkly,6
1996,Final,Female,85+,Aboriginal,Big Rivers,10
1996,Final,Female,85+,Aboriginal,Central Australia,23
1996,Final,Female,85+,Aboriginal,East Arnhem,11
1996,Final,Female,85+,Aboriginal,Greater Darwin,2
1996,Final,Female,85+,Aboriginal,Top End,9
1996,Final,Female,85+,Non-Aboriginal,Barkly,5
1996,Final,Female,85+,Non-Aboriginal,Big Rivers,11
1996,Final,Female,85+,Non-Aboriginal,Central Australia,42
1996,Final,Female,85+,Non-Aboriginal,East Arnhem,3
1996,Final,Female,85+,Non-Aboriginal,Greater Darwin,99
1996,Final,Female,85+,Non-Aboriginal,Top End,9
1997,Final,Male,0-,Aboriginal,Barkly,345
1997,Final,Male,0-,Aboriginal,Big Rivers,639
1997,Final,Male,0-,Aboriginal,Central Australia,935
1997,Final,Male,0-,Aboriginal,East Arnhem,542
1997,Final,Male,0-,Aboriginal,Greater Darwin,618
1997,Final,Male,0-,Aboriginal,Top End,676
1997,Final,Male,0-,Non-Aboriginal,Barkly,111
1997,Final,Male,0-,Non-Aboriginal,Big Rivers,435
1997,Final,Male,0-,Non-Aboriginal,Central Australia,791
1997,Final,Male,0-,Non-Aboriginal,East Arnhem,188
1997,Final,Male,0-,Non-Aboriginal,Greater Darwin,3848
1997,Final,Male,0-,Non-Aboriginal,Top End,127
1997,Final,Female,0-,Aboriginal,Barkly,373
1997,Final,Female,0-,Aboriginal,Big Rivers,588
1997,Final,Female,0-,Aboriginal,Central Australia,867
1997,Final,Female,0-,Aboriginal,East Arnhem,515
1997,Final,Female,0-,Aboriginal,Greater Darwin,548
1997,Final,Female,0-,Aboriginal,Top End,662
1997,Final,Female,0-,Non-Aboriginal,Barkly,91
1997,Final,Female,0-,Non-Aboriginal,Big Rivers,400
1997,Final,Female,0-,Non-Aboriginal,Central Australia,815
1997,Final,Female,0-,Non-Aboriginal,East Arnhem,171
1997,Final,Female,0-,Non-Aboriginal,Greater Darwin,3646
1997,Final,Female,0-,Non-Aboriginal,Top End,112
1997,Final,Male,10-,Aboriginal,Barkly,296
1997,Final,Male,10-,Aboriginal,Big Rivers,512
1997,Final,Male,10-,Aboriginal,Central Australia,753
1997,Final,Male,10-,Aboriginal,East Arnhem,455
1997,Final,Male,10-,Aboriginal,Greater Darwin,611
1997,Final,Male,10-,Aboriginal,Top End,531
1997,Final,Male,10-,Non-Aboriginal,Barkly,78
1997,Final,Male,10-,Non-Aboriginal,Big Rivers,340
1997,Final,Male,10-,Non-Aboriginal,Central Australia,794
1997,Final,Male,10-,Non-Aboriginal,East Arnhem,207
1997,Final,Male,10-,Non-Aboriginal,Greater Darwin,3275
1997,Final,Male,10-,Non-Aboriginal,Top End,108
1997,Final,Female,10-,Aboriginal,Barkly,302
1997,Final,Female,10-,Aboriginal,Big Rivers,557
1997,Final,Female,10-,Aboriginal,Central Australia,813
1997,Final,Female,10-,Aboriginal,East Arnhem,455
1997,Final,Female,10-,Aboriginal,Greater Darwin,536
1997,Final,Female,10-,Aboriginal,Top End,556
1997,Final,Female,10-,Non-Aboriginal,Barkly,63
1997,Final,Female,10-,Non-Aboriginal,Big Rivers,280
1997,Final,Female,10-,Non-Aboriginal,Central Australia,695
1997,Final,Female,10-,Non-Aboriginal,East Arnhem,148
1997,Final,Female,10-,Non-Aboriginal,Greater Darwin,3118
1997,Final,Female,10-,Non-Aboriginal,Top End,69
1997,Final,Male,15-,Aboriginal,Barkly,246
1997,Final,Male,15-,Aboriginal,Big Rivers,482
1997,Final,Male,15-,Aboriginal,Central Australia,627
1997,Final,Male,15-,Aboriginal,East Arnhem,402
1997,Final,Male,15-,Aboriginal,Greater Darwin,497
1997,Final,Male,15-,Aboriginal,Top End,521
1997,Final,Male,15-,Non-Aboriginal,Barkly,142
1997,Final,Male,15-,Non-Aboriginal,Big Rivers,317
1997,Final,Male,15-,Non-Aboriginal,Central Australia,708
1997,Final,Male,15-,Non-Aboriginal,East Arnhem,135
1997,Final,Male,15-,Non-Aboriginal,Greater Darwin,3256
1997,Final,Male,15-,Non-Aboriginal,Top End,103
1997,Final,Female,15-,Aboriginal,Barkly,264
1997,Final,Female,15-,Aboriginal,Big Rivers,493
1997,Final,Female,15-,Aboriginal,Central Australia,755
1997,Final,Female,15-,Aboriginal,East Arnhem,465
1997,Final,Female,15-,Aboriginal,Greater Darwin,434
1997,Final,Female,15-,Aboriginal,Top End,518
1997,Final,Female,15-,Non-Aboriginal,Barkly,67
1997,Final,Female,15-,Non-Aboriginal,Big Rivers,168
1997,Final,Female,15-,Non-Aboriginal,Central Australia,545
1997,Final,Female,15-,Non-Aboriginal,East Arnhem,60
1997,Final,Female,15-,Non-Aboriginal,Greater Darwin,2977
1997,Final,Female,15-,Non-Aboriginal,Top End,15
1997,Final,Male,20-,Aboriginal,Barkly,276
1997,Final,Male,20-,Aboriginal,Big Rivers,451
1997,Final,Male,20-,Aboriginal,Central Australia,618
1997,Final,Male,20-,Aboriginal,East Arnhem,431
1997,Final,Male,20-,Aboriginal,Greater Darwin,398
1997,Final,Male,20-,Aboriginal,Top End,529
1997,Final,Male,20-,Non-Aboriginal,Barkly,186
1997,Final,Male,20-,Non-Aboriginal,Big Rivers,533
1997,Final,Male,20-,Non-Aboriginal,Central Australia,1051
1997,Final,Male,20-,Non-Aboriginal,East Arnhem,171
1997,Final,Male,20-,Non-Aboriginal,Greater Darwin,4292
1997,Final,Male,20-,Non-Aboriginal,Top End,172
1997,Final,Female,20-,Aboriginal,Barkly,238
1997,Final,Female,20-,Aboriginal,Big Rivers,448
1997,Final,Female,20-,Aboriginal,Central Australia,681
1997,Final,Female,20-,Aboriginal,East Arnhem,435
1997,Final,Female,20-,Aboriginal,Greater Darwin,393
1997,Final,Female,20-,Aboriginal,Top End,574
1997,Final,Female,20-,Non-Aboriginal,Barkly,157
1997,Final,Female,20-,Non-Aboriginal,Big Rivers,361
1997,Final,Female,20-,Non-Aboriginal,Central Australia,1022
1997,Final,Female,20-,Non-Aboriginal,East Arnhem,109
1997,Final,Female,20-,Non-Aboriginal,Greater Darwin,3702
1997,Final,Female,20-,Non-Aboriginal,Top End,137
1997,Final,Male,25-,Aboriginal,Barkly,242
1997,Final,Male,25-,Aboriginal,Big Rivers,458
1997,Final,Male,25-,Aboriginal,Central Australia,605
1997,Final,Male,25-,Aboriginal,East Arnhem,374
1997,Final,Male,25-,Aboriginal,Greater Darwin,439
1997,Final,Male,25-,Aboriginal,Top End,441
1997,Final,Male,25-,Non-Aboriginal,Barkly,167
1997,Final,Male,25-,Non-Aboriginal,Big Rivers,665
1997,Final,Male,25-,Non-Aboriginal,Central Australia,1285
1997,Final,Male,25-,Non-Aboriginal,East Arnhem,213
1997,Final,Male,25-,Non-Aboriginal,Greater Darwin,4932
1997,Final,Male,25-,Non-Aboriginal,Top End,266
1997,Final,Female,25-,Aboriginal,Barkly,259
1997,Final,Female,25-,Aboriginal,Big Rivers,472
1997,Final,Female,25-,Aboriginal,Central Australia,715
1997,Final,Female,25-,Aboriginal,East Arnhem,416
1997,Final,Female,25-,Aboriginal,Greater Darwin,363
1997,Final,Female,25-,Aboriginal,Top End,416
1997,Final,Female,25-,Non-Aboriginal,Barkly,156
1997,Final,Female,25-,Non-Aboriginal,Big Rivers,546
1997,Final,Female,25-,Non-Aboriginal,Central Australia,1190
1997,Final,Female,25-,Non-Aboriginal,East Arnhem,166
1997,Final,Female,25-,Non-Aboriginal,Greater Darwin,4692
1997,Final,Female,25-,Non-Aboriginal,Top End,221
1997,Final,Male,30-,Aboriginal,Barkly,178
1997,Final,Male,30-,Aboriginal,Big Rivers,372
1997,Final,Male,30-,Aboriginal,Central Australia,569
1997,Final,Male,30-,Aboriginal,East Arnhem,345
1997,Final,Male,30-,Aboriginal,Greater Darwin,364
1997,Final,Male,30-,Aboriginal,Top End,342
1997,Final,Male,30-,Non-Aboriginal,Barkly,148
1997,Final,Male,30-,Non-Aboriginal,Big Rivers,636
1997,Final,Male,30-,Non-Aboriginal,Central Australia,1165
1997,Final,Male,30-,Non-Aboriginal,East Arnhem,236
1997,Final,Male,30-,Non-Aboriginal,Greater Darwin,4702
1997,Final,Male,30-,Non-Aboriginal,Top End,231
1997,Final,Female,30-,Aboriginal,Barkly,197
1997,Final,Female,30-,Aboriginal,Big Rivers,318
1997,Final,Female,30-,Aboriginal,Central Australia,564
1997,Final,Female,30-,Aboriginal,East Arnhem,341
1997,Final,Female,30-,Aboriginal,Greater Darwin,365
1997,Final,Female,30-,Aboriginal,Top End,342
1997,Final,Female,30-,Non-Aboriginal,Barkly,115
1997,Final,Female,30-,Non-Aboriginal,Big Rivers,458
1997,Final,Female,30-,Non-Aboriginal,Central Australia,1148
1997,Final,Female,30-,Non-Aboriginal,East Arnhem,272
1997,Final,Female,30-,Non-Aboriginal,Greater Darwin,4250
1997,Final,Female,30-,Non-Aboriginal,Top End,216
1997,Final,Male,35-,Aboriginal,Barkly,148
1997,Final,Male,35-,Aboriginal,Big Rivers,291
1997,Final,Male,35-,Aboriginal,Central Australia,497
1997,Final,Male,35-,Aboriginal,East Arnhem,276
1997,Final,Male,35-,Aboriginal,Greater Darwin,314
1997,Final,Male,35-,Aboriginal,Top End,287
1997,Final,Male,35-,Non-Aboriginal,Barkly,138
1997,Final,Male,35-,Non-Aboriginal,Big Rivers,529
1997,Final,Male,35-,Non-Aboriginal,Central Australia,1223
1997,Final,Male,35-,Non-Aboriginal,East Arnhem,287
1997,Final,Male,35-,Non-Aboriginal,Greater Darwin,4508
1997,Final,Male,35-,Non-Aboriginal,Top End,249
1997,Final,Female,35-,Aboriginal,Barkly,160
1997,Final,Female,35-,Aboriginal,Big Rivers,324
1997,Final,Female,35-,Aboriginal,Central Australia,494
1997,Final,Female,35-,Aboriginal,East Arnhem,301
1997,Final,Female,35-,Aboriginal,Greater Darwin,316
1997,Final,Female,35-,Aboriginal,Top End,278
1997,Final,Female,35-,Non-Aboriginal,Barkly,111
1997,Final,Female,35-,Non-Aboriginal,Big Rivers,364
1997,Final,Female,35-,Non-Aboriginal,Central Australia,1041
1997,Final,Female,35-,Non-Aboriginal,East Arnhem,238
1997,Final,Female,35-,Non-Aboriginal,Greater Darwin,4177
1997,Final,Female,35-,Non-Aboriginal,Top End,173
1997,Final,Male,40-,Aboriginal,Barkly,112
1997,Final,Male,40-,Aboriginal,Big Rivers,229
1997,Final,Male,40-,Aboriginal,Central Australia,355
1997,Final,Male,40-,Aboriginal,East Arnhem,205
1997,Final,Male,40-,Aboriginal,Greater Darwin,257
1997,Final,Male,40-,Aboriginal,Top End,235
1997,Final,Male,40-,Non-Aboriginal,Barkly,143
1997,Final,Male,40-,Non-Aboriginal,Big Rivers,445
1997,Final,Male,40-,Non-Aboriginal,Central Australia,1019
1997,Final,Male,40-,Non-Aboriginal,East Arnhem,280
1997,Final,Male,40-,Non-Aboriginal,Greater Darwin,4114
1997,Final,Male,40-,Non-Aboriginal,Top End,236
1997,Final,Female,40-,Aboriginal,Barkly,125
1997,Final,Female,40-,Aboriginal,Big Rivers,255
1997,Final,Female,40-,Aboriginal,Central Australia,455
1997,Final,Female,40-,Aboriginal,East Arnhem,222
1997,Final,Female,40-,Aboriginal,Greater Darwin,245
1997,Final,Female,40-,Aboriginal,Top End,251
1997,Final,Female,40-,Non-Aboriginal,Barkly,113
1997,Final,Female,40-,Non-Aboriginal,Big Rivers,304
1997,Final,Female,40-,Non-Aboriginal,Central Australia,898
1997,Final,Female,40-,Non-Aboriginal,East Arnhem,200
1997,Final,Female,40-,Non-Aboriginal,Greater Darwin,3775
1997,Final,Female,40-,Non-Aboriginal,Top End,147
1997,Final,Male,45-,Aboriginal,Barkly,78
1997,Final,Male,45-,Aboriginal,Big Rivers,141
1997,Final,Male,45-,Aboriginal,Central Australia,214
1997,Final,Male,45-,Aboriginal,East Arnhem,153
1997,Final,Male,45-,Aboriginal,Greater Darwin,202
1997,Final,Male,45-,Aboriginal,Top End,138
1997,Final,Male,45-,Non-Aboriginal,Barkly,150
1997,Final,Male,45-,Non-Aboriginal,Big Rivers,420
1997,Final,Male,45-,Non-Aboriginal,Central Australia,1013
1997,Final,Male,45-,Non-Aboriginal,East Arnhem,278
1997,Final,Male,45-,Non-Aboriginal,Greater Darwin,3860
1997,Final,Male,45-,Non-Aboriginal,Top End,220
1997,Final,Female,45-,Aboriginal,Barkly,92
1997,Final,Female,45-,Aboriginal,Big Rivers,168
1997,Final,Female,45-,Aboriginal,Central Australia,279
1997,Final,Female,45-,Aboriginal,East Arnhem,164
1997,Final,Female,45-,Aboriginal,Greater Darwin,205
1997,Final,Female,45-,Aboriginal,Top End,163
1997,Final,Female,45-,Non-Aboriginal,Barkly,110
1997,Final,Female,45-,Non-Aboriginal,Big Rivers,285
1997,Final,Female,45-,Non-Aboriginal,Central Australia,785
1997,Final,Female,45-,Non-Aboriginal,East Arnhem,173
1997,Final,Female,45-,Non-Aboriginal,Greater Darwin,3300
1997,Final,Female,45-,Non-Aboriginal,Top End,146
1997,Final,Male,5-,Aboriginal,Barkly,369
1997,Final,Male,5-,Aboriginal,Big Rivers,633
1997,Final,Male,5-,Aboriginal,Central Australia,839
1997,Final,Male,5-,Aboriginal,East Arnhem,507
1997,Final,Male,5-,Aboriginal,Greater Darwin,579
1997,Final,Male,5-,Aboriginal,Top End,693
1997,Final,Male,5-,Non-Aboriginal,Barkly,80
1997,Final,Male,5-,Non-Aboriginal,Big Rivers,472
1997,Final,Male,5-,Non-Aboriginal,Central Australia,882
1997,Final,Male,5-,Non-Aboriginal,East Arnhem,231
1997,Final,Male,5-,Non-Aboriginal,Greater Darwin,3492
1997,Final,Male,5-,Non-Aboriginal,Top End,135
1997,Final,Female,5-,Aboriginal,Barkly,346
1997,Final,Female,5-,Aboriginal,Big Rivers,589
1997,Final,Female,5-,Aboriginal,Central Australia,853
1997,Final,Female,5-,Aboriginal,East Arnhem,505
1997,Final,Female,5-,Aboriginal,Greater Darwin,476
1997,Final,Female,5-,Aboriginal,Top End,636
1997,Final,Female,5-,Non-Aboriginal,Barkly,82
1997,Final,Female,5-,Non-Aboriginal,Big Rivers,377
1997,Final,Female,5-,Non-Aboriginal,Central Australia,767
1997,Final,Female,5-,Non-Aboriginal,East Arnhem,203
1997,Final,Female,5-,Non-Aboriginal,Greater Darwin,3281
1997,Final,Female,5-,Non-Aboriginal,Top End,123
1997,Final,Male,50-,Aboriginal,Barkly,63
1997,Final,Male,50-,Aboriginal,Big Rivers,111
1997,Final,Male,50-,Aboriginal,Central Australia,199
1997,Final,Male,50-,Aboriginal,East Arnhem,114
1997,Final,Male,50-,Aboriginal,Greater Darwin,110
1997,Final,Male,50-,Aboriginal,Top End,105
1997,Final,Male,50-,Non-Aboriginal,Barkly,119
1997,Final,Male,50-,Non-Aboriginal,Big Rivers,331
1997,Final,Male,50-,Non-Aboriginal,Central Australia,739
1997,Final,Male,50-,Non-Aboriginal,East Arnhem,217
1997,Final,Male,50-,Non-Aboriginal,Greater Darwin,3115
1997,Final,Male,50-,Non-Aboriginal,Top End,209
1997,Final,Female,50-,Aboriginal,Barkly,81
1997,Final,Female,50-,Aboriginal,Big Rivers,138
1997,Final,Female,50-,Aboriginal,Central Australia,266
1997,Final,Female,50-,Aboriginal,East Arnhem,128
1997,Final,Female,50-,Aboriginal,Greater Darwin,130
1997,Final,Female,50-,Aboriginal,Top End,122
1997,Final,Female,50-,Non-Aboriginal,Barkly,61
1997,Final,Female,50-,Non-Aboriginal,Big Rivers,166
1997,Final,Female,50-,Non-Aboriginal,Central Australia,575
1997,Final,Female,50-,Non-Aboriginal,East Arnhem,113
1997,Final,Female,50-,Non-Aboriginal,Greater Darwin,2308
1997,Final,Female,50-,Non-Aboriginal,Top End,95
1997,Final,Male,55-,Aboriginal,Barkly,42
1997,Final,Male,55-,Aboriginal,Big Rivers,82
1997,Final,Male,55-,Aboriginal,Central Australia,138
1997,Final,Male,55-,Aboriginal,East Arnhem,62
1997,Final,Male,55-,Aboriginal,Greater Darwin,71
1997,Final,Male,55-,Aboriginal,Top End,70
1997,Final,Male,55-,Non-Aboriginal,Barkly,113
1997,Final,Male,55-,Non-Aboriginal,Big Rivers,213
1997,Final,Male,55-,Non-Aboriginal,Central Australia,538
1997,Final,Male,55-,Non-Aboriginal,East Arnhem,114
1997,Final,Male,55-,Non-Aboriginal,Greater Darwin,2097
1997,Final,Male,55-,Non-Aboriginal,Top End,126
1997,Final,Female,55-,Aboriginal,Barkly,52
1997,Final,Female,55-,Aboriginal,Big Rivers,105
1997,Final,Female,55-,Aboriginal,Central Australia,195
1997,Final,Female,55-,Aboriginal,East Arnhem,80
1997,Final,Female,55-,Aboriginal,Greater Darwin,73
1997,Final,Female,55-,Aboriginal,Top End,83
1997,Final,Female,55-,Non-Aboriginal,Barkly,70
1997,Final,Female,55-,Non-Aboriginal,Big Rivers,107
1997,Final,Female,55-,Non-Aboriginal,Central Australia,320
1997,Final,Female,55-,Non-Aboriginal,East Arnhem,30
1997,Final,Female,55-,Non-Aboriginal,Greater Darwin,1397
1997,Final,Female,55-,Non-Aboriginal,Top End,71
1997,Final,Male,60-,Aboriginal,Barkly,29
1997,Final,Male,60-,Aboriginal,Big Rivers,49
1997,Final,Male,60-,Aboriginal,Central Australia,91
1997,Final,Male,60-,Aboriginal,East Arnhem,43
1997,Final,Male,60-,Aboriginal,Greater Darwin,45
1997,Final,Male,60-,Aboriginal,Top End,51
1997,Final,Male,60-,Non-Aboriginal,Barkly,69
1997,Final,Male,60-,Non-Aboriginal,Big Rivers,142
1997,Final,Male,60-,Non-Aboriginal,Central Australia,247
1997,Final,Male,60-,Non-Aboriginal,East Arnhem,46
1997,Final,Male,60-,Non-Aboriginal,Greater Darwin,1181
1997,Final,Male,60-,Non-Aboriginal,Top End,93
1997,Final,Female,60-,Aboriginal,Barkly,54
1997,Final,Female,60-,Aboriginal,Big Rivers,62
1997,Final,Female,60-,Aboriginal,Central Australia,162
1997,Final,Female,60-,Aboriginal,East Arnhem,80
1997,Final,Female,60-,Aboriginal,Greater Darwin,54
1997,Final,Female,60-,Aboriginal,Top End,65
1997,Final,Female,60-,Non-Aboriginal,Barkly,25
1997,Final,Female,60-,Non-Aboriginal,Big Rivers,62
1997,Final,Female,60-,Non-Aboriginal,Central Australia,221
1997,Final,Female,60-,Non-Aboriginal,East Arnhem,7
1997,Final,Female,60-,Non-Aboriginal,Greater Darwin,803
1997,Final,Female,60-,Non-Aboriginal,Top End,43
1997,Final,Male,65-,Aboriginal,Barkly,27
1997,Final,Male,65-,Aboriginal,Big Rivers,41
1997,Final,Male,65-,Aboriginal,Central Australia,78
1997,Final,Male,65-,Aboriginal,East Arnhem,21
1997,Final,Male,65-,Aboriginal,Greater Darwin,30
1997,Final,Male,65-,Aboriginal,Top End,27
1997,Final,Male,65-,Non-Aboriginal,Barkly,33
1997,Final,Male,65-,Non-Aboriginal,Big Rivers,91
1997,Final,Male,65-,Non-Aboriginal,Central Australia,203
1997,Final,Male,65-,Non-Aboriginal,East Arnhem,5
1997,Final,Male,65-,Non-Aboriginal,Greater Darwin,885
1997,Final,Male,65-,Non-Aboriginal,Top End,53
1997,Final,Female,65-,Aboriginal,Barkly,27
1997,Final,Female,65-,Aboriginal,Big Rivers,51
1997,Final,Female,65-,Aboriginal,Central Australia,95
1997,Final,Female,65-,Aboriginal,East Arnhem,31
1997,Final,Female,65-,Aboriginal,Greater Darwin,46
1997,Final,Female,65-,Aboriginal,Top End,38
1997,Final,Female,65-,Non-Aboriginal,Barkly,18
1997,Final,Female,65-,Non-Aboriginal,Big Rivers,54
1997,Final,Female,65-,Non-Aboriginal,Central Australia,142
1997,Final,Female,65-,Non-Aboriginal,East Arnhem,4
1997,Final,Female,65-,Non-Aboriginal,Greater Darwin,607
1997,Final,Female,65-,Non-Aboriginal,Top End,32
1997,Final,Male,70-,Aboriginal,Barkly,25
1997,Final,Male,70-,Aboriginal,Big Rivers,30
1997,Final,Male,70-,Aboriginal,Central Australia,43
1997,Final,Male,70-,Aboriginal,East Arnhem,18
1997,Final,Male,70-,Aboriginal,Greater Darwin,23
1997,Final,Male,70-,Aboriginal,Top End,15
1997,Final,Male,70-,Non-Aboriginal,Barkly,27
1997,Final,Male,70-,Non-Aboriginal,Big Rivers,69
1997,Final,Male,70-,Non-Aboriginal,Central Australia,92
1997,Final,Male,70-,Non-Aboriginal,East Arnhem,2
1997,Final,Male,70-,Non-Aboriginal,Greater Darwin,508
1997,Final,Male,70-,Non-Aboriginal,Top End,23
1997,Final,Female,70-,Aboriginal,Barkly,27
1997,Final,Female,70-,Aboriginal,Big Rivers,45
1997,Final,Female,70-,Aboriginal,Central Australia,70
1997,Final,Female,70-,Aboriginal,East Arnhem,21
1997,Final,Female,70-,Aboriginal,Greater Darwin,33
1997,Final,Female,70-,Aboriginal,Top End,33
1997,Final,Female,70-,Non-Aboriginal,Barkly,6
1997,Final,Female,70-,Non-Aboriginal,Big Rivers,28
1997,Final,Female,70-,Non-Aboriginal,Central Australia,65
1997,Final,Female,70-,Non-Aboriginal,East Arnhem,0
1997,Final,Female,70-,Non-Aboriginal,Greater Darwin,437
1997,Final,Female,70-,Non-Aboriginal,Top End,21
1997,Final,Male,75-,Aboriginal,Barkly,14
1997,Final,Male,75-,Aboriginal,Big Rivers,19
1997,Final,Male,75-,Aboriginal,Central Australia,38
1997,Final,Male,75-,Aboriginal,East Arnhem,6
1997,Final,Male,75-,Aboriginal,Greater Darwin,7
1997,Final,Male,75-,Aboriginal,Top End,9
1997,Final,Male,75-,Non-Aboriginal,Barkly,12
1997,Final,Male,75-,Non-Aboriginal,Big Rivers,34
1997,Final,Male,75-,Non-Aboriginal,Central Australia,68
1997,Final,Male,75-,Non-Aboriginal,East Arnhem,0
1997,Final,Male,75-,Non-Aboriginal,Greater Darwin,248
1997,Final,Male,75-,Non-Aboriginal,Top End,9
1997,Final,Female,75-,Aboriginal,Barkly,15
1997,Final,Female,75-,Aboriginal,Big Rivers,16
1997,Final,Female,75-,Aboriginal,Central Australia,54
1997,Final,Female,75-,Aboriginal,East Arnhem,11
1997,Final,Female,75-,Aboriginal,Greater Darwin,19
1997,Final,Female,75-,Aboriginal,Top End,17
1997,Final,Female,75-,Non-Aboriginal,Barkly,6
1997,Final,Female,75-,Non-Aboriginal,Big Rivers,21
1997,Final,Female,75-,Non-Aboriginal,Central Australia,86
1997,Final,Female,75-,Non-Aboriginal,East Arnhem,0
1997,Final,Female,75-,Non-Aboriginal,Greater Darwin,268
1997,Final,Female,75-,Non-Aboriginal,Top End,5
1997,Final,Male,80-,Aboriginal,Barkly,4
1997,Final,Male,80-,Aboriginal,Big Rivers,15
1997,Final,Male,80-,Aboriginal,Central Australia,20
1997,Final,Male,80-,Aboriginal,East Arnhem,2
1997,Final,Male,80-,Aboriginal,Greater Darwin,2
1997,Final,Male,80-,Aboriginal,Top End,6
1997,Final,Male,80-,Non-Aboriginal,Barkly,4
1997,Final,Male,80-,Non-Aboriginal,Big Rivers,18
1997,Final,Male,80-,Non-Aboriginal,Central Australia,27
1997,Final,Male,80-,Non-Aboriginal,East Arnhem,0
1997,Final,Male,80-,Non-Aboriginal,Greater Darwin,116
1997,Final,Male,80-,Non-Aboriginal,Top End,5
1997,Final,Female,80-,Aboriginal,Barkly,7
1997,Final,Female,80-,Aboriginal,Big Rivers,7
1997,Final,Female,80-,Aboriginal,Central Australia,21
1997,Final,Female,80-,Aboriginal,East Arnhem,2
1997,Final,Female,80-,Aboriginal,Greater Darwin,11
1997,Final,Female,80-,Aboriginal,Top End,15
1997,Final,Female,80-,Non-Aboriginal,Barkly,5
1997,Final,Female,80-,Non-Aboriginal,Big Rivers,18
1997,Final,Female,80-,Non-Aboriginal,Central Australia,64
1997,Final,Female,80-,Non-Aboriginal,East Arnhem,5
1997,Final,Female,80-,Non-Aboriginal,Greater Darwin,152
1997,Final,Female,80-,Non-Aboriginal,Top End,5
1997,Final,Male,85+,Aboriginal,Barkly,0
1997,Final,Male,85+,Aboriginal,Big Rivers,7
1997,Final,Male,85+,Aboriginal,Central Australia,5
1997,Final,Male,85+,Aboriginal,East Arnhem,3
1997,Final,Male,85+,Aboriginal,Greater Darwin,2
1997,Final,Male,85+,Aboriginal,Top End,11
1997,Final,Male,85+,Non-Aboriginal,Barkly,2
1997,Final,Male,85+,Non-Aboriginal,Big Rivers,22
1997,Final,Male,85+,Non-Aboriginal,Central Australia,16
1997,Final,Male,85+,Non-Aboriginal,East Arnhem,1
1997,Final,Male,85+,Non-Aboriginal,Greater Darwin,74
1997,Final,Male,85+,Non-Aboriginal,Top End,14
1997,Final,Female,85+,Aboriginal,Barkly,6
1997,Final,Female,85+,Aboriginal,Big Rivers,11
1997,Final,Female,85+,Aboriginal,Central Australia,23
1997,Final,Female,85+,Aboriginal,East Arnhem,11
1997,Final,Female,85+,Aboriginal,Greater Darwin,2
1997,Final,Female,85+,Aboriginal,Top End,9
1997,Final,Female,85+,Non-Aboriginal,Barkly,5
1997,Final,Female,85+,Non-Aboriginal,Big Rivers,11
1997,Final,Female,85+,Non-Aboriginal,Central Australia,43
1997,Final,Female,85+,Non-Aboriginal,East Arnhem,3
1997,Final,Female,85+,Non-Aboriginal,Greater Darwin,104
1997,Final,Female,85+,Non-Aboriginal,Top End,8
1998,Final,Male,0-,Aboriginal,Barkly,345
1998,Final,Male,0-,Aboriginal,Big Rivers,653
1998,Final,Male,0-,Aboriginal,Central Australia,932
1998,Final,Male,0-,Aboriginal,East Arnhem,548
1998,Final,Male,0-,Aboriginal,Greater Darwin,644
1998,Final,Male,0-,Aboriginal,Top End,684
1998,Final,Male,0-,Non-Aboriginal,Barkly,105
1998,Final,Male,0-,Non-Aboriginal,Big Rivers,425
1998,Final,Male,0-,Non-Aboriginal,Central Australia,785
1998,Final,Male,0-,Non-Aboriginal,East Arnhem,195
1998,Final,Male,0-,Non-Aboriginal,Greater Darwin,3849
1998,Final,Male,0-,Non-Aboriginal,Top End,127
1998,Final,Female,0-,Aboriginal,Barkly,360
1998,Final,Female,0-,Aboriginal,Big Rivers,600
1998,Final,Female,0-,Aboriginal,Central Australia,871
1998,Final,Female,0-,Aboriginal,East Arnhem,508
1998,Final,Female,0-,Aboriginal,Greater Darwin,560
1998,Final,Female,0-,Aboriginal,Top End,657
1998,Final,Female,0-,Non-Aboriginal,Barkly,84
1998,Final,Female,0-,Non-Aboriginal,Big Rivers,385
1998,Final,Female,0-,Non-Aboriginal,Central Australia,789
1998,Final,Female,0-,Non-Aboriginal,East Arnhem,176
1998,Final,Female,0-,Non-Aboriginal,Greater Darwin,3611
1998,Final,Female,0-,Non-Aboriginal,Top End,111
1998,Final,Male,10-,Aboriginal,Barkly,295
1998,Final,Male,10-,Aboriginal,Big Rivers,525
1998,Final,Male,10-,Aboriginal,Central Australia,756
1998,Final,Male,10-,Aboriginal,East Arnhem,454
1998,Final,Male,10-,Aboriginal,Greater Darwin,638
1998,Final,Male,10-,Aboriginal,Top End,543
1998,Final,Male,10-,Non-Aboriginal,Barkly,74
1998,Final,Male,10-,Non-Aboriginal,Big Rivers,337
1998,Final,Male,10-,Non-Aboriginal,Central Australia,794
1998,Final,Male,10-,Non-Aboriginal,East Arnhem,206
1998,Final,Male,10-,Non-Aboriginal,Greater Darwin,3303
1998,Final,Male,10-,Non-Aboriginal,Top End,112
1998,Final,Female,10-,Aboriginal,Barkly,301
1998,Final,Female,10-,Aboriginal,Big Rivers,564
1998,Final,Female,10-,Aboriginal,Central Australia,823
1998,Final,Female,10-,Aboriginal,East Arnhem,460
1998,Final,Female,10-,Aboriginal,Greater Darwin,558
1998,Final,Female,10-,Aboriginal,Top End,563
1998,Final,Female,10-,Non-Aboriginal,Barkly,60
1998,Final,Female,10-,Non-Aboriginal,Big Rivers,285
1998,Final,Female,10-,Non-Aboriginal,Central Australia,706
1998,Final,Female,10-,Non-Aboriginal,East Arnhem,154
1998,Final,Female,10-,Non-Aboriginal,Greater Darwin,3160
1998,Final,Female,10-,Non-Aboriginal,Top End,74
1998,Final,Male,15-,Aboriginal,Barkly,253
1998,Final,Male,15-,Aboriginal,Big Rivers,500
1998,Final,Male,15-,Aboriginal,Central Australia,652
1998,Final,Male,15-,Aboriginal,East Arnhem,419
1998,Final,Male,15-,Aboriginal,Greater Darwin,529
1998,Final,Male,15-,Aboriginal,Top End,530
1998,Final,Male,15-,Non-Aboriginal,Barkly,138
1998,Final,Male,15-,Non-Aboriginal,Big Rivers,315
1998,Final,Male,15-,Non-Aboriginal,Central Australia,725
1998,Final,Male,15-,Non-Aboriginal,East Arnhem,139
1998,Final,Male,15-,Non-Aboriginal,Greater Darwin,3327
1998,Final,Male,15-,Non-Aboriginal,Top End,104
1998,Final,Female,15-,Aboriginal,Barkly,268
1998,Final,Female,15-,Aboriginal,Big Rivers,508
1998,Final,Female,15-,Aboriginal,Central Australia,767
1998,Final,Female,15-,Aboriginal,East Arnhem,473
1998,Final,Female,15-,Aboriginal,Greater Darwin,461
1998,Final,Female,15-,Aboriginal,Top End,532
1998,Final,Female,15-,Non-Aboriginal,Barkly,68
1998,Final,Female,15-,Non-Aboriginal,Big Rivers,177
1998,Final,Female,15-,Non-Aboriginal,Central Australia,576
1998,Final,Female,15-,Non-Aboriginal,East Arnhem,68
1998,Final,Female,15-,Non-Aboriginal,Greater Darwin,3030
1998,Final,Female,15-,Non-Aboriginal,Top End,20
1998,Final,Male,20-,Aboriginal,Barkly,268
1998,Final,Male,20-,Aboriginal,Big Rivers,448
1998,Final,Male,20-,Aboriginal,Central Australia,615
1998,Final,Male,20-,Aboriginal,East Arnhem,422
1998,Final,Male,20-,Aboriginal,Greater Darwin,405
1998,Final,Male,20-,Aboriginal,Top End,518
1998,Final,Male,20-,Non-Aboriginal,Barkly,171
1998,Final,Male,20-,Non-Aboriginal,Big Rivers,501
1998,Final,Male,20-,Non-Aboriginal,Central Australia,1004
1998,Final,Male,20-,Non-Aboriginal,East Arnhem,166
1998,Final,Male,20-,Non-Aboriginal,Greater Darwin,4193
1998,Final,Male,20-,Non-Aboriginal,Top End,161
1998,Final,Female,20-,Aboriginal,Barkly,228
1998,Final,Female,20-,Aboriginal,Big Rivers,444
1998,Final,Female,20-,Aboriginal,Central Australia,678
1998,Final,Female,20-,Aboriginal,East Arnhem,425
1998,Final,Female,20-,Aboriginal,Greater Darwin,388
1998,Final,Female,20-,Aboriginal,Top End,553
1998,Final,Female,20-,Non-Aboriginal,Barkly,146
1998,Final,Female,20-,Non-Aboriginal,Big Rivers,343
1998,Final,Female,20-,Non-Aboriginal,Central Australia,980
1998,Final,Female,20-,Non-Aboriginal,East Arnhem,108
1998,Final,Female,20-,Non-Aboriginal,Greater Darwin,3572
1998,Final,Female,20-,Non-Aboriginal,Top End,134
1998,Final,Male,25-,Aboriginal,Barkly,246
1998,Final,Male,25-,Aboriginal,Big Rivers,466
1998,Final,Male,25-,Aboriginal,Central Australia,630
1998,Final,Male,25-,Aboriginal,East Arnhem,394
1998,Final,Male,25-,Aboriginal,Greater Darwin,458
1998,Final,Male,25-,Aboriginal,Top End,459
1998,Final,Male,25-,Non-Aboriginal,Barkly,162
1998,Final,Male,25-,Non-Aboriginal,Big Rivers,653
1998,Final,Male,25-,Non-Aboriginal,Central Australia,1293
1998,Final,Male,25-,Non-Aboriginal,East Arnhem,224
1998,Final,Male,25-,Non-Aboriginal,Greater Darwin,5059
1998,Final,Male,25-,Non-Aboriginal,Top End,265
1998,Final,Female,25-,Aboriginal,Barkly,259
1998,Final,Female,25-,Aboriginal,Big Rivers,478
1998,Final,Female,25-,Aboriginal,Central Australia,727
1998,Final,Female,25-,Aboriginal,East Arnhem,428
1998,Final,Female,25-,Aboriginal,Greater Darwin,378
1998,Final,Female,25-,Aboriginal,Top End,427
1998,Final,Female,25-,Non-Aboriginal,Barkly,149
1998,Final,Female,25-,Non-Aboriginal,Big Rivers,532
1998,Final,Female,25-,Non-Aboriginal,Central Australia,1187
1998,Final,Female,25-,Non-Aboriginal,East Arnhem,176
1998,Final,Female,25-,Non-Aboriginal,Greater Darwin,4711
1998,Final,Female,25-,Non-Aboriginal,Top End,219
1998,Final,Male,30-,Aboriginal,Barkly,183
1998,Final,Male,30-,Aboriginal,Big Rivers,370
1998,Final,Male,30-,Aboriginal,Central Australia,570
1998,Final,Male,30-,Aboriginal,East Arnhem,346
1998,Final,Male,30-,Aboriginal,Greater Darwin,382
1998,Final,Male,30-,Aboriginal,Top End,346
1998,Final,Male,30-,Non-Aboriginal,Barkly,141
1998,Final,Male,30-,Non-Aboriginal,Big Rivers,611
1998,Final,Male,30-,Non-Aboriginal,Central Australia,1142
1998,Final,Male,30-,Non-Aboriginal,East Arnhem,243
1998,Final,Male,30-,Non-Aboriginal,Greater Darwin,4678
1998,Final,Male,30-,Non-Aboriginal,Top End,229
1998,Final,Female,30-,Aboriginal,Barkly,198
1998,Final,Female,30-,Aboriginal,Big Rivers,329
1998,Final,Female,30-,Aboriginal,Central Australia,577
1998,Final,Female,30-,Aboriginal,East Arnhem,347
1998,Final,Female,30-,Aboriginal,Greater Darwin,372
1998,Final,Female,30-,Aboriginal,Top End,346
1998,Final,Female,30-,Non-Aboriginal,Barkly,110
1998,Final,Female,30-,Non-Aboriginal,Big Rivers,450
1998,Final,Female,30-,Non-Aboriginal,Central Australia,1124
1998,Final,Female,30-,Non-Aboriginal,East Arnhem,271
1998,Final,Female,30-,Non-Aboriginal,Greater Darwin,4234
1998,Final,Female,30-,Non-Aboriginal,Top End,211
1998,Final,Male,35-,Aboriginal,Barkly,151
1998,Final,Male,35-,Aboriginal,Big Rivers,309
1998,Final,Male,35-,Aboriginal,Central Australia,513
1998,Final,Male,35-,Aboriginal,East Arnhem,289
1998,Final,Male,35-,Aboriginal,Greater Darwin,339
1998,Final,Male,35-,Aboriginal,Top End,306
1998,Final,Male,35-,Non-Aboriginal,Barkly,134
1998,Final,Male,35-,Non-Aboriginal,Big Rivers,533
1998,Final,Male,35-,Non-Aboriginal,Central Australia,1244
1998,Final,Male,35-,Non-Aboriginal,East Arnhem,302
1998,Final,Male,35-,Non-Aboriginal,Greater Darwin,4640
1998,Final,Male,35-,Non-Aboriginal,Top End,253
1998,Final,Female,35-,Aboriginal,Barkly,163
1998,Final,Female,35-,Aboriginal,Big Rivers,344
1998,Final,Female,35-,Aboriginal,Central Australia,510
1998,Final,Female,35-,Aboriginal,East Arnhem,310
1998,Final,Female,35-,Aboriginal,Greater Darwin,333
1998,Final,Female,35-,Aboriginal,Top End,292
1998,Final,Female,35-,Non-Aboriginal,Barkly,108
1998,Final,Female,35-,Non-Aboriginal,Big Rivers,368
1998,Final,Female,35-,Non-Aboriginal,Central Australia,1053
1998,Final,Female,35-,Non-Aboriginal,East Arnhem,242
1998,Final,Female,35-,Non-Aboriginal,Greater Darwin,4243
1998,Final,Female,35-,Non-Aboriginal,Top End,181
1998,Final,Male,40-,Aboriginal,Barkly,115
1998,Final,Male,40-,Aboriginal,Big Rivers,234
1998,Final,Male,40-,Aboriginal,Central Australia,356
1998,Final,Male,40-,Aboriginal,East Arnhem,209
1998,Final,Male,40-,Aboriginal,Greater Darwin,268
1998,Final,Male,40-,Aboriginal,Top End,236
1998,Final,Male,40-,Non-Aboriginal,Barkly,136
1998,Final,Male,40-,Non-Aboriginal,Big Rivers,433
1998,Final,Male,40-,Non-Aboriginal,Central Australia,1015
1998,Final,Male,40-,Non-Aboriginal,East Arnhem,278
1998,Final,Male,40-,Non-Aboriginal,Greater Darwin,4090
1998,Final,Male,40-,Non-Aboriginal,Top End,235
1998,Final,Female,40-,Aboriginal,Barkly,131
1998,Final,Female,40-,Aboriginal,Big Rivers,266
1998,Final,Female,40-,Aboriginal,Central Australia,462
1998,Final,Female,40-,Aboriginal,East Arnhem,234
1998,Final,Female,40-,Aboriginal,Greater Darwin,261
1998,Final,Female,40-,Aboriginal,Top End,258
1998,Final,Female,40-,Non-Aboriginal,Barkly,109
1998,Final,Female,40-,Non-Aboriginal,Big Rivers,311
1998,Final,Female,40-,Non-Aboriginal,Central Australia,925
1998,Final,Female,40-,Non-Aboriginal,East Arnhem,209
1998,Final,Female,40-,Non-Aboriginal,Greater Darwin,3858
1998,Final,Female,40-,Non-Aboriginal,Top End,152
1998,Final,Male,45-,Aboriginal,Barkly,81
1998,Final,Male,45-,Aboriginal,Big Rivers,152
1998,Final,Male,45-,Aboriginal,Central Australia,225
1998,Final,Male,45-,Aboriginal,East Arnhem,164
1998,Final,Male,45-,Aboriginal,Greater Darwin,220
1998,Final,Male,45-,Aboriginal,Top End,146
1998,Final,Male,45-,Non-Aboriginal,Barkly,146
1998,Final,Male,45-,Non-Aboriginal,Big Rivers,416
1998,Final,Male,45-,Non-Aboriginal,Central Australia,1033
1998,Final,Male,45-,Non-Aboriginal,East Arnhem,284
1998,Final,Male,45-,Non-Aboriginal,Greater Darwin,3920
1998,Final,Male,45-,Non-Aboriginal,Top End,225
1998,Final,Female,45-,Aboriginal,Barkly,97
1998,Final,Female,45-,Aboriginal,Big Rivers,182
1998,Final,Female,45-,Aboriginal,Central Australia,294
1998,Final,Female,45-,Aboriginal,East Arnhem,173
1998,Final,Female,45-,Aboriginal,Greater Darwin,216
1998,Final,Female,45-,Aboriginal,Top End,170
1998,Final,Female,45-,Non-Aboriginal,Barkly,110
1998,Final,Female,45-,Non-Aboriginal,Big Rivers,293
1998,Final,Female,45-,Non-Aboriginal,Central Australia,814
1998,Final,Female,45-,Non-Aboriginal,East Arnhem,181
1998,Final,Female,45-,Non-Aboriginal,Greater Darwin,3384
1998,Final,Female,45-,Non-Aboriginal,Top End,152
1998,Final,Male,5-,Aboriginal,Barkly,362
1998,Final,Male,5-,Aboriginal,Big Rivers,648
1998,Final,Male,5-,Aboriginal,Central Australia,851
1998,Final,Male,5-,Aboriginal,East Arnhem,527
1998,Final,Male,5-,Aboriginal,Greater Darwin,616
1998,Final,Male,5-,Aboriginal,Top End,702
1998,Final,Male,5-,Non-Aboriginal,Barkly,77
1998,Final,Male,5-,Non-Aboriginal,Big Rivers,462
1998,Final,Male,5-,Non-Aboriginal,Central Australia,883
1998,Final,Male,5-,Non-Aboriginal,East Arnhem,234
1998,Final,Male,5-,Non-Aboriginal,Greater Darwin,3542
1998,Final,Male,5-,Non-Aboriginal,Top End,141
1998,Final,Female,5-,Aboriginal,Barkly,345
1998,Final,Female,5-,Aboriginal,Big Rivers,604
1998,Final,Female,5-,Aboriginal,Central Australia,858
1998,Final,Female,5-,Aboriginal,East Arnhem,513
1998,Final,Female,5-,Aboriginal,Greater Darwin,510
1998,Final,Female,5-,Aboriginal,Top End,642
1998,Final,Female,5-,Non-Aboriginal,Barkly,76
1998,Final,Female,5-,Non-Aboriginal,Big Rivers,371
1998,Final,Female,5-,Non-Aboriginal,Central Australia,762
1998,Final,Female,5-,Non-Aboriginal,East Arnhem,208
1998,Final,Female,5-,Non-Aboriginal,Greater Darwin,3320
1998,Final,Female,5-,Non-Aboriginal,Top End,122
1998,Final,Male,50-,Aboriginal,Barkly,67
1998,Final,Male,50-,Aboriginal,Big Rivers,122
1998,Final,Male,50-,Aboriginal,Central Australia,213
1998,Final,Male,50-,Aboriginal,East Arnhem,122
1998,Final,Male,50-,Aboriginal,Greater Darwin,128
1998,Final,Male,50-,Aboriginal,Top End,112
1998,Final,Male,50-,Non-Aboriginal,Barkly,121
1998,Final,Male,50-,Non-Aboriginal,Big Rivers,346
1998,Final,Male,50-,Non-Aboriginal,Central Australia,795
1998,Final,Male,50-,Non-Aboriginal,East Arnhem,230
1998,Final,Male,50-,Non-Aboriginal,Greater Darwin,3299
1998,Final,Male,50-,Non-Aboriginal,Top End,218
1998,Final,Female,50-,Aboriginal,Barkly,88
1998,Final,Female,50-,Aboriginal,Big Rivers,146
1998,Final,Female,50-,Aboriginal,Central Australia,285
1998,Final,Female,50-,Aboriginal,East Arnhem,140
1998,Final,Female,50-,Aboriginal,Greater Darwin,146
1998,Final,Female,50-,Aboriginal,Top End,131
1998,Final,Female,50-,Non-Aboriginal,Barkly,66
1998,Final,Female,50-,Non-Aboriginal,Big Rivers,182
1998,Final,Female,50-,Non-Aboriginal,Central Australia,629
1998,Final,Female,50-,Non-Aboriginal,East Arnhem,123
1998,Final,Female,50-,Non-Aboriginal,Greater Darwin,2498
1998,Final,Female,50-,Non-Aboriginal,Top End,109
1998,Final,Male,55-,Aboriginal,Barkly,45
1998,Final,Male,55-,Aboriginal,Big Rivers,87
1998,Final,Male,55-,Aboriginal,Central Australia,142
1998,Final,Male,55-,Aboriginal,East Arnhem,67
1998,Final,Male,55-,Aboriginal,Greater Darwin,81
1998,Final,Male,55-,Aboriginal,Top End,75
1998,Final,Male,55-,Non-Aboriginal,Barkly,117
1998,Final,Male,55-,Non-Aboriginal,Big Rivers,230
1998,Final,Male,55-,Non-Aboriginal,Central Australia,576
1998,Final,Male,55-,Non-Aboriginal,East Arnhem,126
1998,Final,Male,55-,Non-Aboriginal,Greater Darwin,2271
1998,Final,Male,55-,Non-Aboriginal,Top End,138
1998,Final,Female,55-,Aboriginal,Barkly,54
1998,Final,Female,55-,Aboriginal,Big Rivers,109
1998,Final,Female,55-,Aboriginal,Central Australia,202
1998,Final,Female,55-,Aboriginal,East Arnhem,82
1998,Final,Female,55-,Aboriginal,Greater Darwin,82
1998,Final,Female,55-,Aboriginal,Top End,88
1998,Final,Female,55-,Non-Aboriginal,Barkly,73
1998,Final,Female,55-,Non-Aboriginal,Big Rivers,118
1998,Final,Female,55-,Non-Aboriginal,Central Australia,346
1998,Final,Female,55-,Non-Aboriginal,East Arnhem,38
1998,Final,Female,55-,Non-Aboriginal,Greater Darwin,1513
1998,Final,Female,55-,Non-Aboriginal,Top End,78
1998,Final,Male,60-,Aboriginal,Barkly,31
1998,Final,Male,60-,Aboriginal,Big Rivers,54
1998,Final,Male,60-,Aboriginal,Central Australia,95
1998,Final,Male,60-,Aboriginal,East Arnhem,46
1998,Final,Male,60-,Aboriginal,Greater Darwin,49
1998,Final,Male,60-,Aboriginal,Top End,55
1998,Final,Male,60-,Non-Aboriginal,Barkly,72
1998,Final,Male,60-,Non-Aboriginal,Big Rivers,153
1998,Final,Male,60-,Non-Aboriginal,Central Australia,273
1998,Final,Male,60-,Non-Aboriginal,East Arnhem,51
1998,Final,Male,60-,Non-Aboriginal,Greater Darwin,1293
1998,Final,Male,60-,Non-Aboriginal,Top End,101
1998,Final,Female,60-,Aboriginal,Barkly,55
1998,Final,Female,60-,Aboriginal,Big Rivers,65
1998,Final,Female,60-,Aboriginal,Central Australia,168
1998,Final,Female,60-,Aboriginal,East Arnhem,83
1998,Final,Female,60-,Aboriginal,Greater Darwin,60
1998,Final,Female,60-,Aboriginal,Top End,67
1998,Final,Female,60-,Non-Aboriginal,Barkly,26
1998,Final,Female,60-,Non-Aboriginal,Big Rivers,69
1998,Final,Female,60-,Non-Aboriginal,Central Australia,236
1998,Final,Female,60-,Non-Aboriginal,East Arnhem,9
1998,Final,Female,60-,Non-Aboriginal,Greater Darwin,874
1998,Final,Female,60-,Non-Aboriginal,Top End,48
1998,Final,Male,65-,Aboriginal,Barkly,26
1998,Final,Male,65-,Aboriginal,Big Rivers,40
1998,Final,Male,65-,Aboriginal,Central Australia,75
1998,Final,Male,65-,Aboriginal,East Arnhem,22
1998,Final,Male,65-,Aboriginal,Greater Darwin,31
1998,Final,Male,65-,Aboriginal,Top End,28
1998,Final,Male,65-,Non-Aboriginal,Barkly,33
1998,Final,Male,65-,Non-Aboriginal,Big Rivers,93
1998,Final,Male,65-,Non-Aboriginal,Central Australia,205
1998,Final,Male,65-,Non-Aboriginal,East Arnhem,7
1998,Final,Male,65-,Non-Aboriginal,Greater Darwin,900
1998,Final,Male,65-,Non-Aboriginal,Top End,56
1998,Final,Female,65-,Aboriginal,Barkly,27
1998,Final,Female,65-,Aboriginal,Big Rivers,51
1998,Final,Female,65-,Aboriginal,Central Australia,93
1998,Final,Female,65-,Aboriginal,East Arnhem,31
1998,Final,Female,65-,Aboriginal,Greater Darwin,48
1998,Final,Female,65-,Aboriginal,Top End,38
1998,Final,Female,65-,Non-Aboriginal,Barkly,19
1998,Final,Female,65-,Non-Aboriginal,Big Rivers,56
1998,Final,Female,65-,Non-Aboriginal,Central Australia,144
1998,Final,Female,65-,Non-Aboriginal,East Arnhem,5
1998,Final,Female,65-,Non-Aboriginal,Greater Darwin,615
1998,Final,Female,65-,Non-Aboriginal,Top End,32
1998,Final,Male,70-,Aboriginal,Barkly,25
1998,Final,Male,70-,Aboriginal,Big Rivers,32
1998,Final,Male,70-,Aboriginal,Central Australia,44
1998,Final,Male,70-,Aboriginal,East Arnhem,18
1998,Final,Male,70-,Aboriginal,Greater Darwin,26
1998,Final,Male,70-,Aboriginal,Top End,18
1998,Final,Male,70-,Non-Aboriginal,Barkly,27
1998,Final,Male,70-,Non-Aboriginal,Big Rivers,73
1998,Final,Male,70-,Non-Aboriginal,Central Australia,101
1998,Final,Male,70-,Non-Aboriginal,East Arnhem,2
1998,Final,Male,70-,Non-Aboriginal,Greater Darwin,556
1998,Final,Male,70-,Non-Aboriginal,Top End,25
1998,Final,Female,70-,Aboriginal,Barkly,28
1998,Final,Female,70-,Aboriginal,Big Rivers,46
1998,Final,Female,70-,Aboriginal,Central Australia,76
1998,Final,Female,70-,Aboriginal,East Arnhem,22
1998,Final,Female,70-,Aboriginal,Greater Darwin,35
1998,Final,Female,70-,Aboriginal,Top End,33
1998,Final,Female,70-,Non-Aboriginal,Barkly,6
1998,Final,Female,70-,Non-Aboriginal,Big Rivers,30
1998,Final,Female,70-,Non-Aboriginal,Central Australia,69
1998,Final,Female,70-,Non-Aboriginal,East Arnhem,0
1998,Final,Female,70-,Non-Aboriginal,Greater Darwin,453
1998,Final,Female,70-,Non-Aboriginal,Top End,21
1998,Final,Male,75-,Aboriginal,Barkly,14
1998,Final,Male,75-,Aboriginal,Big Rivers,20
1998,Final,Male,75-,Aboriginal,Central Australia,39
1998,Final,Male,75-,Aboriginal,East Arnhem,6
1998,Final,Male,75-,Aboriginal,Greater Darwin,7
1998,Final,Male,75-,Aboriginal,Top End,10
1998,Final,Male,75-,Non-Aboriginal,Barkly,13
1998,Final,Male,75-,Non-Aboriginal,Big Rivers,35
1998,Final,Male,75-,Non-Aboriginal,Central Australia,74
1998,Final,Male,75-,Non-Aboriginal,East Arnhem,0
1998,Final,Male,75-,Non-Aboriginal,Greater Darwin,275
1998,Final,Male,75-,Non-Aboriginal,Top End,10
1998,Final,Female,75-,Aboriginal,Barkly,15
1998,Final,Female,75-,Aboriginal,Big Rivers,16
1998,Final,Female,75-,Aboriginal,Central Australia,54
1998,Final,Female,75-,Aboriginal,East Arnhem,12
1998,Final,Female,75-,Aboriginal,Greater Darwin,21
1998,Final,Female,75-,Aboriginal,Top End,18
1998,Final,Female,75-,Non-Aboriginal,Barkly,6
1998,Final,Female,75-,Non-Aboriginal,Big Rivers,22
1998,Final,Female,75-,Non-Aboriginal,Central Australia,90
1998,Final,Female,75-,Non-Aboriginal,East Arnhem,0
1998,Final,Female,75-,Non-Aboriginal,Greater Darwin,282
1998,Final,Female,75-,Non-Aboriginal,Top End,6
1998,Final,Male,80-,Aboriginal,Barkly,5
1998,Final,Male,80-,Aboriginal,Big Rivers,13
1998,Final,Male,80-,Aboriginal,Central Australia,20
1998,Final,Male,80-,Aboriginal,East Arnhem,3
1998,Final,Male,80-,Aboriginal,Greater Darwin,2
1998,Final,Male,80-,Aboriginal,Top End,6
1998,Final,Male,80-,Non-Aboriginal,Barkly,4
1998,Final,Male,80-,Non-Aboriginal,Big Rivers,18
1998,Final,Male,80-,Non-Aboriginal,Central Australia,27
1998,Final,Male,80-,Non-Aboriginal,East Arnhem,0
1998,Final,Male,80-,Non-Aboriginal,Greater Darwin,120
1998,Final,Male,80-,Non-Aboriginal,Top End,5
1998,Final,Female,80-,Aboriginal,Barkly,7
1998,Final,Female,80-,Aboriginal,Big Rivers,8
1998,Final,Female,80-,Aboriginal,Central Australia,22
1998,Final,Female,80-,Aboriginal,East Arnhem,2
1998,Final,Female,80-,Aboriginal,Greater Darwin,12
1998,Final,Female,80-,Aboriginal,Top End,15
1998,Final,Female,80-,Non-Aboriginal,Barkly,5
1998,Final,Female,80-,Non-Aboriginal,Big Rivers,18
1998,Final,Female,80-,Non-Aboriginal,Central Australia,64
1998,Final,Female,80-,Non-Aboriginal,East Arnhem,5
1998,Final,Female,80-,Non-Aboriginal,Greater Darwin,159
1998,Final,Female,80-,Non-Aboriginal,Top End,5
1998,Final,Male,85+,Aboriginal,Barkly,1
1998,Final,Male,85+,Aboriginal,Big Rivers,8
1998,Final,Male,85+,Aboriginal,Central Australia,6
1998,Final,Male,85+,Aboriginal,East Arnhem,4
1998,Final,Male,85+,Aboriginal,Greater Darwin,3
1998,Final,Male,85+,Aboriginal,Top End,11
1998,Final,Male,85+,Non-Aboriginal,Barkly,2
1998,Final,Male,85+,Non-Aboriginal,Big Rivers,23
1998,Final,Male,85+,Non-Aboriginal,Central Australia,17
1998,Final,Male,85+,Non-Aboriginal,East Arnhem,1
1998,Final,Male,85+,Non-Aboriginal,Greater Darwin,81
1998,Final,Male,85+,Non-Aboriginal,Top End,13
1998,Final,Female,85+,Aboriginal,Barkly,6
1998,Final,Female,85+,Aboriginal,Big Rivers,11
1998,Final,Female,85+,Aboriginal,Central Australia,22
1998,Final,Female,85+,Aboriginal,East Arnhem,10
1998,Final,Female,85+,Aboriginal,Greater Darwin,2
1998,Final,Female,85+,Aboriginal,Top End,9
1998,Final,Female,85+,Non-Aboriginal,Barkly,4
1998,Final,Female,85+,Non-Aboriginal,Big Rivers,10
1998,Final,Female,85+,Non-Aboriginal,Central Australia,42
1998,Final,Female,85+,Non-Aboriginal,East Arnhem,3
1998,Final,Female,85+,Non-Aboriginal,Greater Darwin,107
1998,Final,Female,85+,Non-Aboriginal,Top End,7
1999,Final,Male,0-,Aboriginal,Barkly,340
1999,Final,Male,0-,Aboriginal,Big Rivers,660
1999,Final,Male,0-,Aboriginal,Central Australia,919
1999,Final,Male,0-,Aboriginal,East Arnhem,548
1999,Final,Male,0-,Aboriginal,Greater Darwin,661
1999,Final,Male,0-,Aboriginal,Top End,683
1999,Final,Male,0-,Non-Aboriginal,Barkly,98
1999,Final,Male,0-,Non-Aboriginal,Big Rivers,409
1999,Final,Male,0-,Non-Aboriginal,Central Australia,769
1999,Final,Male,0-,Non-Aboriginal,East Arnhem,199
1999,Final,Male,0-,Non-Aboriginal,Greater Darwin,3806
1999,Final,Male,0-,Non-Aboriginal,Top End,126
1999,Final,Female,0-,Aboriginal,Barkly,345
1999,Final,Female,0-,Aboriginal,Big Rivers,607
1999,Final,Female,0-,Aboriginal,Central Australia,871
1999,Final,Female,0-,Aboriginal,East Arnhem,497
1999,Final,Female,0-,Aboriginal,Greater Darwin,568
1999,Final,Female,0-,Aboriginal,Top End,648
1999,Final,Female,0-,Non-Aboriginal,Barkly,76
1999,Final,Female,0-,Non-Aboriginal,Big Rivers,368
1999,Final,Female,0-,Non-Aboriginal,Central Australia,759
1999,Final,Female,0-,Non-Aboriginal,East Arnhem,180
1999,Final,Female,0-,Non-Aboriginal,Greater Darwin,3556
1999,Final,Female,0-,Non-Aboriginal,Top End,110
1999,Final,Male,10-,Aboriginal,Barkly,298
1999,Final,Male,10-,Aboriginal,Big Rivers,544
1999,Final,Male,10-,Aboriginal,Central Australia,766
1999,Final,Male,10-,Aboriginal,East Arnhem,457
1999,Final,Male,10-,Aboriginal,Greater Darwin,671
1999,Final,Male,10-,Aboriginal,Top End,561
1999,Final,Male,10-,Non-Aboriginal,Barkly,71
1999,Final,Male,10-,Non-Aboriginal,Big Rivers,336
1999,Final,Male,10-,Non-Aboriginal,Central Australia,801
1999,Final,Male,10-,Non-Aboriginal,East Arnhem,207
1999,Final,Male,10-,Non-Aboriginal,Greater Darwin,3356
1999,Final,Male,10-,Non-Aboriginal,Top End,118
1999,Final,Female,10-,Aboriginal,Barkly,293
1999,Final,Female,10-,Aboriginal,Big Rivers,559
1999,Final,Female,10-,Aboriginal,Central Australia,814
1999,Final,Female,10-,Aboriginal,East Arnhem,454
1999,Final,Female,10-,Aboriginal,Greater Darwin,567
1999,Final,Female,10-,Aboriginal,Top End,558
1999,Final,Female,10-,Non-Aboriginal,Barkly,56
1999,Final,Female,10-,Non-Aboriginal,Big Rivers,284
1999,Final,Female,10-,Non-Aboriginal,Central Australia,701
1999,Final,Female,10-,Non-Aboriginal,East Arnhem,156
1999,Final,Female,10-,Non-Aboriginal,Greater Darwin,3128
1999,Final,Female,10-,Non-Aboriginal,Top End,77
1999,Final,Male,15-,Aboriginal,Barkly,256
1999,Final,Male,15-,Aboriginal,Big Rivers,514
1999,Final,Male,15-,Aboriginal,Central Australia,672
1999,Final,Male,15-,Aboriginal,East Arnhem,432
1999,Final,Male,15-,Aboriginal,Greater Darwin,556
1999,Final,Male,15-,Aboriginal,Top End,534
1999,Final,Male,15-,Non-Aboriginal,Barkly,132
1999,Final,Male,15-,Non-Aboriginal,Big Rivers,309
1999,Final,Male,15-,Non-Aboriginal,Central Australia,735
1999,Final,Male,15-,Non-Aboriginal,East Arnhem,141
1999,Final,Male,15-,Non-Aboriginal,Greater Darwin,3362
1999,Final,Male,15-,Non-Aboriginal,Top End,103
1999,Final,Female,15-,Aboriginal,Barkly,272
1999,Final,Female,15-,Aboriginal,Big Rivers,523
1999,Final,Female,15-,Aboriginal,Central Australia,778
1999,Final,Female,15-,Aboriginal,East Arnhem,481
1999,Final,Female,15-,Aboriginal,Greater Darwin,488
1999,Final,Female,15-,Aboriginal,Top End,547
1999,Final,Female,15-,Non-Aboriginal,Barkly,69
1999,Final,Female,15-,Non-Aboriginal,Big Rivers,187
1999,Final,Female,15-,Non-Aboriginal,Central Australia,609
1999,Final,Female,15-,Non-Aboriginal,East Arnhem,76
1999,Final,Female,15-,Non-Aboriginal,Greater Darwin,3078
1999,Final,Female,15-,Non-Aboriginal,Top End,25
1999,Final,Male,20-,Aboriginal,Barkly,263
1999,Final,Male,20-,Aboriginal,Big Rivers,447
1999,Final,Male,20-,Aboriginal,Central Australia,618
1999,Final,Male,20-,Aboriginal,East Arnhem,417
1999,Final,Male,20-,Aboriginal,Greater Darwin,415
1999,Final,Male,20-,Aboriginal,Top End,512
1999,Final,Male,20-,Non-Aboriginal,Barkly,158
1999,Final,Male,20-,Non-Aboriginal,Big Rivers,473
1999,Final,Male,20-,Non-Aboriginal,Central Australia,966
1999,Final,Male,20-,Non-Aboriginal,East Arnhem,164
1999,Final,Male,20-,Non-Aboriginal,Greater Darwin,4129
1999,Final,Male,20-,Non-Aboriginal,Top End,152
1999,Final,Female,20-,Aboriginal,Barkly,223
1999,Final,Female,20-,Aboriginal,Big Rivers,448
1999,Final,Female,20-,Aboriginal,Central Australia,685
1999,Final,Female,20-,Aboriginal,East Arnhem,423
1999,Final,Female,20-,Aboriginal,Greater Darwin,389
1999,Final,Female,20-,Aboriginal,Top End,541
1999,Final,Female,20-,Non-Aboriginal,Barkly,137
1999,Final,Female,20-,Non-Aboriginal,Big Rivers,331
1999,Final,Female,20-,Non-Aboriginal,Central Australia,955
1999,Final,Female,20-,Non-Aboriginal,East Arnhem,109
1999,Final,Female,20-,Non-Aboriginal,Greater Darwin,3507
1999,Final,Female,20-,Non-Aboriginal,Top End,134
1999,Final,Male,25-,Aboriginal,Barkly,246
1999,Final,Male,25-,Aboriginal,Big Rivers,466
1999,Final,Male,25-,Aboriginal,Central Australia,642
1999,Final,Male,25-,Aboriginal,East Arnhem,406
1999,Final,Male,25-,Aboriginal,Greater Darwin,468
1999,Final,Male,25-,Aboriginal,Top End,468
1999,Final,Male,25-,Non-Aboriginal,Barkly,153
1999,Final,Male,25-,Non-Aboriginal,Big Rivers,626
1999,Final,Male,25-,Non-Aboriginal,Central Australia,1275
1999,Final,Male,25-,Non-Aboriginal,East Arnhem,231
1999,Final,Male,25-,Non-Aboriginal,Greater Darwin,5088
1999,Final,Male,25-,Non-Aboriginal,Top End,258
1999,Final,Female,25-,Aboriginal,Barkly,257
1999,Final,Female,25-,Aboriginal,Big Rivers,483
1999,Final,Female,25-,Aboriginal,Central Australia,735
1999,Final,Female,25-,Aboriginal,East Arnhem,438
1999,Final,Female,25-,Aboriginal,Greater Darwin,391
1999,Final,Female,25-,Aboriginal,Top End,436
1999,Final,Female,25-,Non-Aboriginal,Barkly,142
1999,Final,Female,25-,Non-Aboriginal,Big Rivers,515
1999,Final,Female,25-,Non-Aboriginal,Central Australia,1177
1999,Final,Female,25-,Non-Aboriginal,East Arnhem,186
1999,Final,Female,25-,Non-Aboriginal,Greater Darwin,4706
1999,Final,Female,25-,Non-Aboriginal,Top End,216
1999,Final,Male,30-,Aboriginal,Barkly,189
1999,Final,Male,30-,Aboriginal,Big Rivers,370
1999,Final,Male,30-,Aboriginal,Central Australia,575
1999,Final,Male,30-,Aboriginal,East Arnhem,349
1999,Final,Male,30-,Aboriginal,Greater Darwin,404
1999,Final,Male,30-,Aboriginal,Top End,353
1999,Final,Male,30-,Non-Aboriginal,Barkly,135
1999,Final,Male,30-,Non-Aboriginal,Big Rivers,590
1999,Final,Male,30-,Non-Aboriginal,Central Australia,1127
1999,Final,Male,30-,Non-Aboriginal,East Arnhem,251
1999,Final,Male,30-,Non-Aboriginal,Greater Darwin,4691
1999,Final,Male,30-,Non-Aboriginal,Top End,229
1999,Final,Female,30-,Aboriginal,Barkly,204
1999,Final,Female,30-,Aboriginal,Big Rivers,347
1999,Final,Female,30-,Aboriginal,Central Australia,603
1999,Final,Female,30-,Aboriginal,East Arnhem,360
1999,Final,Female,30-,Aboriginal,Greater Darwin,387
1999,Final,Female,30-,Aboriginal,Top End,356
1999,Final,Female,30-,Non-Aboriginal,Barkly,107
1999,Final,Female,30-,Non-Aboriginal,Big Rivers,452
1999,Final,Female,30-,Non-Aboriginal,Central Australia,1124
1999,Final,Female,30-,Non-Aboriginal,East Arnhem,276
1999,Final,Female,30-,Non-Aboriginal,Greater Darwin,4311
1999,Final,Female,30-,Non-Aboriginal,Top End,211
1999,Final,Male,35-,Aboriginal,Barkly,153
1999,Final,Male,35-,Aboriginal,Big Rivers,323
1999,Final,Male,35-,Aboriginal,Central Australia,522
1999,Final,Male,35-,Aboriginal,East Arnhem,298
1999,Final,Male,35-,Aboriginal,Greater Darwin,361
1999,Final,Male,35-,Aboriginal,Top End,321
1999,Final,Male,35-,Non-Aboriginal,Barkly,128
1999,Final,Male,35-,Non-Aboriginal,Big Rivers,528
1999,Final,Male,35-,Non-Aboriginal,Central Australia,1246
1999,Final,Male,35-,Non-Aboriginal,East Arnhem,314
1999,Final,Male,35-,Non-Aboriginal,Greater Darwin,4706
1999,Final,Male,35-,Non-Aboriginal,Top End,253
1999,Final,Female,35-,Aboriginal,Barkly,166
1999,Final,Female,35-,Aboriginal,Big Rivers,365
1999,Final,Female,35-,Aboriginal,Central Australia,525
1999,Final,Female,35-,Aboriginal,East Arnhem,317
1999,Final,Female,35-,Aboriginal,Greater Darwin,350
1999,Final,Female,35-,Aboriginal,Top End,306
1999,Final,Female,35-,Non-Aboriginal,Barkly,105
1999,Final,Female,35-,Non-Aboriginal,Big Rivers,371
1999,Final,Female,35-,Non-Aboriginal,Central Australia,1062
1999,Final,Female,35-,Non-Aboriginal,East Arnhem,246
1999,Final,Female,35-,Non-Aboriginal,Greater Darwin,4301
1999,Final,Female,35-,Non-Aboriginal,Top End,189
1999,Final,Male,40-,Aboriginal,Barkly,120
1999,Final,Male,40-,Aboriginal,Big Rivers,244
1999,Final,Male,40-,Aboriginal,Central Australia,366
1999,Final,Male,40-,Aboriginal,East Arnhem,218
1999,Final,Male,40-,Aboriginal,Greater Darwin,286
1999,Final,Male,40-,Aboriginal,Top End,243
1999,Final,Male,40-,Non-Aboriginal,Barkly,133
1999,Final,Male,40-,Non-Aboriginal,Big Rivers,432
1999,Final,Male,40-,Non-Aboriginal,Central Australia,1037
1999,Final,Male,40-,Non-Aboriginal,East Arnhem,283
1999,Final,Male,40-,Non-Aboriginal,Greater Darwin,4173
1999,Final,Male,40-,Non-Aboriginal,Top End,239
1999,Final,Female,40-,Aboriginal,Barkly,135
1999,Final,Female,40-,Aboriginal,Big Rivers,273
1999,Final,Female,40-,Aboriginal,Central Australia,461
1999,Final,Female,40-,Aboriginal,East Arnhem,242
1999,Final,Female,40-,Aboriginal,Greater Darwin,273
1999,Final,Female,40-,Aboriginal,Top End,260
1999,Final,Female,40-,Non-Aboriginal,Barkly,103
1999,Final,Female,40-,Non-Aboriginal,Big Rivers,313
1999,Final,Female,40-,Non-Aboriginal,Central Australia,936
1999,Final,Female,40-,Non-Aboriginal,East Arnhem,214
1999,Final,Female,40-,Non-Aboriginal,Greater Darwin,3870
1999,Final,Female,40-,Non-Aboriginal,Top End,155
1999,Final,Male,45-,Aboriginal,Barkly,84
1999,Final,Male,45-,Aboriginal,Big Rivers,165
1999,Final,Male,45-,Aboriginal,Central Australia,237
1999,Final,Male,45-,Aboriginal,East Arnhem,177
1999,Final,Male,45-,Aboriginal,Greater Darwin,239
1999,Final,Male,45-,Aboriginal,Top End,156
1999,Final,Male,45-,Non-Aboriginal,Barkly,142
1999,Final,Male,45-,Non-Aboriginal,Big Rivers,414
1999,Final,Male,45-,Non-Aboriginal,Central Australia,1058
1999,Final,Male,45-,Non-Aboriginal,East Arnhem,291
1999,Final,Male,45-,Non-Aboriginal,Greater Darwin,4009
1999,Final,Male,45-,Non-Aboriginal,Top End,232
1999,Final,Female,45-,Aboriginal,Barkly,103
1999,Final,Female,45-,Aboriginal,Big Rivers,198
1999,Final,Female,45-,Aboriginal,Central Australia,313
1999,Final,Female,45-,Aboriginal,East Arnhem,185
1999,Final,Female,45-,Aboriginal,Greater Darwin,230
1999,Final,Female,45-,Aboriginal,Top End,179
1999,Final,Female,45-,Non-Aboriginal,Barkly,110
1999,Final,Female,45-,Non-Aboriginal,Big Rivers,304
1999,Final,Female,45-,Non-Aboriginal,Central Australia,854
1999,Final,Female,45-,Non-Aboriginal,East Arnhem,191
1999,Final,Female,45-,Non-Aboriginal,Greater Darwin,3505
1999,Final,Female,45-,Non-Aboriginal,Top End,159
1999,Final,Male,5-,Aboriginal,Barkly,355
1999,Final,Male,5-,Aboriginal,Big Rivers,662
1999,Final,Male,5-,Aboriginal,Central Australia,861
1999,Final,Male,5-,Aboriginal,East Arnhem,546
1999,Final,Male,5-,Aboriginal,Greater Darwin,653
1999,Final,Male,5-,Aboriginal,Top End,709
1999,Final,Male,5-,Non-Aboriginal,Barkly,75
1999,Final,Male,5-,Non-Aboriginal,Big Rivers,451
1999,Final,Male,5-,Non-Aboriginal,Central Australia,882
1999,Final,Male,5-,Non-Aboriginal,East Arnhem,237
1999,Final,Male,5-,Non-Aboriginal,Greater Darwin,3581
1999,Final,Male,5-,Non-Aboriginal,Top End,147
1999,Final,Female,5-,Aboriginal,Barkly,348
1999,Final,Female,5-,Aboriginal,Big Rivers,624
1999,Final,Female,5-,Aboriginal,Central Australia,870
1999,Final,Female,5-,Aboriginal,East Arnhem,524
1999,Final,Female,5-,Aboriginal,Greater Darwin,548
1999,Final,Female,5-,Aboriginal,Top End,653
1999,Final,Female,5-,Non-Aboriginal,Barkly,71
1999,Final,Female,5-,Non-Aboriginal,Big Rivers,368
1999,Final,Female,5-,Non-Aboriginal,Central Australia,764
1999,Final,Female,5-,Non-Aboriginal,East Arnhem,215
1999,Final,Female,5-,Non-Aboriginal,Greater Darwin,3385
1999,Final,Female,5-,Non-Aboriginal,Top End,121
1999,Final,Male,50-,Aboriginal,Barkly,70
1999,Final,Male,50-,Aboriginal,Big Rivers,132
1999,Final,Male,50-,Aboriginal,Central Australia,226
1999,Final,Male,50-,Aboriginal,East Arnhem,130
1999,Final,Male,50-,Aboriginal,Greater Darwin,147
1999,Final,Male,50-,Aboriginal,Top End,120
1999,Final,Male,50-,Non-Aboriginal,Barkly,123
1999,Final,Male,50-,Non-Aboriginal,Big Rivers,359
1999,Final,Male,50-,Non-Aboriginal,Central Australia,847
1999,Final,Male,50-,Non-Aboriginal,East Arnhem,241
1999,Final,Male,50-,Non-Aboriginal,Greater Darwin,3466
1999,Final,Male,50-,Non-Aboriginal,Top End,226
1999,Final,Female,50-,Aboriginal,Barkly,94
1999,Final,Female,50-,Aboriginal,Big Rivers,153
1999,Final,Female,50-,Aboriginal,Central Australia,300
1999,Final,Female,50-,Aboriginal,East Arnhem,150
1999,Final,Female,50-,Aboriginal,Greater Darwin,162
1999,Final,Female,50-,Aboriginal,Top End,139
1999,Final,Female,50-,Non-Aboriginal,Barkly,71
1999,Final,Female,50-,Non-Aboriginal,Big Rivers,197
1999,Final,Female,50-,Non-Aboriginal,Central Australia,678
1999,Final,Female,50-,Non-Aboriginal,East Arnhem,133
1999,Final,Female,50-,Non-Aboriginal,Greater Darwin,2663
1999,Final,Female,50-,Non-Aboriginal,Top End,123
1999,Final,Male,55-,Aboriginal,Barkly,48
1999,Final,Male,55-,Aboriginal,Big Rivers,92
1999,Final,Male,55-,Aboriginal,Central Australia,144
1999,Final,Male,55-,Aboriginal,East Arnhem,71
1999,Final,Male,55-,Aboriginal,Greater Darwin,92
1999,Final,Male,55-,Aboriginal,Top End,80
1999,Final,Male,55-,Non-Aboriginal,Barkly,119
1999,Final,Male,55-,Non-Aboriginal,Big Rivers,247
1999,Final,Male,55-,Non-Aboriginal,Central Australia,611
1999,Final,Male,55-,Non-Aboriginal,East Arnhem,139
1999,Final,Male,55-,Non-Aboriginal,Greater Darwin,2432
1999,Final,Male,55-,Non-Aboriginal,Top End,151
1999,Final,Female,55-,Aboriginal,Barkly,56
1999,Final,Female,55-,Aboriginal,Big Rivers,116
1999,Final,Female,55-,Aboriginal,Central Australia,213
1999,Final,Female,55-,Aboriginal,East Arnhem,85
1999,Final,Female,55-,Aboriginal,Greater Darwin,95
1999,Final,Female,55-,Aboriginal,Top End,95
1999,Final,Female,55-,Non-Aboriginal,Barkly,77
1999,Final,Female,55-,Non-Aboriginal,Big Rivers,133
1999,Final,Female,55-,Non-Aboriginal,Central Australia,383
1999,Final,Female,55-,Non-Aboriginal,East Arnhem,47
1999,Final,Female,55-,Non-Aboriginal,Greater Darwin,1678
1999,Final,Female,55-,Non-Aboriginal,Top End,87
1999,Final,Male,60-,Aboriginal,Barkly,34
1999,Final,Male,60-,Aboriginal,Big Rivers,59
1999,Final,Male,60-,Aboriginal,Central Australia,99
1999,Final,Male,60-,Aboriginal,East Arnhem,50
1999,Final,Male,60-,Aboriginal,Greater Darwin,53
1999,Final,Male,60-,Aboriginal,Top End,59
1999,Final,Male,60-,Non-Aboriginal,Barkly,74
1999,Final,Male,60-,Non-Aboriginal,Big Rivers,164
1999,Final,Male,60-,Non-Aboriginal,Central Australia,300
1999,Final,Male,60-,Non-Aboriginal,East Arnhem,56
1999,Final,Male,60-,Non-Aboriginal,Greater Darwin,1416
1999,Final,Male,60-,Non-Aboriginal,Top End,110
1999,Final,Female,60-,Aboriginal,Barkly,54
1999,Final,Female,60-,Aboriginal,Big Rivers,65
1999,Final,Female,60-,Aboriginal,Central Australia,167
1999,Final,Female,60-,Aboriginal,East Arnhem,84
1999,Final,Female,60-,Aboriginal,Greater Darwin,62
1999,Final,Female,60-,Aboriginal,Top End,66
1999,Final,Female,60-,Non-Aboriginal,Barkly,27
1999,Final,Female,60-,Non-Aboriginal,Big Rivers,73
1999,Final,Female,60-,Non-Aboriginal,Central Australia,243
1999,Final,Female,60-,Non-Aboriginal,East Arnhem,10
1999,Final,Female,60-,Non-Aboriginal,Greater Darwin,909
1999,Final,Female,60-,Non-Aboriginal,Top End,52
1999,Final,Male,65-,Aboriginal,Barkly,25
1999,Final,Male,65-,Aboriginal,Big Rivers,39
1999,Final,Male,65-,Aboriginal,Central Australia,71
1999,Final,Male,65-,Aboriginal,East Arnhem,22
1999,Final,Male,65-,Aboriginal,Greater Darwin,32
1999,Final,Male,65-,Aboriginal,Top End,29
1999,Final,Male,65-,Non-Aboriginal,Barkly,34
1999,Final,Male,65-,Non-Aboriginal,Big Rivers,93
1999,Final,Male,65-,Non-Aboriginal,Central Australia,202
1999,Final,Male,65-,Non-Aboriginal,East Arnhem,9
1999,Final,Male,65-,Non-Aboriginal,Greater Darwin,901
1999,Final,Male,65-,Non-Aboriginal,Top End,57
1999,Final,Female,65-,Aboriginal,Barkly,28
1999,Final,Female,65-,Aboriginal,Big Rivers,53
1999,Final,Female,65-,Aboriginal,Central Australia,93
1999,Final,Female,65-,Aboriginal,East Arnhem,33
1999,Final,Female,65-,Aboriginal,Greater Darwin,50
1999,Final,Female,65-,Aboriginal,Top End,39
1999,Final,Female,65-,Non-Aboriginal,Barkly,20
1999,Final,Female,65-,Non-Aboriginal,Big Rivers,60
1999,Final,Female,65-,Non-Aboriginal,Central Australia,149
1999,Final,Female,65-,Non-Aboriginal,East Arnhem,5
1999,Final,Female,65-,Non-Aboriginal,Greater Darwin,637
1999,Final,Female,65-,Non-Aboriginal,Top End,33
1999,Final,Male,70-,Aboriginal,Barkly,25
1999,Final,Male,70-,Aboriginal,Big Rivers,34
1999,Final,Male,70-,Aboriginal,Central Australia,44
1999,Final,Male,70-,Aboriginal,East Arnhem,18
1999,Final,Male,70-,Aboriginal,Greater Darwin,29
1999,Final,Male,70-,Aboriginal,Top End,21
1999,Final,Male,70-,Non-Aboriginal,Barkly,27
1999,Final,Male,70-,Non-Aboriginal,Big Rivers,78
1999,Final,Male,70-,Non-Aboriginal,Central Australia,110
1999,Final,Male,70-,Non-Aboriginal,East Arnhem,3
1999,Final,Male,70-,Non-Aboriginal,Greater Darwin,606
1999,Final,Male,70-,Non-Aboriginal,Top End,26
1999,Final,Female,70-,Aboriginal,Barkly,29
1999,Final,Female,70-,Aboriginal,Big Rivers,47
1999,Final,Female,70-,Aboriginal,Central Australia,81
1999,Final,Female,70-,Aboriginal,East Arnhem,23
1999,Final,Female,70-,Aboriginal,Greater Darwin,37
1999,Final,Female,70-,Aboriginal,Top End,33
1999,Final,Female,70-,Non-Aboriginal,Barkly,7
1999,Final,Female,70-,Non-Aboriginal,Big Rivers,31
1999,Final,Female,70-,Non-Aboriginal,Central Australia,72
1999,Final,Female,70-,Non-Aboriginal,East Arnhem,0
1999,Final,Female,70-,Non-Aboriginal,Greater Darwin,458
1999,Final,Female,70-,Non-Aboriginal,Top End,21
1999,Final,Male,75-,Aboriginal,Barkly,14
1999,Final,Male,75-,Aboriginal,Big Rivers,21
1999,Final,Male,75-,Aboriginal,Central Australia,39
1999,Final,Male,75-,Aboriginal,East Arnhem,6
1999,Final,Male,75-,Aboriginal,Greater Darwin,8
1999,Final,Male,75-,Aboriginal,Top End,11
1999,Final,Male,75-,Non-Aboriginal,Barkly,14
1999,Final,Male,75-,Non-Aboriginal,Big Rivers,36
1999,Final,Male,75-,Non-Aboriginal,Central Australia,79
1999,Final,Male,75-,Non-Aboriginal,East Arnhem,0
1999,Final,Male,75-,Non-Aboriginal,Greater Darwin,298
1999,Final,Male,75-,Non-Aboriginal,Top End,11
1999,Final,Female,75-,Aboriginal,Barkly,16
1999,Final,Female,75-,Aboriginal,Big Rivers,17
1999,Final,Female,75-,Aboriginal,Central Australia,54
1999,Final,Female,75-,Aboriginal,East Arnhem,13
1999,Final,Female,75-,Aboriginal,Greater Darwin,23
1999,Final,Female,75-,Aboriginal,Top End,20
1999,Final,Female,75-,Non-Aboriginal,Barkly,6
1999,Final,Female,75-,Non-Aboriginal,Big Rivers,22
1999,Final,Female,75-,Non-Aboriginal,Central Australia,96
1999,Final,Female,75-,Non-Aboriginal,East Arnhem,1
1999,Final,Female,75-,Non-Aboriginal,Greater Darwin,299
1999,Final,Female,75-,Non-Aboriginal,Top End,8
1999,Final,Male,80-,Aboriginal,Barkly,5
1999,Final,Male,80-,Aboriginal,Big Rivers,13
1999,Final,Male,80-,Aboriginal,Central Australia,21
1999,Final,Male,80-,Aboriginal,East Arnhem,3
1999,Final,Male,80-,Aboriginal,Greater Darwin,2
1999,Final,Male,80-,Aboriginal,Top End,5
1999,Final,Male,80-,Non-Aboriginal,Barkly,4
1999,Final,Male,80-,Non-Aboriginal,Big Rivers,19
1999,Final,Male,80-,Non-Aboriginal,Central Australia,29
1999,Final,Male,80-,Non-Aboriginal,East Arnhem,0
1999,Final,Male,80-,Non-Aboriginal,Greater Darwin,136
1999,Final,Male,80-,Non-Aboriginal,Top End,5
1999,Final,Female,80-,Aboriginal,Barkly,7
1999,Final,Female,80-,Aboriginal,Big Rivers,9
1999,Final,Female,80-,Aboriginal,Central Australia,25
1999,Final,Female,80-,Aboriginal,East Arnhem,3
1999,Final,Female,80-,Aboriginal,Greater Darwin,13
1999,Final,Female,80-,Aboriginal,Top End,15
1999,Final,Female,80-,Non-Aboriginal,Barkly,5
1999,Final,Female,80-,Non-Aboriginal,Big Rivers,18
1999,Final,Female,80-,Non-Aboriginal,Central Australia,65
1999,Final,Female,80-,Non-Aboriginal,East Arnhem,5
1999,Final,Female,80-,Non-Aboriginal,Greater Darwin,170
1999,Final,Female,80-,Non-Aboriginal,Top End,6
1999,Final,Male,85+,Aboriginal,Barkly,1
1999,Final,Male,85+,Aboriginal,Big Rivers,10
1999,Final,Male,85+,Aboriginal,Central Australia,7
1999,Final,Male,85+,Aboriginal,East Arnhem,5
1999,Final,Male,85+,Aboriginal,Greater Darwin,3
1999,Final,Male,85+,Aboriginal,Top End,13
1999,Final,Male,85+,Non-Aboriginal,Barkly,3
1999,Final,Male,85+,Non-Aboriginal,Big Rivers,25
1999,Final,Male,85+,Non-Aboriginal,Central Australia,21
1999,Final,Male,85+,Non-Aboriginal,East Arnhem,1
1999,Final,Male,85+,Non-Aboriginal,Greater Darwin,98
1999,Final,Male,85+,Non-Aboriginal,Top End,14
1999,Final,Female,85+,Aboriginal,Barkly,7
1999,Final,Female,85+,Aboriginal,Big Rivers,13
1999,Final,Female,85+,Aboriginal,Central Australia,23
1999,Final,Female,85+,Aboriginal,East Arnhem,9
1999,Final,Female,85+,Aboriginal,Greater Darwin,2
1999,Final,Female,85+,Aboriginal,Top End,10
1999,Final,Female,85+,Non-Aboriginal,Barkly,4
1999,Final,Female,85+,Non-Aboriginal,Big Rivers,10
1999,Final,Female,85+,Non-Aboriginal,Central Australia,44
1999,Final,Female,85+,Non-Aboriginal,East Arnhem,2
1999,Final,Female,85+,Non-Aboriginal,Greater Darwin,113
1999,Final,Female,85+,Non-Aboriginal,Top End,7
2000,Final,Male,0-,Aboriginal,Barkly,336
2000,Final,Male,0-,Aboriginal,Big Rivers,668
2000,Final,Male,0-,Aboriginal,Central Australia,907
2000,Final,Male,0-,Aboriginal,East Arnhem,549
2000,Final,Male,0-,Aboriginal,Greater Darwin,680
2000,Final,Male,0-,Aboriginal,Top End,684
2000,Final,Male,0-,Non-Aboriginal,Barkly,91
2000,Final,Male,0-,Non-Aboriginal,Big Rivers,395
2000,Final,Male,0-,Non-Aboriginal,Central Australia,755
2000,Final,Male,0-,Non-Aboriginal,East Arnhem,204
2000,Final,Male,0-,Non-Aboriginal,Greater Darwin,3770
2000,Final,Male,0-,Non-Aboriginal,Top End,125
2000,Final,Female,0-,Aboriginal,Barkly,338
2000,Final,Female,0-,Aboriginal,Big Rivers,628
2000,Final,Female,0-,Aboriginal,Central Australia,889
2000,Final,Female,0-,Aboriginal,East Arnhem,498
2000,Final,Female,0-,Aboriginal,Greater Darwin,588
2000,Final,Female,0-,Aboriginal,Top End,653
2000,Final,Female,0-,Non-Aboriginal,Barkly,71
2000,Final,Female,0-,Non-Aboriginal,Big Rivers,359
2000,Final,Female,0-,Non-Aboriginal,Central Australia,745
2000,Final,Female,0-,Non-Aboriginal,East Arnhem,188
2000,Final,Female,0-,Non-Aboriginal,Greater Darwin,3574
2000,Final,Female,0-,Non-Aboriginal,Top End,111
2000,Final,Male,10-,Aboriginal,Barkly,299
2000,Final,Male,10-,Aboriginal,Big Rivers,562
2000,Final,Male,10-,Aboriginal,Central Australia,775
2000,Final,Male,10-,Aboriginal,East Arnhem,459
2000,Final,Male,10-,Aboriginal,Greater Darwin,703
2000,Final,Male,10-,Aboriginal,Top End,578
2000,Final,Male,10-,Non-Aboriginal,Barkly,67
2000,Final,Male,10-,Non-Aboriginal,Big Rivers,335
2000,Final,Male,10-,Non-Aboriginal,Central Australia,806
2000,Final,Male,10-,Non-Aboriginal,East Arnhem,208
2000,Final,Male,10-,Non-Aboriginal,Greater Darwin,3405
2000,Final,Male,10-,Non-Aboriginal,Top End,123
2000,Final,Female,10-,Aboriginal,Barkly,291
2000,Final,Female,10-,Aboriginal,Big Rivers,565
2000,Final,Female,10-,Aboriginal,Central Australia,821
2000,Final,Female,10-,Aboriginal,East Arnhem,457
2000,Final,Female,10-,Aboriginal,Greater Darwin,588
2000,Final,Female,10-,Aboriginal,Top End,564
2000,Final,Female,10-,Non-Aboriginal,Barkly,53
2000,Final,Female,10-,Non-Aboriginal,Big Rivers,289
2000,Final,Female,10-,Non-Aboriginal,Central Australia,709
2000,Final,Female,10-,Non-Aboriginal,East Arnhem,161
2000,Final,Female,10-,Non-Aboriginal,Greater Darwin,3152
2000,Final,Female,10-,Non-Aboriginal,Top End,82
2000,Final,Male,15-,Aboriginal,Barkly,261
2000,Final,Male,15-,Aboriginal,Big Rivers,530
2000,Final,Male,15-,Aboriginal,Central Australia,694
2000,Final,Male,15-,Aboriginal,East Arnhem,447
2000,Final,Male,15-,Aboriginal,Greater Darwin,585
2000,Final,Male,15-,Aboriginal,Top End,539
2000,Final,Male,15-,Non-Aboriginal,Barkly,127
2000,Final,Male,15-,Non-Aboriginal,Big Rivers,304
2000,Final,Male,15-,Non-Aboriginal,Central Australia,747
2000,Final,Male,15-,Non-Aboriginal,East Arnhem,143
2000,Final,Male,15-,Non-Aboriginal,Greater Darwin,3411
2000,Final,Male,15-,Non-Aboriginal,Top End,103
2000,Final,Female,15-,Aboriginal,Barkly,275
2000,Final,Female,15-,Aboriginal,Big Rivers,534
2000,Final,Female,15-,Aboriginal,Central Australia,782
2000,Final,Female,15-,Aboriginal,East Arnhem,485
2000,Final,Female,15-,Aboriginal,Greater Darwin,513
2000,Final,Female,15-,Aboriginal,Top End,557
2000,Final,Female,15-,Non-Aboriginal,Barkly,69
2000,Final,Female,15-,Non-Aboriginal,Big Rivers,195
2000,Final,Female,15-,Non-Aboriginal,Central Australia,638
2000,Final,Female,15-,Non-Aboriginal,East Arnhem,84
2000,Final,Female,15-,Non-Aboriginal,Greater Darwin,3101
2000,Final,Female,15-,Non-Aboriginal,Top End,31
2000,Final,Male,20-,Aboriginal,Barkly,262
2000,Final,Male,20-,Aboriginal,Big Rivers,453
2000,Final,Male,20-,Aboriginal,Central Australia,627
2000,Final,Male,20-,Aboriginal,East Arnhem,417
2000,Final,Male,20-,Aboriginal,Greater Darwin,429
2000,Final,Male,20-,Aboriginal,Top End,512
2000,Final,Male,20-,Non-Aboriginal,Barkly,147
2000,Final,Male,20-,Non-Aboriginal,Big Rivers,452
2000,Final,Male,20-,Non-Aboriginal,Central Australia,941
2000,Final,Male,20-,Non-Aboriginal,East Arnhem,163
2000,Final,Male,20-,Non-Aboriginal,Greater Darwin,4114
2000,Final,Male,20-,Non-Aboriginal,Top End,145
2000,Final,Female,20-,Aboriginal,Barkly,220
2000,Final,Female,20-,Aboriginal,Big Rivers,456
2000,Final,Female,20-,Aboriginal,Central Australia,699
2000,Final,Female,20-,Aboriginal,East Arnhem,425
2000,Final,Female,20-,Aboriginal,Greater Darwin,394
2000,Final,Female,20-,Aboriginal,Top End,536
2000,Final,Female,20-,Non-Aboriginal,Barkly,130
2000,Final,Female,20-,Non-Aboriginal,Big Rivers,323
2000,Final,Female,20-,Non-Aboriginal,Central Australia,940
2000,Final,Female,20-,Non-Aboriginal,East Arnhem,111
2000,Final,Female,20-,Non-Aboriginal,Greater Darwin,3480
2000,Final,Female,20-,Non-Aboriginal,Top End,134
2000,Final,Male,25-,Aboriginal,Barkly,239
2000,Final,Male,25-,Aboriginal,Big Rivers,453
2000,Final,Male,25-,Aboriginal,Central Australia,638
2000,Final,Male,25-,Aboriginal,East Arnhem,407
2000,Final,Male,25-,Aboriginal,Greater Darwin,466
2000,Final,Male,25-,Aboriginal,Top End,464
2000,Final,Male,25-,Non-Aboriginal,Barkly,140
2000,Final,Male,25-,Non-Aboriginal,Big Rivers,584
2000,Final,Male,25-,Non-Aboriginal,Central Australia,1224
2000,Final,Male,25-,Non-Aboriginal,East Arnhem,232
2000,Final,Male,25-,Non-Aboriginal,Greater Darwin,4981
2000,Final,Male,25-,Non-Aboriginal,Top End,244
2000,Final,Female,25-,Aboriginal,Barkly,252
2000,Final,Female,25-,Aboriginal,Big Rivers,478
2000,Final,Female,25-,Aboriginal,Central Australia,731
2000,Final,Female,25-,Aboriginal,East Arnhem,440
2000,Final,Female,25-,Aboriginal,Greater Darwin,397
2000,Final,Female,25-,Aboriginal,Top End,437
2000,Final,Female,25-,Non-Aboriginal,Barkly,132
2000,Final,Female,25-,Non-Aboriginal,Big Rivers,490
2000,Final,Female,25-,Non-Aboriginal,Central Australia,1148
2000,Final,Female,25-,Non-Aboriginal,East Arnhem,192
2000,Final,Female,25-,Non-Aboriginal,Greater Darwin,4616
2000,Final,Female,25-,Non-Aboriginal,Top End,210
2000,Final,Male,30-,Aboriginal,Barkly,198
2000,Final,Male,30-,Aboriginal,Big Rivers,377
2000,Final,Male,30-,Aboriginal,Central Australia,591
2000,Final,Male,30-,Aboriginal,East Arnhem,358
2000,Final,Male,30-,Aboriginal,Greater Darwin,433
2000,Final,Male,30-,Aboriginal,Top End,366
2000,Final,Male,30-,Non-Aboriginal,Barkly,131
2000,Final,Male,30-,Non-Aboriginal,Big Rivers,579
2000,Final,Male,30-,Non-Aboriginal,Central Australia,1133
2000,Final,Male,30-,Non-Aboriginal,East Arnhem,265
2000,Final,Male,30-,Non-Aboriginal,Greater Darwin,4793
2000,Final,Male,30-,Non-Aboriginal,Top End,233
2000,Final,Female,30-,Aboriginal,Barkly,212
2000,Final,Female,30-,Aboriginal,Big Rivers,368
2000,Final,Female,30-,Aboriginal,Central Australia,635
2000,Final,Female,30-,Aboriginal,East Arnhem,377
2000,Final,Female,30-,Aboriginal,Greater Darwin,406
2000,Final,Female,30-,Aboriginal,Top End,370
2000,Final,Female,30-,Non-Aboriginal,Barkly,104
2000,Final,Female,30-,Non-Aboriginal,Big Rivers,457
2000,Final,Female,30-,Non-Aboriginal,Central Australia,1132
2000,Final,Female,30-,Non-Aboriginal,East Arnhem,283
2000,Final,Female,30-,Non-Aboriginal,Greater Darwin,4424
2000,Final,Female,30-,Non-Aboriginal,Top End,212
2000,Final,Male,35-,Aboriginal,Barkly,153
2000,Final,Male,35-,Aboriginal,Big Rivers,335
2000,Final,Male,35-,Aboriginal,Central Australia,526
2000,Final,Male,35-,Aboriginal,East Arnhem,305
2000,Final,Male,35-,Aboriginal,Greater Darwin,380
2000,Final,Male,35-,Aboriginal,Top End,333
2000,Final,Male,35-,Non-Aboriginal,Barkly,121
2000,Final,Male,35-,Non-Aboriginal,Big Rivers,519
2000,Final,Male,35-,Non-Aboriginal,Central Australia,1237
2000,Final,Male,35-,Non-Aboriginal,East Arnhem,323
2000,Final,Male,35-,Non-Aboriginal,Greater Darwin,4734
2000,Final,Male,35-,Non-Aboriginal,Top End,251
2000,Final,Female,35-,Aboriginal,Barkly,167
2000,Final,Female,35-,Aboriginal,Big Rivers,383
2000,Final,Female,35-,Aboriginal,Central Australia,537
2000,Final,Female,35-,Aboriginal,East Arnhem,324
2000,Final,Female,35-,Aboriginal,Greater Darwin,366
2000,Final,Female,35-,Aboriginal,Top End,319
2000,Final,Female,35-,Non-Aboriginal,Barkly,101
2000,Final,Female,35-,Non-Aboriginal,Big Rivers,371
2000,Final,Female,35-,Non-Aboriginal,Central Australia,1066
2000,Final,Female,35-,Non-Aboriginal,East Arnhem,248
2000,Final,Female,35-,Non-Aboriginal,Greater Darwin,4337
2000,Final,Female,35-,Non-Aboriginal,Top End,195
2000,Final,Male,40-,Aboriginal,Barkly,125
2000,Final,Male,40-,Aboriginal,Big Rivers,256
2000,Final,Male,40-,Aboriginal,Central Australia,377
2000,Final,Male,40-,Aboriginal,East Arnhem,227
2000,Final,Male,40-,Aboriginal,Greater Darwin,306
2000,Final,Male,40-,Aboriginal,Top End,251
2000,Final,Male,40-,Non-Aboriginal,Barkly,130
2000,Final,Male,40-,Non-Aboriginal,Big Rivers,431
2000,Final,Male,40-,Non-Aboriginal,Central Australia,1061
2000,Final,Male,40-,Non-Aboriginal,East Arnhem,288
2000,Final,Male,40-,Non-Aboriginal,Greater Darwin,4260
2000,Final,Male,40-,Non-Aboriginal,Top End,243
2000,Final,Female,40-,Aboriginal,Barkly,140
2000,Final,Female,40-,Aboriginal,Big Rivers,283
2000,Final,Female,40-,Aboriginal,Central Australia,465
2000,Final,Female,40-,Aboriginal,East Arnhem,253
2000,Final,Female,40-,Aboriginal,Greater Darwin,289
2000,Final,Female,40-,Aboriginal,Top End,266
2000,Final,Female,40-,Non-Aboriginal,Barkly,99
2000,Final,Female,40-,Non-Aboriginal,Big Rivers,318
2000,Final,Female,40-,Non-Aboriginal,Central Australia,957
2000,Final,Female,40-,Non-Aboriginal,East Arnhem,221
2000,Final,Female,40-,Non-Aboriginal,Greater Darwin,3922
2000,Final,Female,40-,Non-Aboriginal,Top End,159
2000,Final,Male,45-,Aboriginal,Barkly,86
2000,Final,Male,45-,Aboriginal,Big Rivers,175
2000,Final,Male,45-,Aboriginal,Central Australia,246
2000,Final,Male,45-,Aboriginal,East Arnhem,186
2000,Final,Male,45-,Aboriginal,Greater Darwin,255
2000,Final,Male,45-,Aboriginal,Top End,163
2000,Final,Male,45-,Non-Aboriginal,Barkly,136
2000,Final,Male,45-,Non-Aboriginal,Big Rivers,404
2000,Final,Male,45-,Non-Aboriginal,Central Australia,1066
2000,Final,Male,45-,Non-Aboriginal,East Arnhem,294
2000,Final,Male,45-,Non-Aboriginal,Greater Darwin,4023
2000,Final,Male,45-,Non-Aboriginal,Top End,235
2000,Final,Female,45-,Aboriginal,Barkly,108
2000,Final,Female,45-,Aboriginal,Big Rivers,214
2000,Final,Female,45-,Aboriginal,Central Australia,329
2000,Final,Female,45-,Aboriginal,East Arnhem,195
2000,Final,Female,45-,Aboriginal,Greater Darwin,242
2000,Final,Female,45-,Aboriginal,Top End,186
2000,Final,Female,45-,Non-Aboriginal,Barkly,109
2000,Final,Female,45-,Non-Aboriginal,Big Rivers,312
2000,Final,Female,45-,Non-Aboriginal,Central Australia,885
2000,Final,Female,45-,Non-Aboriginal,East Arnhem,199
2000,Final,Female,45-,Non-Aboriginal,Greater Darwin,3592
2000,Final,Female,45-,Non-Aboriginal,Top End,164
2000,Final,Male,5-,Aboriginal,Barkly,346
2000,Final,Male,5-,Aboriginal,Big Rivers,675
2000,Final,Male,5-,Aboriginal,Central Australia,869
2000,Final,Male,5-,Aboriginal,East Arnhem,565
2000,Final,Male,5-,Aboriginal,Greater Darwin,689
2000,Final,Male,5-,Aboriginal,Top End,715
2000,Final,Male,5-,Non-Aboriginal,Barkly,72
2000,Final,Male,5-,Non-Aboriginal,Big Rivers,439
2000,Final,Male,5-,Non-Aboriginal,Central Australia,879
2000,Final,Male,5-,Non-Aboriginal,East Arnhem,239
2000,Final,Male,5-,Non-Aboriginal,Greater Darwin,3614
2000,Final,Male,5-,Non-Aboriginal,Top End,153
2000,Final,Female,5-,Aboriginal,Barkly,346
2000,Final,Female,5-,Aboriginal,Big Rivers,637
2000,Final,Female,5-,Aboriginal,Central Australia,872
2000,Final,Female,5-,Aboriginal,East Arnhem,530
2000,Final,Female,5-,Aboriginal,Greater Darwin,581
2000,Final,Female,5-,Aboriginal,Top End,657
2000,Final,Female,5-,Non-Aboriginal,Barkly,64
2000,Final,Female,5-,Non-Aboriginal,Big Rivers,361
2000,Final,Female,5-,Non-Aboriginal,Central Australia,756
2000,Final,Female,5-,Non-Aboriginal,East Arnhem,219
2000,Final,Female,5-,Non-Aboriginal,Greater Darwin,3412
2000,Final,Female,5-,Non-Aboriginal,Top End,119
2000,Final,Male,50-,Aboriginal,Barkly,73
2000,Final,Male,50-,Aboriginal,Big Rivers,143
2000,Final,Male,50-,Aboriginal,Central Australia,239
2000,Final,Male,50-,Aboriginal,East Arnhem,138
2000,Final,Male,50-,Aboriginal,Greater Darwin,166
2000,Final,Male,50-,Aboriginal,Top End,127
2000,Final,Male,50-,Non-Aboriginal,Barkly,124
2000,Final,Male,50-,Non-Aboriginal,Big Rivers,371
2000,Final,Male,50-,Non-Aboriginal,Central Australia,897
2000,Final,Male,50-,Non-Aboriginal,East Arnhem,252
2000,Final,Male,50-,Non-Aboriginal,Greater Darwin,3618
2000,Final,Male,50-,Non-Aboriginal,Top End,233
2000,Final,Female,50-,Aboriginal,Barkly,101
2000,Final,Female,50-,Aboriginal,Big Rivers,159
2000,Final,Female,50-,Aboriginal,Central Australia,315
2000,Final,Female,50-,Aboriginal,East Arnhem,161
2000,Final,Female,50-,Aboriginal,Greater Darwin,178
2000,Final,Female,50-,Aboriginal,Top End,147
2000,Final,Female,50-,Non-Aboriginal,Barkly,76
2000,Final,Female,50-,Non-Aboriginal,Big Rivers,212
2000,Final,Female,50-,Non-Aboriginal,Central Australia,728
2000,Final,Female,50-,Non-Aboriginal,East Arnhem,142
2000,Final,Female,50-,Non-Aboriginal,Greater Darwin,2827
2000,Final,Female,50-,Non-Aboriginal,Top End,139
2000,Final,Male,55-,Aboriginal,Barkly,49
2000,Final,Male,55-,Aboriginal,Big Rivers,93
2000,Final,Male,55-,Aboriginal,Central Australia,141
2000,Final,Male,55-,Aboriginal,East Arnhem,73
2000,Final,Male,55-,Aboriginal,Greater Darwin,100
2000,Final,Male,55-,Aboriginal,Top End,83
2000,Final,Male,55-,Non-Aboriginal,Barkly,117
2000,Final,Male,55-,Non-Aboriginal,Big Rivers,255
2000,Final,Male,55-,Non-Aboriginal,Central Australia,627
2000,Final,Male,55-,Non-Aboriginal,East Arnhem,148
2000,Final,Male,55-,Non-Aboriginal,Greater Darwin,2522
2000,Final,Male,55-,Non-Aboriginal,Top End,159
2000,Final,Female,55-,Aboriginal,Barkly,58
2000,Final,Female,55-,Aboriginal,Big Rivers,121
2000,Final,Female,55-,Aboriginal,Central Australia,222
2000,Final,Female,55-,Aboriginal,East Arnhem,87
2000,Final,Female,55-,Aboriginal,Greater Darwin,107
2000,Final,Female,55-,Aboriginal,Top End,101
2000,Final,Female,55-,Non-Aboriginal,Barkly,81
2000,Final,Female,55-,Non-Aboriginal,Big Rivers,148
2000,Final,Female,55-,Non-Aboriginal,Central Australia,417
2000,Final,Female,55-,Non-Aboriginal,East Arnhem,57
2000,Final,Female,55-,Non-Aboriginal,Greater Darwin,1824
2000,Final,Female,55-,Non-Aboriginal,Top End,96
2000,Final,Male,60-,Aboriginal,Barkly,37
2000,Final,Male,60-,Aboriginal,Big Rivers,67
2000,Final,Male,60-,Aboriginal,Central Australia,105
2000,Final,Male,60-,Aboriginal,East Arnhem,56
2000,Final,Male,60-,Aboriginal,Greater Darwin,58
2000,Final,Male,60-,Aboriginal,Top End,64
2000,Final,Male,60-,Non-Aboriginal,Barkly,78
2000,Final,Male,60-,Non-Aboriginal,Big Rivers,181
2000,Final,Male,60-,Non-Aboriginal,Central Australia,339
2000,Final,Male,60-,Non-Aboriginal,East Arnhem,64
2000,Final,Male,60-,Non-Aboriginal,Greater Darwin,1591
2000,Final,Male,60-,Non-Aboriginal,Top End,122
2000,Final,Female,60-,Aboriginal,Barkly,54
2000,Final,Female,60-,Aboriginal,Big Rivers,67
2000,Final,Female,60-,Aboriginal,Central Australia,171
2000,Final,Female,60-,Aboriginal,East Arnhem,87
2000,Final,Female,60-,Aboriginal,Greater Darwin,68
2000,Final,Female,60-,Aboriginal,Top End,68
2000,Final,Female,60-,Non-Aboriginal,Barkly,28
2000,Final,Female,60-,Non-Aboriginal,Big Rivers,81
2000,Final,Female,60-,Non-Aboriginal,Central Australia,259
2000,Final,Female,60-,Non-Aboriginal,East Arnhem,13
2000,Final,Female,60-,Non-Aboriginal,Greater Darwin,984
2000,Final,Female,60-,Non-Aboriginal,Top End,57
2000,Final,Male,65-,Aboriginal,Barkly,24
2000,Final,Male,65-,Aboriginal,Big Rivers,40
2000,Final,Male,65-,Aboriginal,Central Australia,68
2000,Final,Male,65-,Aboriginal,East Arnhem,23
2000,Final,Male,65-,Aboriginal,Greater Darwin,34
2000,Final,Male,65-,Aboriginal,Top End,30
2000,Final,Male,65-,Non-Aboriginal,Barkly,35
2000,Final,Male,65-,Non-Aboriginal,Big Rivers,96
2000,Final,Male,65-,Non-Aboriginal,Central Australia,205
2000,Final,Male,65-,Non-Aboriginal,East Arnhem,11
2000,Final,Male,65-,Non-Aboriginal,Greater Darwin,925
2000,Final,Male,65-,Non-Aboriginal,Top End,60
2000,Final,Female,65-,Aboriginal,Barkly,29
2000,Final,Female,65-,Aboriginal,Big Rivers,57
2000,Final,Female,65-,Aboriginal,Central Australia,95
2000,Final,Female,65-,Aboriginal,East Arnhem,35
2000,Final,Female,65-,Aboriginal,Greater Darwin,54
2000,Final,Female,65-,Aboriginal,Top End,40
2000,Final,Female,65-,Non-Aboriginal,Barkly,21
2000,Final,Female,65-,Non-Aboriginal,Big Rivers,65
2000,Final,Female,65-,Non-Aboriginal,Central Australia,157
2000,Final,Female,65-,Non-Aboriginal,East Arnhem,6
2000,Final,Female,65-,Non-Aboriginal,Greater Darwin,673
2000,Final,Female,65-,Non-Aboriginal,Top End,34
2000,Final,Male,70-,Aboriginal,Barkly,25
2000,Final,Male,70-,Aboriginal,Big Rivers,37
2000,Final,Male,70-,Aboriginal,Central Australia,45
2000,Final,Male,70-,Aboriginal,East Arnhem,18
2000,Final,Male,70-,Aboriginal,Greater Darwin,33
2000,Final,Male,70-,Aboriginal,Top End,24
2000,Final,Male,70-,Non-Aboriginal,Barkly,28
2000,Final,Male,70-,Non-Aboriginal,Big Rivers,83
2000,Final,Male,70-,Non-Aboriginal,Central Australia,121
2000,Final,Male,70-,Non-Aboriginal,East Arnhem,4
2000,Final,Male,70-,Non-Aboriginal,Greater Darwin,667
2000,Final,Male,70-,Non-Aboriginal,Top End,29
2000,Final,Female,70-,Aboriginal,Barkly,30
2000,Final,Female,70-,Aboriginal,Big Rivers,48
2000,Final,Female,70-,Aboriginal,Central Australia,87
2000,Final,Female,70-,Aboriginal,East Arnhem,24
2000,Final,Female,70-,Aboriginal,Greater Darwin,39
2000,Final,Female,70-,Aboriginal,Top End,33
2000,Final,Female,70-,Non-Aboriginal,Barkly,7
2000,Final,Female,70-,Non-Aboriginal,Big Rivers,32
2000,Final,Female,70-,Non-Aboriginal,Central Australia,76
2000,Final,Female,70-,Non-Aboriginal,East Arnhem,0
2000,Final,Female,70-,Non-Aboriginal,Greater Darwin,474
2000,Final,Female,70-,Non-Aboriginal,Top End,21
2000,Final,Male,75-,Aboriginal,Barkly,13
2000,Final,Male,75-,Aboriginal,Big Rivers,21
2000,Final,Male,75-,Aboriginal,Central Australia,39
2000,Final,Male,75-,Aboriginal,East Arnhem,6
2000,Final,Male,75-,Aboriginal,Greater Darwin,9
2000,Final,Male,75-,Aboriginal,Top End,11
2000,Final,Male,75-,Non-Aboriginal,Barkly,14
2000,Final,Male,75-,Non-Aboriginal,Big Rivers,37
2000,Final,Male,75-,Non-Aboriginal,Central Australia,84
2000,Final,Male,75-,Non-Aboriginal,East Arnhem,1
2000,Final,Male,75-,Non-Aboriginal,Greater Darwin,316
2000,Final,Male,75-,Non-Aboriginal,Top End,13
2000,Final,Female,75-,Aboriginal,Barkly,15
2000,Final,Female,75-,Aboriginal,Big Rivers,16
2000,Final,Female,75-,Aboriginal,Central Australia,51
2000,Final,Female,75-,Aboriginal,East Arnhem,13
2000,Final,Female,75-,Aboriginal,Greater Darwin,23
2000,Final,Female,75-,Aboriginal,Top End,21
2000,Final,Female,75-,Non-Aboriginal,Barkly,6
2000,Final,Female,75-,Non-Aboriginal,Big Rivers,22
2000,Final,Female,75-,Non-Aboriginal,Central Australia,96
2000,Final,Female,75-,Non-Aboriginal,East Arnhem,1
2000,Final,Female,75-,Non-Aboriginal,Greater Darwin,302
2000,Final,Female,75-,Non-Aboriginal,Top End,8
2000,Final,Male,80-,Aboriginal,Barkly,6
2000,Final,Male,80-,Aboriginal,Big Rivers,12
2000,Final,Male,80-,Aboriginal,Central Australia,22
2000,Final,Male,80-,Aboriginal,East Arnhem,4
2000,Final,Male,80-,Aboriginal,Greater Darwin,2
2000,Final,Male,80-,Aboriginal,Top End,5
2000,Final,Male,80-,Non-Aboriginal,Barkly,4
2000,Final,Male,80-,Non-Aboriginal,Big Rivers,20
2000,Final,Male,80-,Non-Aboriginal,Central Australia,30
2000,Final,Male,80-,Non-Aboriginal,East Arnhem,0
2000,Final,Male,80-,Non-Aboriginal,Greater Darwin,142
2000,Final,Male,80-,Non-Aboriginal,Top End,6
2000,Final,Female,80-,Aboriginal,Barkly,7
2000,Final,Female,80-,Aboriginal,Big Rivers,10
2000,Final,Female,80-,Aboriginal,Central Australia,28
2000,Final,Female,80-,Aboriginal,East Arnhem,4
2000,Final,Female,80-,Aboriginal,Greater Darwin,15
2000,Final,Female,80-,Aboriginal,Top End,15
2000,Final,Female,80-,Non-Aboriginal,Barkly,5
2000,Final,Female,80-,Non-Aboriginal,Big Rivers,19
2000,Final,Female,80-,Non-Aboriginal,Central Australia,70
2000,Final,Female,80-,Non-Aboriginal,East Arnhem,4
2000,Final,Female,80-,Non-Aboriginal,Greater Darwin,195
2000,Final,Female,80-,Non-Aboriginal,Top End,6
2000,Final,Male,85+,Aboriginal,Barkly,1
2000,Final,Male,85+,Aboriginal,Big Rivers,11
2000,Final,Male,85+,Aboriginal,Central Australia,9
2000,Final,Male,85+,Aboriginal,East Arnhem,5
2000,Final,Male,85+,Aboriginal,Greater Darwin,4
2000,Final,Male,85+,Aboriginal,Top End,13
2000,Final,Male,85+,Non-Aboriginal,Barkly,3
2000,Final,Male,85+,Non-Aboriginal,Big Rivers,25
2000,Final,Male,85+,Non-Aboriginal,Central Australia,23
2000,Final,Male,85+,Non-Aboriginal,East Arnhem,1
2000,Final,Male,85+,Non-Aboriginal,Greater Darwin,117
2000,Final,Male,85+,Non-Aboriginal,Top End,13
2000,Final,Female,85+,Aboriginal,Barkly,8
2000,Final,Female,85+,Aboriginal,Big Rivers,15
2000,Final,Female,85+,Aboriginal,Central Australia,25
2000,Final,Female,85+,Aboriginal,East Arnhem,10
2000,Final,Female,85+,Aboriginal,Greater Darwin,2
2000,Final,Female,85+,Aboriginal,Top End,11
2000,Final,Female,85+,Non-Aboriginal,Barkly,4
2000,Final,Female,85+,Non-Aboriginal,Big Rivers,10
2000,Final,Female,85+,Non-Aboriginal,Central Australia,50
2000,Final,Female,85+,Non-Aboriginal,East Arnhem,2
2000,Final,Female,85+,Non-Aboriginal,Greater Darwin,132
2000,Final,Female,85+,Non-Aboriginal,Top End,7
2001,Final,Male,0-,Aboriginal,Barkly,335
2001,Final,Male,0-,Aboriginal,Big Rivers,682
2001,Final,Male,0-,Aboriginal,Central Australia,904
2001,Final,Male,0-,Aboriginal,East Arnhem,554
2001,Final,Male,0-,Aboriginal,Greater Darwin,704
2001,Final,Male,0-,Aboriginal,Top End,690
2001,Final,Male,0-,Non-Aboriginal,Barkly,85
2001,Final,Male,0-,Non-Aboriginal,Big Rivers,384
2001,Final,Male,0-,Non-Aboriginal,Central Australia,747
2001,Final,Male,0-,Non-Aboriginal,East Arnhem,210
2001,Final,Male,0-,Non-Aboriginal,Greater Darwin,3770
2001,Final,Male,0-,Non-Aboriginal,Top End,125
2001,Final,Female,0-,Aboriginal,Barkly,334
2001,Final,Female,0-,Aboriginal,Big Rivers,654
2001,Final,Female,0-,Aboriginal,Central Australia,914
2001,Final,Female,0-,Aboriginal,East Arnhem,502
2001,Final,Female,0-,Aboriginal,Greater Darwin,614
2001,Final,Female,0-,Aboriginal,Top End,663
2001,Final,Female,0-,Non-Aboriginal,Barkly,65
2001,Final,Female,0-,Non-Aboriginal,Big Rivers,353
2001,Final,Female,0-,Non-Aboriginal,Central Australia,737
2001,Final,Female,0-,Non-Aboriginal,East Arnhem,198
2001,Final,Female,0-,Non-Aboriginal,Greater Darwin,3625
2001,Final,Female,0-,Non-Aboriginal,Top End,112
2001,Final,Male,10-,Aboriginal,Barkly,304
2001,Final,Male,10-,Aboriginal,Big Rivers,587
2001,Final,Male,10-,Aboriginal,Central Australia,792
2001,Final,Male,10-,Aboriginal,East Arnhem,466
2001,Final,Male,10-,Aboriginal,Greater Darwin,744
2001,Final,Male,10-,Aboriginal,Top End,601
2001,Final,Male,10-,Non-Aboriginal,Barkly,64
2001,Final,Male,10-,Non-Aboriginal,Big Rivers,338
2001,Final,Male,10-,Non-Aboriginal,Central Australia,819
2001,Final,Male,10-,Non-Aboriginal,East Arnhem,211
2001,Final,Male,10-,Non-Aboriginal,Greater Darwin,3490
2001,Final,Male,10-,Non-Aboriginal,Top End,130
2001,Final,Female,10-,Aboriginal,Barkly,292
2001,Final,Female,10-,Aboriginal,Big Rivers,575
2001,Final,Female,10-,Aboriginal,Central Australia,835
2001,Final,Female,10-,Aboriginal,East Arnhem,464
2001,Final,Female,10-,Aboriginal,Greater Darwin,613
2001,Final,Female,10-,Aboriginal,Top End,574
2001,Final,Female,10-,Non-Aboriginal,Barkly,50
2001,Final,Female,10-,Non-Aboriginal,Big Rivers,296
2001,Final,Female,10-,Non-Aboriginal,Central Australia,723
2001,Final,Female,10-,Non-Aboriginal,East Arnhem,168
2001,Final,Female,10-,Non-Aboriginal,Greater Darwin,3206
2001,Final,Female,10-,Non-Aboriginal,Top End,87
2001,Final,Male,15-,Aboriginal,Barkly,259
2001,Final,Male,15-,Aboriginal,Big Rivers,532
2001,Final,Male,15-,Aboriginal,Central Australia,697
2001,Final,Male,15-,Aboriginal,East Arnhem,449
2001,Final,Male,15-,Aboriginal,Greater Darwin,600
2001,Final,Male,15-,Aboriginal,Top End,530
2001,Final,Male,15-,Non-Aboriginal,Barkly,118
2001,Final,Male,15-,Non-Aboriginal,Big Rivers,290
2001,Final,Male,15-,Non-Aboriginal,Central Australia,739
2001,Final,Male,15-,Non-Aboriginal,East Arnhem,142
2001,Final,Male,15-,Non-Aboriginal,Greater Darwin,3367
2001,Final,Male,15-,Non-Aboriginal,Top End,100
2001,Final,Female,15-,Aboriginal,Barkly,273
2001,Final,Female,15-,Aboriginal,Big Rivers,538
2001,Final,Female,15-,Aboriginal,Central Australia,776
2001,Final,Female,15-,Aboriginal,East Arnhem,483
2001,Final,Female,15-,Aboriginal,Greater Darwin,531
2001,Final,Female,15-,Aboriginal,Top End,560
2001,Final,Female,15-,Non-Aboriginal,Barkly,69
2001,Final,Female,15-,Non-Aboriginal,Big Rivers,201
2001,Final,Female,15-,Non-Aboriginal,Central Australia,659
2001,Final,Female,15-,Non-Aboriginal,East Arnhem,91
2001,Final,Female,15-,Non-Aboriginal,Greater Darwin,3084
2001,Final,Female,15-,Non-Aboriginal,Top End,36
2001,Final,Male,20-,Aboriginal,Barkly,259
2001,Final,Male,20-,Aboriginal,Big Rivers,456
2001,Final,Male,20-,Aboriginal,Central Australia,634
2001,Final,Male,20-,Aboriginal,East Arnhem,415
2001,Final,Male,20-,Aboriginal,Greater Darwin,442
2001,Final,Male,20-,Aboriginal,Top End,509
2001,Final,Male,20-,Non-Aboriginal,Barkly,135
2001,Final,Male,20-,Non-Aboriginal,Big Rivers,430
2001,Final,Male,20-,Non-Aboriginal,Central Australia,912
2001,Final,Male,20-,Non-Aboriginal,East Arnhem,162
2001,Final,Male,20-,Non-Aboriginal,Greater Darwin,4086
2001,Final,Male,20-,Non-Aboriginal,Top End,137
2001,Final,Female,20-,Aboriginal,Barkly,215
2001,Final,Female,20-,Aboriginal,Big Rivers,460
2001,Final,Female,20-,Aboriginal,Central Australia,708
2001,Final,Female,20-,Aboriginal,East Arnhem,423
2001,Final,Female,20-,Aboriginal,Greater Darwin,395
2001,Final,Female,20-,Aboriginal,Top End,526
2001,Final,Female,20-,Non-Aboriginal,Barkly,122
2001,Final,Female,20-,Non-Aboriginal,Big Rivers,312
2001,Final,Female,20-,Non-Aboriginal,Central Australia,918
2001,Final,Female,20-,Non-Aboriginal,East Arnhem,112
2001,Final,Female,20-,Non-Aboriginal,Greater Darwin,3427
2001,Final,Female,20-,Non-Aboriginal,Top End,134
2001,Final,Male,25-,Aboriginal,Barkly,229
2001,Final,Male,25-,Aboriginal,Big Rivers,434
2001,Final,Male,25-,Aboriginal,Central Australia,622
2001,Final,Male,25-,Aboriginal,East Arnhem,401
2001,Final,Male,25-,Aboriginal,Greater Darwin,455
2001,Final,Male,25-,Aboriginal,Top End,453
2001,Final,Male,25-,Non-Aboriginal,Barkly,126
2001,Final,Male,25-,Non-Aboriginal,Big Rivers,535
2001,Final,Male,25-,Non-Aboriginal,Central Australia,1156
2001,Final,Male,25-,Non-Aboriginal,East Arnhem,228
2001,Final,Male,25-,Non-Aboriginal,Greater Darwin,4797
2001,Final,Male,25-,Non-Aboriginal,Top End,227
2001,Final,Female,25-,Aboriginal,Barkly,241
2001,Final,Female,25-,Aboriginal,Big Rivers,465
2001,Final,Female,25-,Aboriginal,Central Australia,713
2001,Final,Female,25-,Aboriginal,East Arnhem,433
2001,Final,Female,25-,Aboriginal,Greater Darwin,395
2001,Final,Female,25-,Aboriginal,Top End,430
2001,Final,Female,25-,Non-Aboriginal,Barkly,120
2001,Final,Female,25-,Non-Aboriginal,Big Rivers,456
2001,Final,Female,25-,Non-Aboriginal,Central Australia,1097
2001,Final,Female,25-,Non-Aboriginal,East Arnhem,194
2001,Final,Female,25-,Non-Aboriginal,Greater Darwin,4446
2001,Final,Female,25-,Non-Aboriginal,Top End,200
2001,Final,Male,30-,Aboriginal,Barkly,206
2001,Final,Male,30-,Aboriginal,Big Rivers,381
2001,Final,Male,30-,Aboriginal,Central Australia,602
2001,Final,Male,30-,Aboriginal,East Arnhem,365
2001,Final,Male,30-,Aboriginal,Greater Darwin,460
2001,Final,Male,30-,Aboriginal,Top End,377
2001,Final,Male,30-,Non-Aboriginal,Barkly,126
2001,Final,Male,30-,Non-Aboriginal,Big Rivers,564
2001,Final,Male,30-,Non-Aboriginal,Central Australia,1130
2001,Final,Male,30-,Non-Aboriginal,East Arnhem,277
2001,Final,Male,30-,Non-Aboriginal,Greater Darwin,4854
2001,Final,Male,30-,Non-Aboriginal,Top End,235
2001,Final,Female,30-,Aboriginal,Barkly,220
2001,Final,Female,30-,Aboriginal,Big Rivers,391
2001,Final,Female,30-,Aboriginal,Central Australia,668
2001,Final,Female,30-,Aboriginal,East Arnhem,395
2001,Final,Female,30-,Aboriginal,Greater Darwin,426
2001,Final,Female,30-,Aboriginal,Top End,385
2001,Final,Female,30-,Non-Aboriginal,Barkly,101
2001,Final,Female,30-,Non-Aboriginal,Big Rivers,463
2001,Final,Female,30-,Non-Aboriginal,Central Australia,1141
2001,Final,Female,30-,Non-Aboriginal,East Arnhem,291
2001,Final,Female,30-,Non-Aboriginal,Greater Darwin,4544
2001,Final,Female,30-,Non-Aboriginal,Top End,213
2001,Final,Male,35-,Aboriginal,Barkly,150
2001,Final,Male,35-,Aboriginal,Big Rivers,341
2001,Final,Male,35-,Aboriginal,Central Australia,522
2001,Final,Male,35-,Aboriginal,East Arnhem,307
2001,Final,Male,35-,Aboriginal,Greater Darwin,393
2001,Final,Male,35-,Aboriginal,Top End,340
2001,Final,Male,35-,Non-Aboriginal,Barkly,111
2001,Final,Male,35-,Non-Aboriginal,Big Rivers,501
2001,Final,Male,35-,Non-Aboriginal,Central Australia,1208
2001,Final,Male,35-,Non-Aboriginal,East Arnhem,326
2001,Final,Male,35-,Non-Aboriginal,Greater Darwin,4683
2001,Final,Male,35-,Non-Aboriginal,Top End,246
2001,Final,Female,35-,Aboriginal,Barkly,166
2001,Final,Female,35-,Aboriginal,Big Rivers,396
2001,Final,Female,35-,Aboriginal,Central Australia,540
2001,Final,Female,35-,Aboriginal,East Arnhem,324
2001,Final,Female,35-,Aboriginal,Greater Darwin,375
2001,Final,Female,35-,Aboriginal,Top End,327
2001,Final,Female,35-,Non-Aboriginal,Barkly,95
2001,Final,Female,35-,Non-Aboriginal,Big Rivers,366
2001,Final,Female,35-,Non-Aboriginal,Central Australia,1051
2001,Final,Female,35-,Non-Aboriginal,East Arnhem,247
2001,Final,Female,35-,Non-Aboriginal,Greater Darwin,4293
2001,Final,Female,35-,Non-Aboriginal,Top End,199
2001,Final,Male,40-,Aboriginal,Barkly,132
2001,Final,Male,40-,Aboriginal,Big Rivers,269
2001,Final,Male,40-,Aboriginal,Central Australia,391
2001,Final,Male,40-,Aboriginal,East Arnhem,238
2001,Final,Male,40-,Aboriginal,Greater Darwin,329
2001,Final,Male,40-,Aboriginal,Top End,260
2001,Final,Male,40-,Non-Aboriginal,Barkly,127
2001,Final,Male,40-,Non-Aboriginal,Big Rivers,433
2001,Final,Male,40-,Non-Aboriginal,Central Australia,1093
2001,Final,Male,40-,Non-Aboriginal,East Arnhem,295
2001,Final,Male,40-,Non-Aboriginal,Greater Darwin,4388
2001,Final,Male,40-,Non-Aboriginal,Top End,250
2001,Final,Female,40-,Aboriginal,Barkly,146
2001,Final,Female,40-,Aboriginal,Big Rivers,296
2001,Final,Female,40-,Aboriginal,Central Australia,473
2001,Final,Female,40-,Aboriginal,East Arnhem,267
2001,Final,Female,40-,Aboriginal,Greater Darwin,308
2001,Final,Female,40-,Aboriginal,Top End,274
2001,Final,Female,40-,Non-Aboriginal,Barkly,94
2001,Final,Female,40-,Non-Aboriginal,Big Rivers,326
2001,Final,Female,40-,Non-Aboriginal,Central Australia,988
2001,Final,Female,40-,Non-Aboriginal,East Arnhem,230
2001,Final,Female,40-,Non-Aboriginal,Greater Darwin,4019
2001,Final,Female,40-,Non-Aboriginal,Top End,164
2001,Final,Male,45-,Aboriginal,Barkly,88
2001,Final,Male,45-,Aboriginal,Big Rivers,184
2001,Final,Male,45-,Aboriginal,Central Australia,253
2001,Final,Male,45-,Aboriginal,East Arnhem,196
2001,Final,Male,45-,Aboriginal,Greater Darwin,270
2001,Final,Male,45-,Aboriginal,Top End,169
2001,Final,Male,45-,Non-Aboriginal,Barkly,129
2001,Final,Male,45-,Non-Aboriginal,Big Rivers,393
2001,Final,Male,45-,Non-Aboriginal,Central Australia,1069
2001,Final,Male,45-,Non-Aboriginal,East Arnhem,295
2001,Final,Male,45-,Non-Aboriginal,Greater Darwin,4023
2001,Final,Male,45-,Non-Aboriginal,Top End,237
2001,Final,Female,45-,Aboriginal,Barkly,113
2001,Final,Female,45-,Aboriginal,Big Rivers,227
2001,Final,Female,45-,Aboriginal,Central Australia,343
2001,Final,Female,45-,Aboriginal,East Arnhem,203
2001,Final,Female,45-,Aboriginal,Greater Darwin,252
2001,Final,Female,45-,Aboriginal,Top End,191
2001,Final,Female,45-,Non-Aboriginal,Barkly,107
2001,Final,Female,45-,Non-Aboriginal,Big Rivers,318
2001,Final,Female,45-,Non-Aboriginal,Central Australia,909
2001,Final,Female,45-,Non-Aboriginal,East Arnhem,206
2001,Final,Female,45-,Non-Aboriginal,Greater Darwin,3645
2001,Final,Female,45-,Non-Aboriginal,Top End,168
2001,Final,Male,5-,Aboriginal,Barkly,334
2001,Final,Male,5-,Aboriginal,Big Rivers,683
2001,Final,Male,5-,Aboriginal,Central Australia,871
2001,Final,Male,5-,Aboriginal,East Arnhem,579
2001,Final,Male,5-,Aboriginal,Greater Darwin,721
2001,Final,Male,5-,Aboriginal,Top End,716
2001,Final,Male,5-,Non-Aboriginal,Barkly,69
2001,Final,Male,5-,Non-Aboriginal,Big Rivers,423
2001,Final,Male,5-,Non-Aboriginal,Central Australia,869
2001,Final,Male,5-,Non-Aboriginal,East Arnhem,239
2001,Final,Male,5-,Non-Aboriginal,Greater Darwin,3625
2001,Final,Male,5-,Non-Aboriginal,Top End,158
2001,Final,Female,5-,Aboriginal,Barkly,341
2001,Final,Female,5-,Aboriginal,Big Rivers,644
2001,Final,Female,5-,Aboriginal,Central Australia,867
2001,Final,Female,5-,Aboriginal,East Arnhem,531
2001,Final,Female,5-,Aboriginal,Greater Darwin,610
2001,Final,Female,5-,Aboriginal,Top End,656
2001,Final,Female,5-,Non-Aboriginal,Barkly,57
2001,Final,Female,5-,Non-Aboriginal,Big Rivers,350
2001,Final,Female,5-,Non-Aboriginal,Central Australia,743
2001,Final,Female,5-,Non-Aboriginal,East Arnhem,222
2001,Final,Female,5-,Non-Aboriginal,Greater Darwin,3413
2001,Final,Female,5-,Non-Aboriginal,Top End,116
2001,Final,Male,50-,Aboriginal,Barkly,76
2001,Final,Male,50-,Aboriginal,Big Rivers,154
2001,Final,Male,50-,Aboriginal,Central Australia,251
2001,Final,Male,50-,Aboriginal,East Arnhem,146
2001,Final,Male,50-,Aboriginal,Greater Darwin,186
2001,Final,Male,50-,Aboriginal,Top End,134
2001,Final,Male,50-,Non-Aboriginal,Barkly,124
2001,Final,Male,50-,Non-Aboriginal,Big Rivers,381
2001,Final,Male,50-,Non-Aboriginal,Central Australia,948
2001,Final,Male,50-,Non-Aboriginal,East Arnhem,263
2001,Final,Male,50-,Non-Aboriginal,Greater Darwin,3770
2001,Final,Male,50-,Non-Aboriginal,Top End,239
2001,Final,Female,50-,Aboriginal,Barkly,109
2001,Final,Female,50-,Aboriginal,Big Rivers,169
2001,Final,Female,50-,Aboriginal,Central Australia,337
2001,Final,Female,50-,Aboriginal,East Arnhem,175
2001,Final,Female,50-,Aboriginal,Greater Darwin,199
2001,Final,Female,50-,Aboriginal,Top End,158
2001,Final,Female,50-,Non-Aboriginal,Barkly,83
2001,Final,Female,50-,Non-Aboriginal,Big Rivers,232
2001,Final,Female,50-,Non-Aboriginal,Central Australia,796
2001,Final,Female,50-,Non-Aboriginal,East Arnhem,154
2001,Final,Female,50-,Non-Aboriginal,Greater Darwin,3056
2001,Final,Female,50-,Non-Aboriginal,Top End,158
2001,Final,Male,55-,Aboriginal,Barkly,51
2001,Final,Male,55-,Aboriginal,Big Rivers,95
2001,Final,Male,55-,Aboriginal,Central Australia,139
2001,Final,Male,55-,Aboriginal,East Arnhem,75
2001,Final,Male,55-,Aboriginal,Greater Darwin,109
2001,Final,Male,55-,Aboriginal,Top End,86
2001,Final,Male,55-,Non-Aboriginal,Barkly,116
2001,Final,Male,55-,Non-Aboriginal,Big Rivers,266
2001,Final,Male,55-,Non-Aboriginal,Central Australia,647
2001,Final,Male,55-,Non-Aboriginal,East Arnhem,158
2001,Final,Male,55-,Non-Aboriginal,Greater Darwin,2633
2001,Final,Male,55-,Non-Aboriginal,Top End,168
2001,Final,Female,55-,Aboriginal,Barkly,58
2001,Final,Female,55-,Aboriginal,Big Rivers,123
2001,Final,Female,55-,Aboriginal,Central Australia,223
2001,Final,Female,55-,Aboriginal,East Arnhem,86
2001,Final,Female,55-,Aboriginal,Greater Darwin,117
2001,Final,Female,55-,Aboriginal,Top End,104
2001,Final,Female,55-,Non-Aboriginal,Barkly,82
2001,Final,Female,55-,Non-Aboriginal,Big Rivers,159
2001,Final,Female,55-,Non-Aboriginal,Central Australia,440
2001,Final,Female,55-,Non-Aboriginal,East Arnhem,67
2001,Final,Female,55-,Non-Aboriginal,Greater Darwin,1928
2001,Final,Female,55-,Non-Aboriginal,Top End,103
2001,Final,Male,60-,Aboriginal,Barkly,41
2001,Final,Male,60-,Aboriginal,Big Rivers,75
2001,Final,Male,60-,Aboriginal,Central Australia,111
2001,Final,Male,60-,Aboriginal,East Arnhem,62
2001,Final,Male,60-,Aboriginal,Greater Darwin,64
2001,Final,Male,60-,Aboriginal,Top End,71
2001,Final,Male,60-,Non-Aboriginal,Barkly,82
2001,Final,Male,60-,Non-Aboriginal,Big Rivers,199
2001,Final,Male,60-,Non-Aboriginal,Central Australia,382
2001,Final,Male,60-,Non-Aboriginal,East Arnhem,73
2001,Final,Male,60-,Non-Aboriginal,Greater Darwin,1780
2001,Final,Male,60-,Non-Aboriginal,Top End,135
2001,Final,Female,60-,Aboriginal,Barkly,56
2001,Final,Female,60-,Aboriginal,Big Rivers,72
2001,Final,Female,60-,Aboriginal,Central Australia,183
2001,Final,Female,60-,Aboriginal,East Arnhem,95
2001,Final,Female,60-,Aboriginal,Greater Darwin,77
2001,Final,Female,60-,Aboriginal,Top End,72
2001,Final,Female,60-,Non-Aboriginal,Barkly,31
2001,Final,Female,60-,Non-Aboriginal,Big Rivers,93
2001,Final,Female,60-,Non-Aboriginal,Central Australia,287
2001,Final,Female,60-,Non-Aboriginal,East Arnhem,16
2001,Final,Female,60-,Non-Aboriginal,Greater Darwin,1107
2001,Final,Female,60-,Non-Aboriginal,Top End,65
2001,Final,Male,65-,Aboriginal,Barkly,25
2001,Final,Male,65-,Aboriginal,Big Rivers,41
2001,Final,Male,65-,Aboriginal,Central Australia,68
2001,Final,Male,65-,Aboriginal,East Arnhem,25
2001,Final,Male,65-,Aboriginal,Greater Darwin,37
2001,Final,Male,65-,Aboriginal,Top End,33
2001,Final,Male,65-,Non-Aboriginal,Barkly,38
2001,Final,Male,65-,Non-Aboriginal,Big Rivers,103
2001,Final,Male,65-,Non-Aboriginal,Central Australia,217
2001,Final,Male,65-,Non-Aboriginal,East Arnhem,14
2001,Final,Male,65-,Non-Aboriginal,Greater Darwin,986
2001,Final,Male,65-,Non-Aboriginal,Top End,66
2001,Final,Female,65-,Aboriginal,Barkly,30
2001,Final,Female,65-,Aboriginal,Big Rivers,59
2001,Final,Female,65-,Aboriginal,Central Australia,95
2001,Final,Female,65-,Aboriginal,East Arnhem,36
2001,Final,Female,65-,Aboriginal,Greater Darwin,57
2001,Final,Female,65-,Aboriginal,Top End,42
2001,Final,Female,65-,Non-Aboriginal,Barkly,22
2001,Final,Female,65-,Non-Aboriginal,Big Rivers,70
2001,Final,Female,65-,Non-Aboriginal,Central Australia,164
2001,Final,Female,65-,Non-Aboriginal,East Arnhem,7
2001,Final,Female,65-,Non-Aboriginal,Greater Darwin,701
2001,Final,Female,65-,Non-Aboriginal,Top End,35
2001,Final,Male,70-,Aboriginal,Barkly,25
2001,Final,Male,70-,Aboriginal,Big Rivers,40
2001,Final,Male,70-,Aboriginal,Central Australia,44
2001,Final,Male,70-,Aboriginal,East Arnhem,18
2001,Final,Male,70-,Aboriginal,Greater Darwin,37
2001,Final,Male,70-,Aboriginal,Top End,27
2001,Final,Male,70-,Non-Aboriginal,Barkly,28
2001,Final,Male,70-,Non-Aboriginal,Big Rivers,88
2001,Final,Male,70-,Non-Aboriginal,Central Australia,132
2001,Final,Male,70-,Non-Aboriginal,East Arnhem,5
2001,Final,Male,70-,Non-Aboriginal,Greater Darwin,724
2001,Final,Male,70-,Non-Aboriginal,Top End,31
2001,Final,Female,70-,Aboriginal,Barkly,33
2001,Final,Female,70-,Aboriginal,Big Rivers,51
2001,Final,Female,70-,Aboriginal,Central Australia,97
2001,Final,Female,70-,Aboriginal,East Arnhem,26
2001,Final,Female,70-,Aboriginal,Greater Darwin,42
2001,Final,Female,70-,Aboriginal,Top End,34
2001,Final,Female,70-,Non-Aboriginal,Barkly,8
2001,Final,Female,70-,Non-Aboriginal,Big Rivers,35
2001,Final,Female,70-,Non-Aboriginal,Central Australia,83
2001,Final,Female,70-,Non-Aboriginal,East Arnhem,0
2001,Final,Female,70-,Non-Aboriginal,Greater Darwin,506
2001,Final,Female,70-,Non-Aboriginal,Top End,22
2001,Final,Male,75-,Aboriginal,Barkly,13
2001,Final,Male,75-,Aboriginal,Big Rivers,21
2001,Final,Male,75-,Aboriginal,Central Australia,39
2001,Final,Male,75-,Aboriginal,East Arnhem,6
2001,Final,Male,75-,Aboriginal,Greater Darwin,10
2001,Final,Male,75-,Aboriginal,Top End,12
2001,Final,Male,75-,Non-Aboriginal,Barkly,15
2001,Final,Male,75-,Non-Aboriginal,Big Rivers,37
2001,Final,Male,75-,Non-Aboriginal,Central Australia,90
2001,Final,Male,75-,Non-Aboriginal,East Arnhem,1
2001,Final,Male,75-,Non-Aboriginal,Greater Darwin,345
2001,Final,Male,75-,Non-Aboriginal,Top End,14
2001,Final,Female,75-,Aboriginal,Barkly,15
2001,Final,Female,75-,Aboriginal,Big Rivers,17
2001,Final,Female,75-,Aboriginal,Central Australia,51
2001,Final,Female,75-,Aboriginal,East Arnhem,14
2001,Final,Female,75-,Aboriginal,Greater Darwin,25
2001,Final,Female,75-,Aboriginal,Top End,23
2001,Final,Female,75-,Non-Aboriginal,Barkly,6
2001,Final,Female,75-,Non-Aboriginal,Big Rivers,22
2001,Final,Female,75-,Non-Aboriginal,Central Australia,100
2001,Final,Female,75-,Non-Aboriginal,East Arnhem,1
2001,Final,Female,75-,Non-Aboriginal,Greater Darwin,316
2001,Final,Female,75-,Non-Aboriginal,Top End,10
2001,Final,Male,80-,Aboriginal,Barkly,6
2001,Final,Male,80-,Aboriginal,Big Rivers,11
2001,Final,Male,80-,Aboriginal,Central Australia,22
2001,Final,Male,80-,Aboriginal,East Arnhem,4
2001,Final,Male,80-,Aboriginal,Greater Darwin,3
2001,Final,Male,80-,Aboriginal,Top End,4
2001,Final,Male,80-,Non-Aboriginal,Barkly,4
2001,Final,Male,80-,Non-Aboriginal,Big Rivers,20
2001,Final,Male,80-,Non-Aboriginal,Central Australia,32
2001,Final,Male,80-,Non-Aboriginal,East Arnhem,0
2001,Final,Male,80-,Non-Aboriginal,Greater Darwin,150
2001,Final,Male,80-,Non-Aboriginal,Top End,6
2001,Final,Female,80-,Aboriginal,Barkly,7
2001,Final,Female,80-,Aboriginal,Big Rivers,12
2001,Final,Female,80-,Aboriginal,Central Australia,32
2001,Final,Female,80-,Aboriginal,East Arnhem,6
2001,Final,Female,80-,Aboriginal,Greater Darwin,17
2001,Final,Female,80-,Aboriginal,Top End,16
2001,Final,Female,80-,Non-Aboriginal,Barkly,5
2001,Final,Female,80-,Non-Aboriginal,Big Rivers,20
2001,Final,Female,80-,Non-Aboriginal,Central Australia,75
2001,Final,Female,80-,Non-Aboriginal,East Arnhem,4
2001,Final,Female,80-,Non-Aboriginal,Greater Darwin,220
2001,Final,Female,80-,Non-Aboriginal,Top End,6
2001,Final,Male,85+,Aboriginal,Barkly,2
2001,Final,Male,85+,Aboriginal,Big Rivers,13
2001,Final,Male,85+,Aboriginal,Central Australia,11
2001,Final,Male,85+,Aboriginal,East Arnhem,6
2001,Final,Male,85+,Aboriginal,Greater Darwin,5
2001,Final,Male,85+,Aboriginal,Top End,14
2001,Final,Male,85+,Non-Aboriginal,Barkly,4
2001,Final,Male,85+,Non-Aboriginal,Big Rivers,25
2001,Final,Male,85+,Non-Aboriginal,Central Australia,25
2001,Final,Male,85+,Non-Aboriginal,East Arnhem,1
2001,Final,Male,85+,Non-Aboriginal,Greater Darwin,127
2001,Final,Male,85+,Non-Aboriginal,Top End,12
2001,Final,Female,85+,Aboriginal,Barkly,9
2001,Final,Female,85+,Aboriginal,Big Rivers,18
2001,Final,Female,85+,Aboriginal,Central Australia,28
2001,Final,Female,85+,Aboriginal,East Arnhem,10
2001,Final,Female,85+,Aboriginal,Greater Darwin,3
2001,Final,Female,85+,Aboriginal,Top End,12
2001,Final,Female,85+,Non-Aboriginal,Barkly,3
2001,Final,Female,85+,Non-Aboriginal,Big Rivers,11
2001,Final,Female,85+,Non-Aboriginal,Central Australia,57
2001,Final,Female,85+,Non-Aboriginal,East Arnhem,2
2001,Final,Female,85+,Non-Aboriginal,Greater Darwin,153
2001,Final,Female,85+,Non-Aboriginal,Top End,7
2002,Final,Male,0-,Aboriginal,Barkly,335
2002,Final,Male,0-,Aboriginal,Big Rivers,697
2002,Final,Male,0-,Aboriginal,Central Australia,902
2002,Final,Male,0-,Aboriginal,East Arnhem,561
2002,Final,Male,0-,Aboriginal,Greater Darwin,731
2002,Final,Male,0-,Aboriginal,Top End,699
2002,Final,Male,0-,Non-Aboriginal,Barkly,79
2002,Final,Male,0-,Non-Aboriginal,Big Rivers,374
2002,Final,Male,0-,Non-Aboriginal,Central Australia,741
2002,Final,Male,0-,Non-Aboriginal,East Arnhem,217
2002,Final,Male,0-,Non-Aboriginal,Greater Darwin,3775
2002,Final,Male,0-,Non-Aboriginal,Top End,126
2002,Final,Female,0-,Aboriginal,Barkly,319
2002,Final,Female,0-,Aboriginal,Big Rivers,660
2002,Final,Female,0-,Aboriginal,Central Australia,912
2002,Final,Female,0-,Aboriginal,East Arnhem,491
2002,Final,Female,0-,Aboriginal,Greater Darwin,621
2002,Final,Female,0-,Aboriginal,Top End,653
2002,Final,Female,0-,Non-Aboriginal,Barkly,58
2002,Final,Female,0-,Non-Aboriginal,Big Rivers,337
2002,Final,Female,0-,Non-Aboriginal,Central Australia,707
2002,Final,Female,0-,Non-Aboriginal,East Arnhem,201
2002,Final,Female,0-,Non-Aboriginal,Greater Darwin,3565
2002,Final,Female,0-,Non-Aboriginal,Top End,111
2002,Final,Male,10-,Aboriginal,Barkly,303
2002,Final,Male,10-,Aboriginal,Big Rivers,601
2002,Final,Male,10-,Aboriginal,Central Australia,795
2002,Final,Male,10-,Aboriginal,East Arnhem,464
2002,Final,Male,10-,Aboriginal,Greater Darwin,773
2002,Final,Male,10-,Aboriginal,Top End,614
2002,Final,Male,10-,Non-Aboriginal,Barkly,59
2002,Final,Male,10-,Non-Aboriginal,Big Rivers,334
2002,Final,Male,10-,Non-Aboriginal,Central Australia,818
2002,Final,Male,10-,Non-Aboriginal,East Arnhem,210
2002,Final,Male,10-,Non-Aboriginal,Greater Darwin,3512
2002,Final,Male,10-,Non-Aboriginal,Top End,135
2002,Final,Female,10-,Aboriginal,Barkly,286
2002,Final,Female,10-,Aboriginal,Big Rivers,572
2002,Final,Female,10-,Aboriginal,Central Australia,831
2002,Final,Female,10-,Aboriginal,East Arnhem,460
2002,Final,Female,10-,Aboriginal,Greater Darwin,626
2002,Final,Female,10-,Aboriginal,Top End,571
2002,Final,Female,10-,Non-Aboriginal,Barkly,47
2002,Final,Female,10-,Non-Aboriginal,Big Rivers,297
2002,Final,Female,10-,Non-Aboriginal,Central Australia,721
2002,Final,Female,10-,Non-Aboriginal,East Arnhem,171
2002,Final,Female,10-,Non-Aboriginal,Greater Darwin,3188
2002,Final,Female,10-,Non-Aboriginal,Top End,91
2002,Final,Male,15-,Aboriginal,Barkly,252
2002,Final,Male,15-,Aboriginal,Big Rivers,525
2002,Final,Male,15-,Aboriginal,Central Australia,689
2002,Final,Male,15-,Aboriginal,East Arnhem,445
2002,Final,Male,15-,Aboriginal,Greater Darwin,604
2002,Final,Male,15-,Aboriginal,Top End,512
2002,Final,Male,15-,Non-Aboriginal,Barkly,108
2002,Final,Male,15-,Non-Aboriginal,Big Rivers,272
2002,Final,Male,15-,Non-Aboriginal,Central Australia,720
2002,Final,Male,15-,Non-Aboriginal,East Arnhem,139
2002,Final,Male,15-,Non-Aboriginal,Greater Darwin,3272
2002,Final,Male,15-,Non-Aboriginal,Top End,95
2002,Final,Female,15-,Aboriginal,Barkly,272
2002,Final,Female,15-,Aboriginal,Big Rivers,543
2002,Final,Female,15-,Aboriginal,Central Australia,770
2002,Final,Female,15-,Aboriginal,East Arnhem,480
2002,Final,Female,15-,Aboriginal,Greater Darwin,549
2002,Final,Female,15-,Aboriginal,Top End,563
2002,Final,Female,15-,Non-Aboriginal,Barkly,68
2002,Final,Female,15-,Non-Aboriginal,Big Rivers,207
2002,Final,Female,15-,Non-Aboriginal,Central Australia,680
2002,Final,Female,15-,Non-Aboriginal,East Arnhem,98
2002,Final,Female,15-,Non-Aboriginal,Greater Darwin,3069
2002,Final,Female,15-,Non-Aboriginal,Top End,41
2002,Final,Male,20-,Aboriginal,Barkly,259
2002,Final,Male,20-,Aboriginal,Big Rivers,464
2002,Final,Male,20-,Aboriginal,Central Australia,647
2002,Final,Male,20-,Aboriginal,East Arnhem,417
2002,Final,Male,20-,Aboriginal,Greater Darwin,459
2002,Final,Male,20-,Aboriginal,Top End,512
2002,Final,Male,20-,Non-Aboriginal,Barkly,125
2002,Final,Male,20-,Non-Aboriginal,Big Rivers,411
2002,Final,Male,20-,Non-Aboriginal,Central Australia,893
2002,Final,Male,20-,Non-Aboriginal,East Arnhem,162
2002,Final,Male,20-,Non-Aboriginal,Greater Darwin,4095
2002,Final,Male,20-,Non-Aboriginal,Top End,131
2002,Final,Female,20-,Aboriginal,Barkly,211
2002,Final,Female,20-,Aboriginal,Big Rivers,467
2002,Final,Female,20-,Aboriginal,Central Australia,720
2002,Final,Female,20-,Aboriginal,East Arnhem,424
2002,Final,Female,20-,Aboriginal,Greater Darwin,399
2002,Final,Female,20-,Aboriginal,Top End,520
2002,Final,Female,20-,Non-Aboriginal,Barkly,115
2002,Final,Female,20-,Non-Aboriginal,Big Rivers,304
2002,Final,Female,20-,Non-Aboriginal,Central Australia,901
2002,Final,Female,20-,Non-Aboriginal,East Arnhem,114
2002,Final,Female,20-,Non-Aboriginal,Greater Darwin,3393
2002,Final,Female,20-,Non-Aboriginal,Top End,134
2002,Final,Male,25-,Aboriginal,Barkly,224
2002,Final,Male,25-,Aboriginal,Big Rivers,423
2002,Final,Male,25-,Aboriginal,Central Australia,619
2002,Final,Male,25-,Aboriginal,East Arnhem,403
2002,Final,Male,25-,Aboriginal,Greater Darwin,454
2002,Final,Male,25-,Aboriginal,Top End,451
2002,Final,Male,25-,Non-Aboriginal,Barkly,115
2002,Final,Male,25-,Non-Aboriginal,Big Rivers,498
2002,Final,Male,25-,Non-Aboriginal,Central Australia,1112
2002,Final,Male,25-,Non-Aboriginal,East Arnhem,229
2002,Final,Male,25-,Non-Aboriginal,Greater Darwin,4712
2002,Final,Male,25-,Non-Aboriginal,Top End,215
2002,Final,Female,25-,Aboriginal,Barkly,228
2002,Final,Female,25-,Aboriginal,Big Rivers,446
2002,Final,Female,25-,Aboriginal,Central Australia,685
2002,Final,Female,25-,Aboriginal,East Arnhem,420
2002,Final,Female,25-,Aboriginal,Greater Darwin,387
2002,Final,Female,25-,Aboriginal,Top End,417
2002,Final,Female,25-,Non-Aboriginal,Barkly,107
2002,Final,Female,25-,Non-Aboriginal,Big Rivers,419
2002,Final,Female,25-,Non-Aboriginal,Central Australia,1034
2002,Final,Female,25-,Non-Aboriginal,East Arnhem,192
2002,Final,Female,25-,Non-Aboriginal,Greater Darwin,4223
2002,Final,Female,25-,Non-Aboriginal,Top End,187
2002,Final,Male,30-,Aboriginal,Barkly,212
2002,Final,Male,30-,Aboriginal,Big Rivers,382
2002,Final,Male,30-,Aboriginal,Central Australia,607
2002,Final,Male,30-,Aboriginal,East Arnhem,368
2002,Final,Male,30-,Aboriginal,Greater Darwin,482
2002,Final,Male,30-,Aboriginal,Top End,384
2002,Final,Male,30-,Non-Aboriginal,Barkly,120
2002,Final,Male,30-,Non-Aboriginal,Big Rivers,541
2002,Final,Male,30-,Non-Aboriginal,Central Australia,1114
2002,Final,Male,30-,Non-Aboriginal,East Arnhem,285
2002,Final,Male,30-,Non-Aboriginal,Greater Darwin,4863
2002,Final,Male,30-,Non-Aboriginal,Top End,234
2002,Final,Female,30-,Aboriginal,Barkly,225
2002,Final,Female,30-,Aboriginal,Big Rivers,407
2002,Final,Female,30-,Aboriginal,Central Australia,691
2002,Final,Female,30-,Aboriginal,East Arnhem,406
2002,Final,Female,30-,Aboriginal,Greater Darwin,439
2002,Final,Female,30-,Aboriginal,Top End,394
2002,Final,Female,30-,Non-Aboriginal,Barkly,97
2002,Final,Female,30-,Non-Aboriginal,Big Rivers,460
2002,Final,Female,30-,Non-Aboriginal,Central Australia,1128
2002,Final,Female,30-,Non-Aboriginal,East Arnhem,294
2002,Final,Female,30-,Non-Aboriginal,Greater Darwin,4580
2002,Final,Female,30-,Non-Aboriginal,Top End,210
2002,Final,Male,35-,Aboriginal,Barkly,148
2002,Final,Male,35-,Aboriginal,Big Rivers,347
2002,Final,Male,35-,Aboriginal,Central Australia,517
2002,Final,Male,35-,Aboriginal,East Arnhem,308
2002,Final,Male,35-,Aboriginal,Greater Darwin,406
2002,Final,Male,35-,Aboriginal,Top End,347
2002,Final,Male,35-,Non-Aboriginal,Barkly,102
2002,Final,Male,35-,Non-Aboriginal,Big Rivers,484
2002,Final,Male,35-,Non-Aboriginal,Central Australia,1180
2002,Final,Male,35-,Non-Aboriginal,East Arnhem,330
2002,Final,Male,35-,Non-Aboriginal,Greater Darwin,4633
2002,Final,Male,35-,Non-Aboriginal,Top End,240
2002,Final,Female,35-,Aboriginal,Barkly,163
2002,Final,Female,35-,Aboriginal,Big Rivers,404
2002,Final,Female,35-,Aboriginal,Central Australia,538
2002,Final,Female,35-,Aboriginal,East Arnhem,322
2002,Final,Female,35-,Aboriginal,Greater Darwin,381
2002,Final,Female,35-,Aboriginal,Top End,331
2002,Final,Female,35-,Non-Aboriginal,Barkly,88
2002,Final,Female,35-,Non-Aboriginal,Big Rivers,356
2002,Final,Female,35-,Non-Aboriginal,Central Australia,1025
2002,Final,Female,35-,Non-Aboriginal,East Arnhem,242
2002,Final,Female,35-,Non-Aboriginal,Greater Darwin,4208
2002,Final,Female,35-,Non-Aboriginal,Top End,200
2002,Final,Male,40-,Aboriginal,Barkly,140
2002,Final,Male,40-,Aboriginal,Big Rivers,284
2002,Final,Male,40-,Aboriginal,Central Australia,406
2002,Final,Male,40-,Aboriginal,East Arnhem,251
2002,Final,Male,40-,Aboriginal,Greater Darwin,353
2002,Final,Male,40-,Aboriginal,Top End,271
2002,Final,Male,40-,Non-Aboriginal,Barkly,124
2002,Final,Male,40-,Non-Aboriginal,Big Rivers,436
2002,Final,Male,40-,Non-Aboriginal,Central Australia,1128
2002,Final,Male,40-,Non-Aboriginal,East Arnhem,303
2002,Final,Male,40-,Non-Aboriginal,Greater Darwin,4520
2002,Final,Male,40-,Non-Aboriginal,Top End,257
2002,Final,Female,40-,Aboriginal,Barkly,151
2002,Final,Female,40-,Aboriginal,Big Rivers,306
2002,Final,Female,40-,Aboriginal,Central Australia,476
2002,Final,Female,40-,Aboriginal,East Arnhem,278
2002,Final,Female,40-,Aboriginal,Greater Darwin,324
2002,Final,Female,40-,Aboriginal,Top End,279
2002,Final,Female,40-,Non-Aboriginal,Barkly,89
2002,Final,Female,40-,Non-Aboriginal,Big Rivers,332
2002,Final,Female,40-,Non-Aboriginal,Central Australia,1009
2002,Final,Female,40-,Non-Aboriginal,East Arnhem,238
2002,Final,Female,40-,Non-Aboriginal,Greater Darwin,4073
2002,Final,Female,40-,Non-Aboriginal,Top End,169
2002,Final,Male,45-,Aboriginal,Barkly,89
2002,Final,Male,45-,Aboriginal,Big Rivers,193
2002,Final,Male,45-,Aboriginal,Central Australia,260
2002,Final,Male,45-,Aboriginal,East Arnhem,204
2002,Final,Male,45-,Aboriginal,Greater Darwin,284
2002,Final,Male,45-,Aboriginal,Top End,175
2002,Final,Male,45-,Non-Aboriginal,Barkly,121
2002,Final,Male,45-,Non-Aboriginal,Big Rivers,379
2002,Final,Male,45-,Non-Aboriginal,Central Australia,1067
2002,Final,Male,45-,Non-Aboriginal,East Arnhem,295
2002,Final,Male,45-,Non-Aboriginal,Greater Darwin,4008
2002,Final,Male,45-,Non-Aboriginal,Top End,238
2002,Final,Female,45-,Aboriginal,Barkly,116
2002,Final,Female,45-,Aboriginal,Big Rivers,238
2002,Final,Female,45-,Aboriginal,Central Australia,351
2002,Final,Female,45-,Aboriginal,East Arnhem,208
2002,Final,Female,45-,Aboriginal,Greater Darwin,258
2002,Final,Female,45-,Aboriginal,Top End,194
2002,Final,Female,45-,Non-Aboriginal,Barkly,103
2002,Final,Female,45-,Non-Aboriginal,Big Rivers,318
2002,Final,Female,45-,Non-Aboriginal,Central Australia,919
2002,Final,Female,45-,Non-Aboriginal,East Arnhem,209
2002,Final,Female,45-,Non-Aboriginal,Greater Darwin,3641
2002,Final,Female,45-,Non-Aboriginal,Top End,170
2002,Final,Male,5-,Aboriginal,Barkly,313
2002,Final,Male,5-,Aboriginal,Big Rivers,669
2002,Final,Male,5-,Aboriginal,Central Australia,845
2002,Final,Male,5-,Aboriginal,East Arnhem,575
2002,Final,Male,5-,Aboriginal,Greater Darwin,729
2002,Final,Male,5-,Aboriginal,Top End,693
2002,Final,Male,5-,Non-Aboriginal,Barkly,63
2002,Final,Male,5-,Non-Aboriginal,Big Rivers,394
2002,Final,Male,5-,Non-Aboriginal,Central Australia,832
2002,Final,Male,5-,Non-Aboriginal,East Arnhem,232
2002,Final,Male,5-,Non-Aboriginal,Greater Darwin,3516
2002,Final,Male,5-,Non-Aboriginal,Top End,157
2002,Final,Female,5-,Aboriginal,Barkly,331
2002,Final,Female,5-,Aboriginal,Big Rivers,640
2002,Final,Female,5-,Aboriginal,Central Australia,846
2002,Final,Female,5-,Aboriginal,East Arnhem,522
2002,Final,Female,5-,Aboriginal,Greater Darwin,627
2002,Final,Female,5-,Aboriginal,Top End,642
2002,Final,Female,5-,Non-Aboriginal,Barkly,49
2002,Final,Female,5-,Non-Aboriginal,Big Rivers,333
2002,Final,Female,5-,Non-Aboriginal,Central Australia,716
2002,Final,Female,5-,Non-Aboriginal,East Arnhem,220
2002,Final,Female,5-,Non-Aboriginal,Greater Darwin,3353
2002,Final,Female,5-,Non-Aboriginal,Top End,111
2002,Final,Male,50-,Aboriginal,Barkly,77
2002,Final,Male,50-,Aboriginal,Big Rivers,159
2002,Final,Male,50-,Aboriginal,Central Australia,255
2002,Final,Male,50-,Aboriginal,East Arnhem,149
2002,Final,Male,50-,Aboriginal,Greater Darwin,200
2002,Final,Male,50-,Aboriginal,Top End,137
2002,Final,Male,50-,Non-Aboriginal,Barkly,119
2002,Final,Male,50-,Non-Aboriginal,Big Rivers,378
2002,Final,Male,50-,Non-Aboriginal,Central Australia,966
2002,Final,Male,50-,Non-Aboriginal,East Arnhem,264
2002,Final,Male,50-,Non-Aboriginal,Greater Darwin,3783
2002,Final,Male,50-,Non-Aboriginal,Top End,237
2002,Final,Female,50-,Aboriginal,Barkly,112
2002,Final,Female,50-,Aboriginal,Big Rivers,168
2002,Final,Female,50-,Aboriginal,Central Australia,339
2002,Final,Female,50-,Aboriginal,East Arnhem,180
2002,Final,Female,50-,Aboriginal,Greater Darwin,209
2002,Final,Female,50-,Aboriginal,Top End,161
2002,Final,Female,50-,Non-Aboriginal,Barkly,85
2002,Final,Female,50-,Non-Aboriginal,Big Rivers,240
2002,Final,Female,50-,Non-Aboriginal,Central Australia,820
2002,Final,Female,50-,Non-Aboriginal,East Arnhem,158
2002,Final,Female,50-,Non-Aboriginal,Greater Darwin,3114
2002,Final,Female,50-,Non-Aboriginal,Top End,170
2002,Final,Male,55-,Aboriginal,Barkly,54
2002,Final,Male,55-,Aboriginal,Big Rivers,100
2002,Final,Male,55-,Aboriginal,Central Australia,140
2002,Final,Male,55-,Aboriginal,East Arnhem,79
2002,Final,Male,55-,Aboriginal,Greater Darwin,122
2002,Final,Male,55-,Aboriginal,Top End,91
2002,Final,Male,55-,Non-Aboriginal,Barkly,117
2002,Final,Male,55-,Non-Aboriginal,Big Rivers,284
2002,Final,Male,55-,Non-Aboriginal,Central Australia,685
2002,Final,Male,55-,Non-Aboriginal,East Arnhem,173
2002,Final,Male,55-,Non-Aboriginal,Greater Darwin,2816
2002,Final,Male,55-,Non-Aboriginal,Top End,182
2002,Final,Female,55-,Aboriginal,Barkly,60
2002,Final,Female,55-,Aboriginal,Big Rivers,127
2002,Final,Female,55-,Aboriginal,Central Australia,228
2002,Final,Female,55-,Aboriginal,East Arnhem,86
2002,Final,Female,55-,Aboriginal,Greater Darwin,131
2002,Final,Female,55-,Aboriginal,Top End,109
2002,Final,Female,55-,Non-Aboriginal,Barkly,85
2002,Final,Female,55-,Non-Aboriginal,Big Rivers,173
2002,Final,Female,55-,Non-Aboriginal,Central Australia,474
2002,Final,Female,55-,Non-Aboriginal,East Arnhem,78
2002,Final,Female,55-,Non-Aboriginal,Greater Darwin,2075
2002,Final,Female,55-,Non-Aboriginal,Top End,113
2002,Final,Male,60-,Aboriginal,Barkly,44
2002,Final,Male,60-,Aboriginal,Big Rivers,82
2002,Final,Male,60-,Aboriginal,Central Australia,115
2002,Final,Male,60-,Aboriginal,East Arnhem,68
2002,Final,Male,60-,Aboriginal,Greater Darwin,69
2002,Final,Male,60-,Aboriginal,Top End,75
2002,Final,Male,60-,Non-Aboriginal,Barkly,83
2002,Final,Male,60-,Non-Aboriginal,Big Rivers,213
2002,Final,Male,60-,Non-Aboriginal,Central Australia,419
2002,Final,Male,60-,Non-Aboriginal,East Arnhem,80
2002,Final,Male,60-,Non-Aboriginal,Greater Darwin,1938
2002,Final,Male,60-,Non-Aboriginal,Top End,146
2002,Final,Female,60-,Aboriginal,Barkly,56
2002,Final,Female,60-,Aboriginal,Big Rivers,76
2002,Final,Female,60-,Aboriginal,Central Australia,191
2002,Final,Female,60-,Aboriginal,East Arnhem,100
2002,Final,Female,60-,Aboriginal,Greater Darwin,86
2002,Final,Female,60-,Aboriginal,Top End,74
2002,Final,Female,60-,Non-Aboriginal,Barkly,34
2002,Final,Female,60-,Non-Aboriginal,Big Rivers,105
2002,Final,Female,60-,Non-Aboriginal,Central Australia,311
2002,Final,Female,60-,Non-Aboriginal,East Arnhem,20
2002,Final,Female,60-,Non-Aboriginal,Greater Darwin,1220
2002,Final,Female,60-,Non-Aboriginal,Top End,74
2002,Final,Male,65-,Aboriginal,Barkly,25
2002,Final,Male,65-,Aboriginal,Big Rivers,42
2002,Final,Male,65-,Aboriginal,Central Australia,67
2002,Final,Male,65-,Aboriginal,East Arnhem,27
2002,Final,Male,65-,Aboriginal,Greater Darwin,40
2002,Final,Male,65-,Aboriginal,Top End,35
2002,Final,Male,65-,Non-Aboriginal,Barkly,40
2002,Final,Male,65-,Non-Aboriginal,Big Rivers,108
2002,Final,Male,65-,Non-Aboriginal,Central Australia,226
2002,Final,Male,65-,Non-Aboriginal,East Arnhem,17
2002,Final,Male,65-,Non-Aboriginal,Greater Darwin,1039
2002,Final,Male,65-,Non-Aboriginal,Top End,71
2002,Final,Female,65-,Aboriginal,Barkly,31
2002,Final,Female,65-,Aboriginal,Big Rivers,62
2002,Final,Female,65-,Aboriginal,Central Australia,96
2002,Final,Female,65-,Aboriginal,East Arnhem,38
2002,Final,Female,65-,Aboriginal,Greater Darwin,61
2002,Final,Female,65-,Aboriginal,Top End,43
2002,Final,Female,65-,Non-Aboriginal,Barkly,24
2002,Final,Female,65-,Non-Aboriginal,Big Rivers,75
2002,Final,Female,65-,Non-Aboriginal,Central Australia,171
2002,Final,Female,65-,Non-Aboriginal,East Arnhem,7
2002,Final,Female,65-,Non-Aboriginal,Greater Darwin,731
2002,Final,Female,65-,Non-Aboriginal,Top End,37
2002,Final,Male,70-,Aboriginal,Barkly,24
2002,Final,Male,70-,Aboriginal,Big Rivers,41
2002,Final,Male,70-,Aboriginal,Central Australia,42
2002,Final,Male,70-,Aboriginal,East Arnhem,17
2002,Final,Male,70-,Aboriginal,Greater Darwin,40
2002,Final,Male,70-,Aboriginal,Top End,30
2002,Final,Male,70-,Non-Aboriginal,Barkly,26
2002,Final,Male,70-,Non-Aboriginal,Big Rivers,89
2002,Final,Male,70-,Non-Aboriginal,Central Australia,137
2002,Final,Male,70-,Non-Aboriginal,East Arnhem,5
2002,Final,Male,70-,Non-Aboriginal,Greater Darwin,748
2002,Final,Male,70-,Non-Aboriginal,Top End,31
2002,Final,Female,70-,Aboriginal,Barkly,35
2002,Final,Female,70-,Aboriginal,Big Rivers,52
2002,Final,Female,70-,Aboriginal,Central Australia,105
2002,Final,Female,70-,Aboriginal,East Arnhem,27
2002,Final,Female,70-,Aboriginal,Greater Darwin,45
2002,Final,Female,70-,Aboriginal,Top End,34
2002,Final,Female,70-,Non-Aboriginal,Barkly,8
2002,Final,Female,70-,Non-Aboriginal,Big Rivers,37
2002,Final,Female,70-,Non-Aboriginal,Central Australia,88
2002,Final,Female,70-,Non-Aboriginal,East Arnhem,0
2002,Final,Female,70-,Non-Aboriginal,Greater Darwin,523
2002,Final,Female,70-,Non-Aboriginal,Top End,22
2002,Final,Male,75-,Aboriginal,Barkly,12
2002,Final,Male,75-,Aboriginal,Big Rivers,22
2002,Final,Male,75-,Aboriginal,Central Australia,41
2002,Final,Male,75-,Aboriginal,East Arnhem,7
2002,Final,Male,75-,Aboriginal,Greater Darwin,11
2002,Final,Male,75-,Aboriginal,Top End,13
2002,Final,Male,75-,Non-Aboriginal,Barkly,16
2002,Final,Male,75-,Non-Aboriginal,Big Rivers,40
2002,Final,Male,75-,Non-Aboriginal,Central Australia,99
2002,Final,Male,75-,Non-Aboriginal,East Arnhem,1
2002,Final,Male,75-,Non-Aboriginal,Greater Darwin,389
2002,Final,Male,75-,Non-Aboriginal,Top End,16
2002,Final,Female,75-,Aboriginal,Barkly,16
2002,Final,Female,75-,Aboriginal,Big Rivers,17
2002,Final,Female,75-,Aboriginal,Central Australia,51
2002,Final,Female,75-,Aboriginal,East Arnhem,15
2002,Final,Female,75-,Aboriginal,Greater Darwin,27
2002,Final,Female,75-,Aboriginal,Top End,25
2002,Final,Female,75-,Non-Aboriginal,Barkly,6
2002,Final,Female,75-,Non-Aboriginal,Big Rivers,22
2002,Final,Female,75-,Non-Aboriginal,Central Australia,105
2002,Final,Female,75-,Non-Aboriginal,East Arnhem,1
2002,Final,Female,75-,Non-Aboriginal,Greater Darwin,334
2002,Final,Female,75-,Non-Aboriginal,Top End,11
2002,Final,Male,80-,Aboriginal,Barkly,7
2002,Final,Male,80-,Aboriginal,Big Rivers,10
2002,Final,Male,80-,Aboriginal,Central Australia,24
2002,Final,Male,80-,Aboriginal,East Arnhem,5
2002,Final,Male,80-,Aboriginal,Greater Darwin,3
2002,Final,Male,80-,Aboriginal,Top End,4
2002,Final,Male,80-,Non-Aboriginal,Barkly,4
2002,Final,Male,80-,Non-Aboriginal,Big Rivers,21
2002,Final,Male,80-,Non-Aboriginal,Central Australia,34
2002,Final,Male,80-,Non-Aboriginal,East Arnhem,0
2002,Final,Male,80-,Non-Aboriginal,Greater Darwin,163
2002,Final,Male,80-,Non-Aboriginal,Top End,6
2002,Final,Female,80-,Aboriginal,Barkly,6
2002,Final,Female,80-,Aboriginal,Big Rivers,13
2002,Final,Female,80-,Aboriginal,Central Australia,33
2002,Final,Female,80-,Aboriginal,East Arnhem,6
2002,Final,Female,80-,Aboriginal,Greater Darwin,18
2002,Final,Female,80-,Aboriginal,Top End,15
2002,Final,Female,80-,Non-Aboriginal,Barkly,5
2002,Final,Female,80-,Non-Aboriginal,Big Rivers,18
2002,Final,Female,80-,Non-Aboriginal,Central Australia,71
2002,Final,Female,80-,Non-Aboriginal,East Arnhem,4
2002,Final,Female,80-,Non-Aboriginal,Greater Darwin,220
2002,Final,Female,80-,Non-Aboriginal,Top End,6
2002,Final,Male,85+,Aboriginal,Barkly,2
2002,Final,Male,85+,Aboriginal,Big Rivers,13
2002,Final,Male,85+,Aboriginal,Central Australia,11
2002,Final,Male,85+,Aboriginal,East Arnhem,6
2002,Final,Male,85+,Aboriginal,Greater Darwin,5
2002,Final,Male,85+,Aboriginal,Top End,12
2002,Final,Male,85+,Non-Aboriginal,Barkly,3
2002,Final,Male,85+,Non-Aboriginal,Big Rivers,20
2002,Final,Male,85+,Non-Aboriginal,Central Australia,22
2002,Final,Male,85+,Non-Aboriginal,East Arnhem,1
2002,Final,Male,85+,Non-Aboriginal,Greater Darwin,117
2002,Final,Male,85+,Non-Aboriginal,Top End,8
2002,Final,Female,85+,Aboriginal,Barkly,9
2002,Final,Female,85+,Aboriginal,Big Rivers,19
2002,Final,Female,85+,Aboriginal,Central Australia,27
2002,Final,Female,85+,Aboriginal,East Arnhem,9
2002,Final,Female,85+,Aboriginal,Greater Darwin,3
2002,Final,Female,85+,Aboriginal,Top End,12
2002,Final,Female,85+,Non-Aboriginal,Barkly,3
2002,Final,Female,85+,Non-Aboriginal,Big Rivers,10
2002,Final,Female,85+,Non-Aboriginal,Central Australia,57
2002,Final,Female,85+,Non-Aboriginal,East Arnhem,2
2002,Final,Female,85+,Non-Aboriginal,Greater Darwin,155
2002,Final,Female,85+,Non-Aboriginal,Top End,5
2003,Final,Male,0-,Aboriginal,Barkly,328
2003,Final,Male,0-,Aboriginal,Big Rivers,699
2003,Final,Male,0-,Aboriginal,Central Australia,884
2003,Final,Male,0-,Aboriginal,East Arnhem,557
2003,Final,Male,0-,Aboriginal,Greater Darwin,743
2003,Final,Male,0-,Aboriginal,Top End,694
2003,Final,Male,0-,Non-Aboriginal,Barkly,71
2003,Final,Male,0-,Non-Aboriginal,Big Rivers,356
2003,Final,Male,0-,Non-Aboriginal,Central Australia,722
2003,Final,Male,0-,Non-Aboriginal,East Arnhem,219
2003,Final,Male,0-,Non-Aboriginal,Greater Darwin,3712
2003,Final,Male,0-,Non-Aboriginal,Top End,124
2003,Final,Female,0-,Aboriginal,Barkly,309
2003,Final,Female,0-,Aboriginal,Big Rivers,675
2003,Final,Female,0-,Aboriginal,Central Australia,923
2003,Final,Female,0-,Aboriginal,East Arnhem,488
2003,Final,Female,0-,Aboriginal,Greater Darwin,636
2003,Final,Female,0-,Aboriginal,Top End,652
2003,Final,Female,0-,Non-Aboriginal,Barkly,51
2003,Final,Female,0-,Non-Aboriginal,Big Rivers,325
2003,Final,Female,0-,Non-Aboriginal,Central Australia,687
2003,Final,Female,0-,Non-Aboriginal,East Arnhem,207
2003,Final,Female,0-,Non-Aboriginal,Greater Darwin,3556
2003,Final,Female,0-,Non-Aboriginal,Top End,111
2003,Final,Male,10-,Aboriginal,Barkly,298
2003,Final,Male,10-,Aboriginal,Big Rivers,607
2003,Final,Male,10-,Aboriginal,Central Australia,786
2003,Final,Male,10-,Aboriginal,East Arnhem,456
2003,Final,Male,10-,Aboriginal,Greater Darwin,790
2003,Final,Male,10-,Aboriginal,Top End,618
2003,Final,Male,10-,Non-Aboriginal,Barkly,54
2003,Final,Male,10-,Non-Aboriginal,Big Rivers,325
2003,Final,Male,10-,Non-Aboriginal,Central Australia,805
2003,Final,Male,10-,Non-Aboriginal,East Arnhem,206
2003,Final,Male,10-,Non-Aboriginal,Greater Darwin,3484
2003,Final,Male,10-,Non-Aboriginal,Top End,138
2003,Final,Female,10-,Aboriginal,Barkly,284
2003,Final,Female,10-,Aboriginal,Big Rivers,579
2003,Final,Female,10-,Aboriginal,Central Australia,840
2003,Final,Female,10-,Aboriginal,East Arnhem,464
2003,Final,Female,10-,Aboriginal,Greater Darwin,649
2003,Final,Female,10-,Aboriginal,Top End,578
2003,Final,Female,10-,Non-Aboriginal,Barkly,44
2003,Final,Female,10-,Non-Aboriginal,Big Rivers,302
2003,Final,Female,10-,Non-Aboriginal,Central Australia,731
2003,Final,Female,10-,Non-Aboriginal,East Arnhem,177
2003,Final,Female,10-,Non-Aboriginal,Greater Darwin,3222
2003,Final,Female,10-,Non-Aboriginal,Top End,96
2003,Final,Male,15-,Aboriginal,Barkly,247
2003,Final,Male,15-,Aboriginal,Big Rivers,520
2003,Final,Male,15-,Aboriginal,Central Australia,684
2003,Final,Male,15-,Aboriginal,East Arnhem,442
2003,Final,Male,15-,Aboriginal,Greater Darwin,610
2003,Final,Male,15-,Aboriginal,Top End,498
2003,Final,Male,15-,Non-Aboriginal,Barkly,98
2003,Final,Male,15-,Non-Aboriginal,Big Rivers,257
2003,Final,Male,15-,Non-Aboriginal,Central Australia,704
2003,Final,Male,15-,Non-Aboriginal,East Arnhem,136
2003,Final,Male,15-,Non-Aboriginal,Greater Darwin,3191
2003,Final,Male,15-,Non-Aboriginal,Top End,91
2003,Final,Female,15-,Aboriginal,Barkly,266
2003,Final,Female,15-,Aboriginal,Big Rivers,539
2003,Final,Female,15-,Aboriginal,Central Australia,752
2003,Final,Female,15-,Aboriginal,East Arnhem,471
2003,Final,Female,15-,Aboriginal,Greater Darwin,559
2003,Final,Female,15-,Aboriginal,Top End,557
2003,Final,Female,15-,Non-Aboriginal,Barkly,66
2003,Final,Female,15-,Non-Aboriginal,Big Rivers,210
2003,Final,Female,15-,Non-Aboriginal,Central Australia,691
2003,Final,Female,15-,Non-Aboriginal,East Arnhem,104
2003,Final,Female,15-,Non-Aboriginal,Greater Darwin,3005
2003,Final,Female,15-,Non-Aboriginal,Top End,46
2003,Final,Male,20-,Aboriginal,Barkly,253
2003,Final,Male,20-,Aboriginal,Big Rivers,462
2003,Final,Male,20-,Aboriginal,Central Australia,647
2003,Final,Male,20-,Aboriginal,East Arnhem,411
2003,Final,Male,20-,Aboriginal,Greater Darwin,466
2003,Final,Male,20-,Aboriginal,Top End,504
2003,Final,Male,20-,Non-Aboriginal,Barkly,113
2003,Final,Male,20-,Non-Aboriginal,Big Rivers,385
2003,Final,Male,20-,Non-Aboriginal,Central Australia,856
2003,Final,Male,20-,Non-Aboriginal,East Arnhem,160
2003,Final,Male,20-,Non-Aboriginal,Greater Darwin,4025
2003,Final,Male,20-,Non-Aboriginal,Top End,123
2003,Final,Female,20-,Aboriginal,Barkly,209
2003,Final,Female,20-,Aboriginal,Big Rivers,476
2003,Final,Female,20-,Aboriginal,Central Australia,736
2003,Final,Female,20-,Aboriginal,East Arnhem,427
2003,Final,Female,20-,Aboriginal,Greater Darwin,405
2003,Final,Female,20-,Aboriginal,Top End,516
2003,Final,Female,20-,Non-Aboriginal,Barkly,108
2003,Final,Female,20-,Non-Aboriginal,Big Rivers,297
2003,Final,Female,20-,Non-Aboriginal,Central Australia,890
2003,Final,Female,20-,Non-Aboriginal,East Arnhem,116
2003,Final,Female,20-,Non-Aboriginal,Greater Darwin,3375
2003,Final,Female,20-,Non-Aboriginal,Top End,135
2003,Final,Male,25-,Aboriginal,Barkly,213
2003,Final,Male,25-,Aboriginal,Big Rivers,403
2003,Final,Male,25-,Aboriginal,Central Australia,602
2003,Final,Male,25-,Aboriginal,East Arnhem,395
2003,Final,Male,25-,Aboriginal,Greater Darwin,442
2003,Final,Male,25-,Aboriginal,Top End,438
2003,Final,Male,25-,Non-Aboriginal,Barkly,102
2003,Final,Male,25-,Non-Aboriginal,Big Rivers,452
2003,Final,Male,25-,Non-Aboriginal,Central Australia,1046
2003,Final,Male,25-,Non-Aboriginal,East Arnhem,224
2003,Final,Male,25-,Non-Aboriginal,Greater Darwin,4521
2003,Final,Male,25-,Non-Aboriginal,Top End,199
2003,Final,Female,25-,Aboriginal,Barkly,220
2003,Final,Female,25-,Aboriginal,Big Rivers,436
2003,Final,Female,25-,Aboriginal,Central Australia,672
2003,Final,Female,25-,Aboriginal,East Arnhem,416
2003,Final,Female,25-,Aboriginal,Greater Darwin,387
2003,Final,Female,25-,Aboriginal,Top End,412
2003,Final,Female,25-,Non-Aboriginal,Barkly,98
2003,Final,Female,25-,Non-Aboriginal,Big Rivers,391
2003,Final,Female,25-,Non-Aboriginal,Central Australia,995
2003,Final,Female,25-,Non-Aboriginal,East Arnhem,195
2003,Final,Female,25-,Non-Aboriginal,Greater Darwin,4089
2003,Final,Female,25-,Non-Aboriginal,Top End,179
2003,Final,Male,30-,Aboriginal,Barkly,214
2003,Final,Male,30-,Aboriginal,Big Rivers,374
2003,Final,Male,30-,Aboriginal,Central Australia,601
2003,Final,Male,30-,Aboriginal,East Arnhem,364
2003,Final,Male,30-,Aboriginal,Greater Darwin,494
2003,Final,Male,30-,Aboriginal,Top End,384
2003,Final,Male,30-,Non-Aboriginal,Barkly,111
2003,Final,Male,30-,Non-Aboriginal,Big Rivers,509
2003,Final,Male,30-,Non-Aboriginal,Central Australia,1077
2003,Final,Male,30-,Non-Aboriginal,East Arnhem,288
2003,Final,Male,30-,Non-Aboriginal,Greater Darwin,4780
2003,Final,Male,30-,Non-Aboriginal,Top End,229
2003,Final,Female,30-,Aboriginal,Barkly,225
2003,Final,Female,30-,Aboriginal,Big Rivers,415
2003,Final,Female,30-,Aboriginal,Central Australia,699
2003,Final,Female,30-,Aboriginal,East Arnhem,409
2003,Final,Female,30-,Aboriginal,Greater Darwin,444
2003,Final,Female,30-,Aboriginal,Top End,394
2003,Final,Female,30-,Non-Aboriginal,Barkly,90
2003,Final,Female,30-,Non-Aboriginal,Big Rivers,448
2003,Final,Female,30-,Non-Aboriginal,Central Australia,1093
2003,Final,Female,30-,Non-Aboriginal,East Arnhem,290
2003,Final,Female,30-,Non-Aboriginal,Greater Darwin,4530
2003,Final,Female,30-,Non-Aboriginal,Top End,203
2003,Final,Male,35-,Aboriginal,Barkly,143
2003,Final,Male,35-,Aboriginal,Big Rivers,348
2003,Final,Male,35-,Aboriginal,Central Australia,506
2003,Final,Male,35-,Aboriginal,East Arnhem,306
2003,Final,Male,35-,Aboriginal,Greater Darwin,413
2003,Final,Male,35-,Aboriginal,Top End,349
2003,Final,Male,35-,Non-Aboriginal,Barkly,92
2003,Final,Male,35-,Non-Aboriginal,Big Rivers,461
2003,Final,Male,35-,Non-Aboriginal,Central Australia,1138
2003,Final,Male,35-,Non-Aboriginal,East Arnhem,329
2003,Final,Male,35-,Non-Aboriginal,Greater Darwin,4528
2003,Final,Male,35-,Non-Aboriginal,Top End,231
2003,Final,Female,35-,Aboriginal,Barkly,159
2003,Final,Female,35-,Aboriginal,Big Rivers,409
2003,Final,Female,35-,Aboriginal,Central Australia,532
2003,Final,Female,35-,Aboriginal,East Arnhem,317
2003,Final,Female,35-,Aboriginal,Greater Darwin,384
2003,Final,Female,35-,Aboriginal,Top End,333
2003,Final,Female,35-,Non-Aboriginal,Barkly,81
2003,Final,Female,35-,Non-Aboriginal,Big Rivers,345
2003,Final,Female,35-,Non-Aboriginal,Central Australia,995
2003,Final,Female,35-,Non-Aboriginal,East Arnhem,237
2003,Final,Female,35-,Non-Aboriginal,Greater Darwin,4106
2003,Final,Female,35-,Non-Aboriginal,Top End,200
2003,Final,Male,40-,Aboriginal,Barkly,144
2003,Final,Male,40-,Aboriginal,Big Rivers,293
2003,Final,Male,40-,Aboriginal,Central Australia,413
2003,Final,Male,40-,Aboriginal,East Arnhem,258
2003,Final,Male,40-,Aboriginal,Greater Darwin,369
2003,Final,Male,40-,Aboriginal,Top End,276
2003,Final,Male,40-,Non-Aboriginal,Barkly,119
2003,Final,Male,40-,Non-Aboriginal,Big Rivers,429
2003,Final,Male,40-,Non-Aboriginal,Central Australia,1140
2003,Final,Male,40-,Non-Aboriginal,East Arnhem,305
2003,Final,Male,40-,Non-Aboriginal,Greater Darwin,4559
2003,Final,Male,40-,Non-Aboriginal,Top End,258
2003,Final,Female,40-,Aboriginal,Barkly,155
2003,Final,Female,40-,Aboriginal,Big Rivers,313
2003,Final,Female,40-,Aboriginal,Central Australia,474
2003,Final,Female,40-,Aboriginal,East Arnhem,286
2003,Final,Female,40-,Aboriginal,Greater Darwin,337
2003,Final,Female,40-,Aboriginal,Top End,281
2003,Final,Female,40-,Non-Aboriginal,Barkly,82
2003,Final,Female,40-,Non-Aboriginal,Big Rivers,333
2003,Final,Female,40-,Non-Aboriginal,Central Australia,1018
2003,Final,Female,40-,Non-Aboriginal,East Arnhem,243
2003,Final,Female,40-,Non-Aboriginal,Greater Darwin,4074
2003,Final,Female,40-,Non-Aboriginal,Top End,171
2003,Final,Male,45-,Aboriginal,Barkly,90
2003,Final,Male,45-,Aboriginal,Big Rivers,201
2003,Final,Male,45-,Aboriginal,Central Australia,266
2003,Final,Male,45-,Aboriginal,East Arnhem,212
2003,Final,Male,45-,Aboriginal,Greater Darwin,297
2003,Final,Male,45-,Aboriginal,Top End,180
2003,Final,Male,45-,Non-Aboriginal,Barkly,113
2003,Final,Male,45-,Non-Aboriginal,Big Rivers,365
2003,Final,Male,45-,Non-Aboriginal,Central Australia,1063
2003,Final,Male,45-,Non-Aboriginal,East Arnhem,295
2003,Final,Male,45-,Non-Aboriginal,Greater Darwin,3983
2003,Final,Male,45-,Non-Aboriginal,Top End,239
2003,Final,Female,45-,Aboriginal,Barkly,121
2003,Final,Female,45-,Aboriginal,Big Rivers,253
2003,Final,Female,45-,Aboriginal,Central Australia,366
2003,Final,Female,45-,Aboriginal,East Arnhem,218
2003,Final,Female,45-,Aboriginal,Greater Darwin,269
2003,Final,Female,45-,Aboriginal,Top End,200
2003,Final,Female,45-,Non-Aboriginal,Barkly,100
2003,Final,Female,45-,Non-Aboriginal,Big Rivers,324
2003,Final,Female,45-,Non-Aboriginal,Central Australia,945
2003,Final,Female,45-,Non-Aboriginal,East Arnhem,217
2003,Final,Female,45-,Non-Aboriginal,Greater Darwin,3702
2003,Final,Female,45-,Non-Aboriginal,Top End,174
2003,Final,Male,5-,Aboriginal,Barkly,299
2003,Final,Male,5-,Aboriginal,Big Rivers,670
2003,Final,Male,5-,Aboriginal,Central Australia,838
2003,Final,Male,5-,Aboriginal,East Arnhem,583
2003,Final,Male,5-,Aboriginal,Greater Darwin,753
2003,Final,Male,5-,Aboriginal,Top End,687
2003,Final,Male,5-,Non-Aboriginal,Barkly,59
2003,Final,Male,5-,Non-Aboriginal,Big Rivers,375
2003,Final,Male,5-,Non-Aboriginal,Central Australia,815
2003,Final,Male,5-,Non-Aboriginal,East Arnhem,230
2003,Final,Male,5-,Non-Aboriginal,Greater Darwin,3491
2003,Final,Male,5-,Non-Aboriginal,Top End,160
2003,Final,Female,5-,Aboriginal,Barkly,319
2003,Final,Female,5-,Aboriginal,Big Rivers,633
2003,Final,Female,5-,Aboriginal,Central Australia,822
2003,Final,Female,5-,Aboriginal,East Arnhem,511
2003,Final,Female,5-,Aboriginal,Greater Darwin,639
2003,Final,Female,5-,Aboriginal,Top End,626
2003,Final,Female,5-,Non-Aboriginal,Barkly,41
2003,Final,Female,5-,Non-Aboriginal,Big Rivers,316
2003,Final,Female,5-,Non-Aboriginal,Central Australia,686
2003,Final,Female,5-,Non-Aboriginal,East Arnhem,217
2003,Final,Female,5-,Non-Aboriginal,Greater Darwin,3272
2003,Final,Female,5-,Non-Aboriginal,Top End,106
2003,Final,Male,50-,Aboriginal,Barkly,77
2003,Final,Male,50-,Aboriginal,Big Rivers,165
2003,Final,Male,50-,Aboriginal,Central Australia,260
2003,Final,Male,50-,Aboriginal,East Arnhem,152
2003,Final,Male,50-,Aboriginal,Greater Darwin,215
2003,Final,Male,50-,Aboriginal,Top End,140
2003,Final,Male,50-,Non-Aboriginal,Barkly,115
2003,Final,Male,50-,Non-Aboriginal,Big Rivers,376
2003,Final,Male,50-,Non-Aboriginal,Central Australia,987
2003,Final,Male,50-,Non-Aboriginal,East Arnhem,265
2003,Final,Male,50-,Non-Aboriginal,Greater Darwin,3812
2003,Final,Male,50-,Non-Aboriginal,Top End,235
2003,Final,Female,50-,Aboriginal,Barkly,113
2003,Final,Female,50-,Aboriginal,Big Rivers,166
2003,Final,Female,50-,Aboriginal,Central Australia,339
2003,Final,Female,50-,Aboriginal,East Arnhem,183
2003,Final,Female,50-,Aboriginal,Greater Darwin,219
2003,Final,Female,50-,Aboriginal,Top End,162
2003,Final,Female,50-,Non-Aboriginal,Barkly,86
2003,Final,Female,50-,Non-Aboriginal,Big Rivers,246
2003,Final,Female,50-,Non-Aboriginal,Central Australia,838
2003,Final,Female,50-,Non-Aboriginal,East Arnhem,162
2003,Final,Female,50-,Non-Aboriginal,Greater Darwin,3152
2003,Final,Female,50-,Non-Aboriginal,Top End,180
2003,Final,Male,55-,Aboriginal,Barkly,58
2003,Final,Male,55-,Aboriginal,Big Rivers,105
2003,Final,Male,55-,Aboriginal,Central Australia,140
2003,Final,Male,55-,Aboriginal,East Arnhem,84
2003,Final,Male,55-,Aboriginal,Greater Darwin,137
2003,Final,Male,55-,Aboriginal,Top End,97
2003,Final,Male,55-,Non-Aboriginal,Barkly,119
2003,Final,Male,55-,Non-Aboriginal,Big Rivers,304
2003,Final,Male,55-,Non-Aboriginal,Central Australia,726
2003,Final,Male,55-,Non-Aboriginal,East Arnhem,189
2003,Final,Male,55-,Non-Aboriginal,Greater Darwin,3018
2003,Final,Male,55-,Non-Aboriginal,Top End,198
2003,Final,Female,55-,Aboriginal,Barkly,61
2003,Final,Female,55-,Aboriginal,Big Rivers,132
2003,Final,Female,55-,Aboriginal,Central Australia,235
2003,Final,Female,55-,Aboriginal,East Arnhem,86
2003,Final,Female,55-,Aboriginal,Greater Darwin,147
2003,Final,Female,55-,Aboriginal,Top End,115
2003,Final,Female,55-,Non-Aboriginal,Barkly,88
2003,Final,Female,55-,Non-Aboriginal,Big Rivers,191
2003,Final,Female,55-,Non-Aboriginal,Central Australia,515
2003,Final,Female,55-,Non-Aboriginal,East Arnhem,92
2003,Final,Female,55-,Non-Aboriginal,Greater Darwin,2255
2003,Final,Female,55-,Non-Aboriginal,Top End,124
2003,Final,Male,60-,Aboriginal,Barkly,45
2003,Final,Male,60-,Aboriginal,Big Rivers,85
2003,Final,Male,60-,Aboriginal,Central Australia,112
2003,Final,Male,60-,Aboriginal,East Arnhem,70
2003,Final,Male,60-,Aboriginal,Greater Darwin,70
2003,Final,Male,60-,Aboriginal,Top End,76
2003,Final,Male,60-,Non-Aboriginal,Barkly,80
2003,Final,Male,60-,Non-Aboriginal,Big Rivers,217
2003,Final,Male,60-,Non-Aboriginal,Central Australia,438
2003,Final,Male,60-,Non-Aboriginal,East Arnhem,84
2003,Final,Male,60-,Non-Aboriginal,Greater Darwin,2011
2003,Final,Male,60-,Non-Aboriginal,Top End,150
2003,Final,Female,60-,Aboriginal,Barkly,55
2003,Final,Female,60-,Aboriginal,Big Rivers,78
2003,Final,Female,60-,Aboriginal,Central Australia,194
2003,Final,Female,60-,Aboriginal,East Arnhem,104
2003,Final,Female,60-,Aboriginal,Greater Darwin,93
2003,Final,Female,60-,Aboriginal,Top End,75
2003,Final,Female,60-,Non-Aboriginal,Barkly,35
2003,Final,Female,60-,Non-Aboriginal,Big Rivers,114
2003,Final,Female,60-,Non-Aboriginal,Central Australia,330
2003,Final,Female,60-,Non-Aboriginal,East Arnhem,23
2003,Final,Female,60-,Non-Aboriginal,Greater Darwin,1311
2003,Final,Female,60-,Non-Aboriginal,Top End,81
2003,Final,Male,65-,Aboriginal,Barkly,25
2003,Final,Male,65-,Aboriginal,Big Rivers,44
2003,Final,Male,65-,Aboriginal,Central Australia,66
2003,Final,Male,65-,Aboriginal,East Arnhem,30
2003,Final,Male,65-,Aboriginal,Greater Darwin,44
2003,Final,Male,65-,Aboriginal,Top End,38
2003,Final,Male,65-,Non-Aboriginal,Barkly,44
2003,Final,Male,65-,Non-Aboriginal,Big Rivers,117
2003,Final,Male,65-,Non-Aboriginal,Central Australia,240
2003,Final,Male,65-,Non-Aboriginal,East Arnhem,20
2003,Final,Male,65-,Non-Aboriginal,Greater Darwin,1113
2003,Final,Male,65-,Non-Aboriginal,Top End,78
2003,Final,Female,65-,Aboriginal,Barkly,32
2003,Final,Female,65-,Aboriginal,Big Rivers,65
2003,Final,Female,65-,Aboriginal,Central Australia,96
2003,Final,Female,65-,Aboriginal,East Arnhem,40
2003,Final,Female,65-,Aboriginal,Greater Darwin,64
2003,Final,Female,65-,Aboriginal,Top End,44
2003,Final,Female,65-,Non-Aboriginal,Barkly,25
2003,Final,Female,65-,Non-Aboriginal,Big Rivers,80
2003,Final,Female,65-,Non-Aboriginal,Central Australia,178
2003,Final,Female,65-,Non-Aboriginal,East Arnhem,8
2003,Final,Female,65-,Non-Aboriginal,Greater Darwin,760
2003,Final,Female,65-,Non-Aboriginal,Top End,38
2003,Final,Male,70-,Aboriginal,Barkly,21
2003,Final,Male,70-,Aboriginal,Big Rivers,39
2003,Final,Male,70-,Aboriginal,Central Australia,36
2003,Final,Male,70-,Aboriginal,East Arnhem,15
2003,Final,Male,70-,Aboriginal,Greater Darwin,39
2003,Final,Male,70-,Aboriginal,Top End,30
2003,Final,Male,70-,Non-Aboriginal,Barkly,23
2003,Final,Male,70-,Non-Aboriginal,Big Rivers,84
2003,Final,Male,70-,Non-Aboriginal,Central Australia,133
2003,Final,Male,70-,Non-Aboriginal,East Arnhem,6
2003,Final,Male,70-,Non-Aboriginal,Greater Darwin,725
2003,Final,Male,70-,Non-Aboriginal,Top End,30
2003,Final,Female,70-,Aboriginal,Barkly,34
2003,Final,Female,70-,Aboriginal,Big Rivers,51
2003,Final,Female,70-,Aboriginal,Central Australia,107
2003,Final,Female,70-,Aboriginal,East Arnhem,27
2003,Final,Female,70-,Aboriginal,Greater Darwin,44
2003,Final,Female,70-,Aboriginal,Top End,32
2003,Final,Female,70-,Non-Aboriginal,Barkly,8
2003,Final,Female,70-,Non-Aboriginal,Big Rivers,36
2003,Final,Female,70-,Non-Aboriginal,Central Australia,88
2003,Final,Female,70-,Non-Aboriginal,East Arnhem,0
2003,Final,Female,70-,Non-Aboriginal,Greater Darwin,512
2003,Final,Female,70-,Non-Aboriginal,Top End,21
2003,Final,Male,75-,Aboriginal,Barkly,11
2003,Final,Male,75-,Aboriginal,Big Rivers,22
2003,Final,Male,75-,Aboriginal,Central Australia,40
2003,Final,Male,75-,Aboriginal,East Arnhem,6
2003,Final,Male,75-,Aboriginal,Greater Darwin,12
2003,Final,Male,75-,Aboriginal,Top End,14
2003,Final,Male,75-,Non-Aboriginal,Barkly,16
2003,Final,Male,75-,Non-Aboriginal,Big Rivers,40
2003,Final,Male,75-,Non-Aboriginal,Central Australia,106
2003,Final,Male,75-,Non-Aboriginal,East Arnhem,1
2003,Final,Male,75-,Non-Aboriginal,Greater Darwin,421
2003,Final,Male,75-,Non-Aboriginal,Top End,18
2003,Final,Female,75-,Aboriginal,Barkly,16
2003,Final,Female,75-,Aboriginal,Big Rivers,17
2003,Final,Female,75-,Aboriginal,Central Australia,50
2003,Final,Female,75-,Aboriginal,East Arnhem,17
2003,Final,Female,75-,Aboriginal,Greater Darwin,29
2003,Final,Female,75-,Aboriginal,Top End,27
2003,Final,Female,75-,Non-Aboriginal,Barkly,5
2003,Final,Female,75-,Non-Aboriginal,Big Rivers,22
2003,Final,Female,75-,Non-Aboriginal,Central Australia,110
2003,Final,Female,75-,Non-Aboriginal,East Arnhem,2
2003,Final,Female,75-,Non-Aboriginal,Greater Darwin,354
2003,Final,Female,75-,Non-Aboriginal,Top End,13
2003,Final,Male,80-,Aboriginal,Barkly,8
2003,Final,Male,80-,Aboriginal,Big Rivers,9
2003,Final,Male,80-,Aboriginal,Central Australia,25
2003,Final,Male,80-,Aboriginal,East Arnhem,6
2003,Final,Male,80-,Aboriginal,Greater Darwin,3
2003,Final,Male,80-,Aboriginal,Top End,3
2003,Final,Male,80-,Non-Aboriginal,Barkly,4
2003,Final,Male,80-,Non-Aboriginal,Big Rivers,22
2003,Final,Male,80-,Non-Aboriginal,Central Australia,36
2003,Final,Male,80-,Non-Aboriginal,East Arnhem,1
2003,Final,Male,80-,Non-Aboriginal,Greater Darwin,178
2003,Final,Male,80-,Non-Aboriginal,Top End,7
2003,Final,Female,80-,Aboriginal,Barkly,5
2003,Final,Female,80-,Aboriginal,Big Rivers,14
2003,Final,Female,80-,Aboriginal,Central Australia,36
2003,Final,Female,80-,Aboriginal,East Arnhem,8
2003,Final,Female,80-,Aboriginal,Greater Darwin,19
2003,Final,Female,80-,Aboriginal,Top End,14
2003,Final,Female,80-,Non-Aboriginal,Barkly,4
2003,Final,Female,80-,Non-Aboriginal,Big Rivers,18
2003,Final,Female,80-,Non-Aboriginal,Central Australia,71
2003,Final,Female,80-,Non-Aboriginal,East Arnhem,3
2003,Final,Female,80-,Non-Aboriginal,Greater Darwin,234
2003,Final,Female,80-,Non-Aboriginal,Top End,6
2003,Final,Male,85+,Aboriginal,Barkly,2
2003,Final,Male,85+,Aboriginal,Big Rivers,11
2003,Final,Male,85+,Aboriginal,Central Australia,10
2003,Final,Male,85+,Aboriginal,East Arnhem,5
2003,Final,Male,85+,Aboriginal,Greater Darwin,4
2003,Final,Male,85+,Aboriginal,Top End,10
2003,Final,Male,85+,Non-Aboriginal,Barkly,3
2003,Final,Male,85+,Non-Aboriginal,Big Rivers,15
2003,Final,Male,85+,Non-Aboriginal,Central Australia,19
2003,Final,Male,85+,Non-Aboriginal,East Arnhem,0
2003,Final,Male,85+,Non-Aboriginal,Greater Darwin,103
2003,Final,Male,85+,Non-Aboriginal,Top End,5
2003,Final,Female,85+,Aboriginal,Barkly,9
2003,Final,Female,85+,Aboriginal,Big Rivers,19
2003,Final,Female,85+,Aboriginal,Central Australia,27
2003,Final,Female,85+,Aboriginal,East Arnhem,8
2003,Final,Female,85+,Aboriginal,Greater Darwin,3
2003,Final,Female,85+,Aboriginal,Top End,12
2003,Final,Female,85+,Non-Aboriginal,Barkly,2
2003,Final,Female,85+,Non-Aboriginal,Big Rivers,9
2003,Final,Female,85+,Non-Aboriginal,Central Australia,56
2003,Final,Female,85+,Non-Aboriginal,East Arnhem,2
2003,Final,Female,85+,Non-Aboriginal,Greater Darwin,156
2003,Final,Female,85+,Non-Aboriginal,Top End,4
2004,Final,Male,0-,Aboriginal,Barkly,325
2004,Final,Male,0-,Aboriginal,Big Rivers,708
2004,Final,Male,0-,Aboriginal,Central Australia,873
2004,Final,Male,0-,Aboriginal,East Arnhem,559
2004,Final,Male,0-,Aboriginal,Greater Darwin,761
2004,Final,Male,0-,Aboriginal,Top End,695
2004,Final,Male,0-,Non-Aboriginal,Barkly,64
2004,Final,Male,0-,Non-Aboriginal,Big Rivers,343
2004,Final,Male,0-,Non-Aboriginal,Central Australia,709
2004,Final,Male,0-,Non-Aboriginal,East Arnhem,224
2004,Final,Male,0-,Non-Aboriginal,Greater Darwin,3681
2004,Final,Male,0-,Non-Aboriginal,Top End,123
2004,Final,Female,0-,Aboriginal,Barkly,298
2004,Final,Female,0-,Aboriginal,Big Rivers,688
2004,Final,Female,0-,Aboriginal,Central Australia,930
2004,Final,Female,0-,Aboriginal,East Arnhem,482
2004,Final,Female,0-,Aboriginal,Greater Darwin,649
2004,Final,Female,0-,Aboriginal,Top End,650
2004,Final,Female,0-,Non-Aboriginal,Barkly,45
2004,Final,Female,0-,Non-Aboriginal,Big Rivers,312
2004,Final,Female,0-,Non-Aboriginal,Central Australia,665
2004,Final,Female,0-,Non-Aboriginal,East Arnhem,213
2004,Final,Female,0-,Non-Aboriginal,Greater Darwin,3535
2004,Final,Female,0-,Non-Aboriginal,Top End,111
2004,Final,Male,10-,Aboriginal,Barkly,297
2004,Final,Male,10-,Aboriginal,Big Rivers,622
2004,Final,Male,10-,Aboriginal,Central Australia,789
2004,Final,Male,10-,Aboriginal,East Arnhem,455
2004,Final,Male,10-,Aboriginal,Greater Darwin,820
2004,Final,Male,10-,Aboriginal,Top End,631
2004,Final,Male,10-,Non-Aboriginal,Barkly,49
2004,Final,Male,10-,Non-Aboriginal,Big Rivers,321
2004,Final,Male,10-,Non-Aboriginal,Central Australia,804
2004,Final,Male,10-,Non-Aboriginal,East Arnhem,205
2004,Final,Male,10-,Non-Aboriginal,Greater Darwin,3508
2004,Final,Male,10-,Non-Aboriginal,Top End,143
2004,Final,Female,10-,Aboriginal,Barkly,284
2004,Final,Female,10-,Aboriginal,Big Rivers,589
2004,Final,Female,10-,Aboriginal,Central Australia,853
2004,Final,Female,10-,Aboriginal,East Arnhem,471
2004,Final,Female,10-,Aboriginal,Greater Darwin,676
2004,Final,Female,10-,Aboriginal,Top End,588
2004,Final,Female,10-,Non-Aboriginal,Barkly,41
2004,Final,Female,10-,Non-Aboriginal,Big Rivers,309
2004,Final,Female,10-,Non-Aboriginal,Central Australia,745
2004,Final,Female,10-,Non-Aboriginal,East Arnhem,184
2004,Final,Female,10-,Non-Aboriginal,Greater Darwin,3273
2004,Final,Female,10-,Non-Aboriginal,Top End,102
2004,Final,Male,15-,Aboriginal,Barkly,250
2004,Final,Male,15-,Aboriginal,Big Rivers,533
2004,Final,Male,15-,Aboriginal,Central Australia,702
2004,Final,Male,15-,Aboriginal,East Arnhem,454
2004,Final,Male,15-,Aboriginal,Greater Darwin,636
2004,Final,Male,15-,Aboriginal,Top End,499
2004,Final,Male,15-,Non-Aboriginal,Barkly,92
2004,Final,Male,15-,Non-Aboriginal,Big Rivers,249
2004,Final,Male,15-,Non-Aboriginal,Central Australia,711
2004,Final,Male,15-,Non-Aboriginal,East Arnhem,138
2004,Final,Male,15-,Non-Aboriginal,Greater Darwin,3217
2004,Final,Male,15-,Non-Aboriginal,Top End,90
2004,Final,Female,15-,Aboriginal,Barkly,259
2004,Final,Female,15-,Aboriginal,Big Rivers,531
2004,Final,Female,15-,Aboriginal,Central Australia,729
2004,Final,Female,15-,Aboriginal,East Arnhem,457
2004,Final,Female,15-,Aboriginal,Greater Darwin,565
2004,Final,Female,15-,Aboriginal,Top End,547
2004,Final,Female,15-,Non-Aboriginal,Barkly,64
2004,Final,Female,15-,Non-Aboriginal,Big Rivers,211
2004,Final,Female,15-,Non-Aboriginal,Central Australia,696
2004,Final,Female,15-,Non-Aboriginal,East Arnhem,109
2004,Final,Female,15-,Non-Aboriginal,Greater Darwin,2918
2004,Final,Female,15-,Non-Aboriginal,Top End,50
2004,Final,Male,20-,Aboriginal,Barkly,251
2004,Final,Male,20-,Aboriginal,Big Rivers,466
2004,Final,Male,20-,Aboriginal,Central Australia,654
2004,Final,Male,20-,Aboriginal,East Arnhem,409
2004,Final,Male,20-,Aboriginal,Greater Darwin,478
2004,Final,Male,20-,Aboriginal,Top End,502
2004,Final,Male,20-,Non-Aboriginal,Barkly,103
2004,Final,Male,20-,Non-Aboriginal,Big Rivers,364
2004,Final,Male,20-,Non-Aboriginal,Central Australia,829
2004,Final,Male,20-,Non-Aboriginal,East Arnhem,159
2004,Final,Male,20-,Non-Aboriginal,Greater Darwin,3999
2004,Final,Male,20-,Non-Aboriginal,Top End,115
2004,Final,Female,20-,Aboriginal,Barkly,211
2004,Final,Female,20-,Aboriginal,Big Rivers,496
2004,Final,Female,20-,Aboriginal,Central Australia,768
2004,Final,Female,20-,Aboriginal,East Arnhem,439
2004,Final,Female,20-,Aboriginal,Greater Darwin,420
2004,Final,Female,20-,Aboriginal,Top End,523
2004,Final,Female,20-,Non-Aboriginal,Barkly,104
2004,Final,Female,20-,Non-Aboriginal,Big Rivers,296
2004,Final,Female,20-,Non-Aboriginal,Central Australia,897
2004,Final,Female,20-,Non-Aboriginal,East Arnhem,121
2004,Final,Female,20-,Non-Aboriginal,Greater Darwin,3434
2004,Final,Female,20-,Non-Aboriginal,Top End,139
2004,Final,Male,25-,Aboriginal,Barkly,205
2004,Final,Male,25-,Aboriginal,Big Rivers,389
2004,Final,Male,25-,Aboriginal,Central Australia,591
2004,Final,Male,25-,Aboriginal,East Arnhem,391
2004,Final,Male,25-,Aboriginal,Greater Darwin,435
2004,Final,Male,25-,Aboriginal,Top End,430
2004,Final,Male,25-,Non-Aboriginal,Barkly,91
2004,Final,Male,25-,Non-Aboriginal,Big Rivers,414
2004,Final,Male,25-,Non-Aboriginal,Central Australia,993
2004,Final,Male,25-,Non-Aboriginal,East Arnhem,222
2004,Final,Male,25-,Non-Aboriginal,Greater Darwin,4385
2004,Final,Male,25-,Non-Aboriginal,Top End,186
2004,Final,Female,25-,Aboriginal,Barkly,216
2004,Final,Female,25-,Aboriginal,Big Rivers,434
2004,Final,Female,25-,Aboriginal,Central Australia,670
2004,Final,Female,25-,Aboriginal,East Arnhem,419
2004,Final,Female,25-,Aboriginal,Greater Darwin,393
2004,Final,Female,25-,Aboriginal,Top End,414
2004,Final,Female,25-,Non-Aboriginal,Barkly,90
2004,Final,Female,25-,Non-Aboriginal,Big Rivers,372
2004,Final,Female,25-,Non-Aboriginal,Central Australia,974
2004,Final,Female,25-,Non-Aboriginal,East Arnhem,200
2004,Final,Female,25-,Non-Aboriginal,Greater Darwin,4029
2004,Final,Female,25-,Non-Aboriginal,Top End,175
2004,Final,Male,30-,Aboriginal,Barkly,217
2004,Final,Male,30-,Aboriginal,Big Rivers,370
2004,Final,Male,30-,Aboriginal,Central Australia,599
2004,Final,Male,30-,Aboriginal,East Arnhem,363
2004,Final,Male,30-,Aboriginal,Greater Darwin,510
2004,Final,Male,30-,Aboriginal,Top End,386
2004,Final,Male,30-,Non-Aboriginal,Barkly,104
2004,Final,Male,30-,Non-Aboriginal,Big Rivers,482
2004,Final,Male,30-,Non-Aboriginal,Central Australia,1049
2004,Final,Male,30-,Non-Aboriginal,East Arnhem,294
2004,Final,Male,30-,Non-Aboriginal,Greater Darwin,4738
2004,Final,Male,30-,Non-Aboriginal,Top End,226
2004,Final,Female,30-,Aboriginal,Barkly,226
2004,Final,Female,30-,Aboriginal,Big Rivers,425
2004,Final,Female,30-,Aboriginal,Central Australia,711
2004,Final,Female,30-,Aboriginal,East Arnhem,415
2004,Final,Female,30-,Aboriginal,Greater Darwin,449
2004,Final,Female,30-,Aboriginal,Top End,396
2004,Final,Female,30-,Non-Aboriginal,Barkly,84
2004,Final,Female,30-,Non-Aboriginal,Big Rivers,438
2004,Final,Female,30-,Non-Aboriginal,Central Australia,1064
2004,Final,Female,30-,Non-Aboriginal,East Arnhem,288
2004,Final,Female,30-,Non-Aboriginal,Greater Darwin,4501
2004,Final,Female,30-,Non-Aboriginal,Top End,198
2004,Final,Male,35-,Aboriginal,Barkly,139
2004,Final,Male,35-,Aboriginal,Big Rivers,349
2004,Final,Male,35-,Aboriginal,Central Australia,495
2004,Final,Male,35-,Aboriginal,East Arnhem,303
2004,Final,Male,35-,Aboriginal,Greater Darwin,419
2004,Final,Male,35-,Aboriginal,Top End,350
2004,Final,Male,35-,Non-Aboriginal,Barkly,82
2004,Final,Male,35-,Non-Aboriginal,Big Rivers,437
2004,Final,Male,35-,Non-Aboriginal,Central Australia,1094
2004,Final,Male,35-,Non-Aboriginal,East Arnhem,327
2004,Final,Male,35-,Non-Aboriginal,Greater Darwin,4413
2004,Final,Male,35-,Non-Aboriginal,Top End,222
2004,Final,Female,35-,Aboriginal,Barkly,159
2004,Final,Female,35-,Aboriginal,Big Rivers,425
2004,Final,Female,35-,Aboriginal,Central Australia,540
2004,Final,Female,35-,Aboriginal,East Arnhem,321
2004,Final,Female,35-,Aboriginal,Greater Darwin,396
2004,Final,Female,35-,Aboriginal,Top End,343
2004,Final,Female,35-,Non-Aboriginal,Barkly,76
2004,Final,Female,35-,Non-Aboriginal,Big Rivers,342
2004,Final,Female,35-,Non-Aboriginal,Central Australia,988
2004,Final,Female,35-,Non-Aboriginal,East Arnhem,237
2004,Final,Female,35-,Non-Aboriginal,Greater Darwin,4099
2004,Final,Female,35-,Non-Aboriginal,Top End,205
2004,Final,Male,40-,Aboriginal,Barkly,147
2004,Final,Male,40-,Aboriginal,Big Rivers,299
2004,Final,Male,40-,Aboriginal,Central Australia,416
2004,Final,Male,40-,Aboriginal,East Arnhem,263
2004,Final,Male,40-,Aboriginal,Greater Darwin,385
2004,Final,Male,40-,Aboriginal,Top End,278
2004,Final,Male,40-,Non-Aboriginal,Barkly,112
2004,Final,Male,40-,Non-Aboriginal,Big Rivers,418
2004,Final,Male,40-,Non-Aboriginal,Central Australia,1141
2004,Final,Male,40-,Non-Aboriginal,East Arnhem,303
2004,Final,Male,40-,Non-Aboriginal,Greater Darwin,4560
2004,Final,Male,40-,Non-Aboriginal,Top End,257
2004,Final,Female,40-,Aboriginal,Barkly,158
2004,Final,Female,40-,Aboriginal,Big Rivers,319
2004,Final,Female,40-,Aboriginal,Central Australia,471
2004,Final,Female,40-,Aboriginal,East Arnhem,294
2004,Final,Female,40-,Aboriginal,Greater Darwin,349
2004,Final,Female,40-,Aboriginal,Top End,283
2004,Final,Female,40-,Non-Aboriginal,Barkly,76
2004,Final,Female,40-,Non-Aboriginal,Big Rivers,333
2004,Final,Female,40-,Non-Aboriginal,Central Australia,1026
2004,Final,Female,40-,Non-Aboriginal,East Arnhem,247
2004,Final,Female,40-,Non-Aboriginal,Greater Darwin,4072
2004,Final,Female,40-,Non-Aboriginal,Top End,173
2004,Final,Male,45-,Aboriginal,Barkly,93
2004,Final,Male,45-,Aboriginal,Big Rivers,212
2004,Final,Male,45-,Aboriginal,Central Australia,276
2004,Final,Male,45-,Aboriginal,East Arnhem,223
2004,Final,Male,45-,Aboriginal,Greater Darwin,314
2004,Final,Male,45-,Aboriginal,Top End,188
2004,Final,Male,45-,Non-Aboriginal,Barkly,107
2004,Final,Male,45-,Non-Aboriginal,Big Rivers,356
2004,Final,Male,45-,Non-Aboriginal,Central Australia,1074
2004,Final,Male,45-,Non-Aboriginal,East Arnhem,298
2004,Final,Male,45-,Non-Aboriginal,Greater Darwin,4010
2004,Final,Male,45-,Non-Aboriginal,Top End,243
2004,Final,Female,45-,Aboriginal,Barkly,124
2004,Final,Female,45-,Aboriginal,Big Rivers,265
2004,Final,Female,45-,Aboriginal,Central Australia,377
2004,Final,Female,45-,Aboriginal,East Arnhem,225
2004,Final,Female,45-,Aboriginal,Greater Darwin,277
2004,Final,Female,45-,Aboriginal,Top End,204
2004,Final,Female,45-,Non-Aboriginal,Barkly,96
2004,Final,Female,45-,Non-Aboriginal,Big Rivers,326
2004,Final,Female,45-,Non-Aboriginal,Central Australia,961
2004,Final,Female,45-,Non-Aboriginal,East Arnhem,222
2004,Final,Female,45-,Non-Aboriginal,Greater Darwin,3719
2004,Final,Female,45-,Non-Aboriginal,Top End,177
2004,Final,Male,5-,Aboriginal,Barkly,283
2004,Final,Male,5-,Aboriginal,Big Rivers,666
2004,Final,Male,5-,Aboriginal,Central Australia,826
2004,Final,Male,5-,Aboriginal,East Arnhem,587
2004,Final,Male,5-,Aboriginal,Greater Darwin,771
2004,Final,Male,5-,Aboriginal,Top End,677
2004,Final,Male,5-,Non-Aboriginal,Barkly,55
2004,Final,Male,5-,Non-Aboriginal,Big Rivers,354
2004,Final,Male,5-,Non-Aboriginal,Central Australia,792
2004,Final,Male,5-,Non-Aboriginal,East Arnhem,226
2004,Final,Male,5-,Non-Aboriginal,Greater Darwin,3440
2004,Final,Male,5-,Non-Aboriginal,Top End,162
2004,Final,Female,5-,Aboriginal,Barkly,310
2004,Final,Female,5-,Aboriginal,Big Rivers,632
2004,Final,Female,5-,Aboriginal,Central Australia,806
2004,Final,Female,5-,Aboriginal,East Arnhem,506
2004,Final,Female,5-,Aboriginal,Greater Darwin,658
2004,Final,Female,5-,Aboriginal,Top End,616
2004,Final,Female,5-,Non-Aboriginal,Barkly,34
2004,Final,Female,5-,Non-Aboriginal,Big Rivers,302
2004,Final,Female,5-,Non-Aboriginal,Central Australia,664
2004,Final,Female,5-,Non-Aboriginal,East Arnhem,217
2004,Final,Female,5-,Non-Aboriginal,Greater Darwin,3232
2004,Final,Female,5-,Non-Aboriginal,Top End,102
2004,Final,Male,50-,Aboriginal,Barkly,78
2004,Final,Male,50-,Aboriginal,Big Rivers,172
2004,Final,Male,50-,Aboriginal,Central Australia,266
2004,Final,Male,50-,Aboriginal,East Arnhem,157
2004,Final,Male,50-,Aboriginal,Greater Darwin,231
2004,Final,Male,50-,Aboriginal,Top End,143
2004,Final,Male,50-,Non-Aboriginal,Barkly,111
2004,Final,Male,50-,Non-Aboriginal,Big Rivers,376
2004,Final,Male,50-,Non-Aboriginal,Central Australia,1013
2004,Final,Male,50-,Non-Aboriginal,East Arnhem,268
2004,Final,Male,50-,Non-Aboriginal,Greater Darwin,3857
2004,Final,Male,50-,Non-Aboriginal,Top End,234
2004,Final,Female,50-,Aboriginal,Barkly,116
2004,Final,Female,50-,Aboriginal,Big Rivers,166
2004,Final,Female,50-,Aboriginal,Central Australia,342
2004,Final,Female,50-,Aboriginal,East Arnhem,188
2004,Final,Female,50-,Aboriginal,Greater Darwin,231
2004,Final,Female,50-,Aboriginal,Top End,164
2004,Final,Female,50-,Non-Aboriginal,Barkly,88
2004,Final,Female,50-,Non-Aboriginal,Big Rivers,255
2004,Final,Female,50-,Non-Aboriginal,Central Australia,866
2004,Final,Female,50-,Non-Aboriginal,East Arnhem,166
2004,Final,Female,50-,Non-Aboriginal,Greater Darwin,3220
2004,Final,Female,50-,Non-Aboriginal,Top End,193
2004,Final,Male,55-,Aboriginal,Barkly,60
2004,Final,Male,55-,Aboriginal,Big Rivers,108
2004,Final,Male,55-,Aboriginal,Central Australia,138
2004,Final,Male,55-,Aboriginal,East Arnhem,87
2004,Final,Male,55-,Aboriginal,Greater Darwin,152
2004,Final,Male,55-,Aboriginal,Top End,101
2004,Final,Male,55-,Non-Aboriginal,Barkly,117
2004,Final,Male,55-,Non-Aboriginal,Big Rivers,321
2004,Final,Male,55-,Non-Aboriginal,Central Australia,758
2004,Final,Male,55-,Non-Aboriginal,East Arnhem,204
2004,Final,Male,55-,Non-Aboriginal,Greater Darwin,3186
2004,Final,Male,55-,Non-Aboriginal,Top End,212
2004,Final,Female,55-,Aboriginal,Barkly,61
2004,Final,Female,55-,Aboriginal,Big Rivers,134
2004,Final,Female,55-,Aboriginal,Central Australia,237
2004,Final,Female,55-,Aboriginal,East Arnhem,85
2004,Final,Female,55-,Aboriginal,Greater Darwin,161
2004,Final,Female,55-,Aboriginal,Top End,119
2004,Final,Female,55-,Non-Aboriginal,Barkly,90
2004,Final,Female,55-,Non-Aboriginal,Big Rivers,207
2004,Final,Female,55-,Non-Aboriginal,Central Australia,549
2004,Final,Female,55-,Non-Aboriginal,East Arnhem,106
2004,Final,Female,55-,Non-Aboriginal,Greater Darwin,2401
2004,Final,Female,55-,Non-Aboriginal,Top End,134
2004,Final,Male,60-,Aboriginal,Barkly,47
2004,Final,Male,60-,Aboriginal,Big Rivers,91
2004,Final,Male,60-,Aboriginal,Central Australia,111
2004,Final,Male,60-,Aboriginal,East Arnhem,73
2004,Final,Male,60-,Aboriginal,Greater Darwin,73
2004,Final,Male,60-,Aboriginal,Top End,79
2004,Final,Male,60-,Non-Aboriginal,Barkly,78
2004,Final,Male,60-,Non-Aboriginal,Big Rivers,225
2004,Final,Male,60-,Non-Aboriginal,Central Australia,466
2004,Final,Male,60-,Non-Aboriginal,East Arnhem,91
2004,Final,Male,60-,Non-Aboriginal,Greater Darwin,2128
2004,Final,Male,60-,Non-Aboriginal,Top End,157
2004,Final,Female,60-,Aboriginal,Barkly,55
2004,Final,Female,60-,Aboriginal,Big Rivers,82
2004,Final,Female,60-,Aboriginal,Central Australia,202
2004,Final,Female,60-,Aboriginal,East Arnhem,110
2004,Final,Female,60-,Aboriginal,Greater Darwin,102
2004,Final,Female,60-,Aboriginal,Top End,77
2004,Final,Female,60-,Non-Aboriginal,Barkly,38
2004,Final,Female,60-,Non-Aboriginal,Big Rivers,128
2004,Final,Female,60-,Non-Aboriginal,Central Australia,358
2004,Final,Female,60-,Non-Aboriginal,East Arnhem,27
2004,Final,Female,60-,Non-Aboriginal,Greater Darwin,1442
2004,Final,Female,60-,Non-Aboriginal,Top End,90
2004,Final,Male,65-,Aboriginal,Barkly,26
2004,Final,Male,65-,Aboriginal,Big Rivers,47
2004,Final,Male,65-,Aboriginal,Central Australia,66
2004,Final,Male,65-,Aboriginal,East Arnhem,33
2004,Final,Male,65-,Aboriginal,Greater Darwin,49
2004,Final,Male,65-,Aboriginal,Top End,42
2004,Final,Male,65-,Non-Aboriginal,Barkly,47
2004,Final,Male,65-,Non-Aboriginal,Big Rivers,126
2004,Final,Male,65-,Non-Aboriginal,Central Australia,256
2004,Final,Male,65-,Non-Aboriginal,East Arnhem,24
2004,Final,Male,65-,Non-Aboriginal,Greater Darwin,1201
2004,Final,Male,65-,Non-Aboriginal,Top End,86
2004,Final,Female,65-,Aboriginal,Barkly,33
2004,Final,Female,65-,Aboriginal,Big Rivers,68
2004,Final,Female,65-,Aboriginal,Central Australia,97
2004,Final,Female,65-,Aboriginal,East Arnhem,42
2004,Final,Female,65-,Aboriginal,Greater Darwin,69
2004,Final,Female,65-,Aboriginal,Top End,46
2004,Final,Female,65-,Non-Aboriginal,Barkly,27
2004,Final,Female,65-,Non-Aboriginal,Big Rivers,86
2004,Final,Female,65-,Non-Aboriginal,Central Australia,187
2004,Final,Female,65-,Non-Aboriginal,East Arnhem,9
2004,Final,Female,65-,Non-Aboriginal,Greater Darwin,799
2004,Final,Female,65-,Non-Aboriginal,Top End,39
2004,Final,Male,70-,Aboriginal,Barkly,18
2004,Final,Male,70-,Aboriginal,Big Rivers,38
2004,Final,Male,70-,Aboriginal,Central Australia,32
2004,Final,Male,70-,Aboriginal,East Arnhem,13
2004,Final,Male,70-,Aboriginal,Greater Darwin,40
2004,Final,Male,70-,Aboriginal,Top End,31
2004,Final,Male,70-,Non-Aboriginal,Barkly,20
2004,Final,Male,70-,Non-Aboriginal,Big Rivers,80
2004,Final,Male,70-,Non-Aboriginal,Central Australia,131
2004,Final,Male,70-,Non-Aboriginal,East Arnhem,6
2004,Final,Male,70-,Non-Aboriginal,Greater Darwin,712
2004,Final,Male,70-,Non-Aboriginal,Top End,29
2004,Final,Female,70-,Aboriginal,Barkly,35
2004,Final,Female,70-,Aboriginal,Big Rivers,52
2004,Final,Female,70-,Aboriginal,Central Australia,114
2004,Final,Female,70-,Aboriginal,East Arnhem,28
2004,Final,Female,70-,Aboriginal,Greater Darwin,46
2004,Final,Female,70-,Aboriginal,Top End,32
2004,Final,Female,70-,Non-Aboriginal,Barkly,8
2004,Final,Female,70-,Non-Aboriginal,Big Rivers,38
2004,Final,Female,70-,Non-Aboriginal,Central Australia,92
2004,Final,Female,70-,Non-Aboriginal,East Arnhem,0
2004,Final,Female,70-,Non-Aboriginal,Greater Darwin,523
2004,Final,Female,70-,Non-Aboriginal,Top End,21
2004,Final,Male,75-,Aboriginal,Barkly,10
2004,Final,Male,75-,Aboriginal,Big Rivers,22
2004,Final,Male,75-,Aboriginal,Central Australia,39
2004,Final,Male,75-,Aboriginal,East Arnhem,6
2004,Final,Male,75-,Aboriginal,Greater Darwin,14
2004,Final,Male,75-,Aboriginal,Top End,14
2004,Final,Male,75-,Non-Aboriginal,Barkly,17
2004,Final,Male,75-,Non-Aboriginal,Big Rivers,40
2004,Final,Male,75-,Non-Aboriginal,Central Australia,111
2004,Final,Male,75-,Non-Aboriginal,East Arnhem,1
2004,Final,Male,75-,Non-Aboriginal,Greater Darwin,451
2004,Final,Male,75-,Non-Aboriginal,Top End,20
2004,Final,Female,75-,Aboriginal,Barkly,16
2004,Final,Female,75-,Aboriginal,Big Rivers,18
2004,Final,Female,75-,Aboriginal,Central Australia,50
2004,Final,Female,75-,Aboriginal,East Arnhem,18
2004,Final,Female,75-,Aboriginal,Greater Darwin,31
2004,Final,Female,75-,Aboriginal,Top End,30
2004,Final,Female,75-,Non-Aboriginal,Barkly,5
2004,Final,Female,75-,Non-Aboriginal,Big Rivers,23
2004,Final,Female,75-,Non-Aboriginal,Central Australia,116
2004,Final,Female,75-,Non-Aboriginal,East Arnhem,2
2004,Final,Female,75-,Non-Aboriginal,Greater Darwin,375
2004,Final,Female,75-,Non-Aboriginal,Top End,15
2004,Final,Male,80-,Aboriginal,Barkly,9
2004,Final,Male,80-,Aboriginal,Big Rivers,8
2004,Final,Male,80-,Aboriginal,Central Australia,26
2004,Final,Male,80-,Aboriginal,East Arnhem,7
2004,Final,Male,80-,Aboriginal,Greater Darwin,3
2004,Final,Male,80-,Aboriginal,Top End,2
2004,Final,Male,80-,Non-Aboriginal,Barkly,4
2004,Final,Male,80-,Non-Aboriginal,Big Rivers,22
2004,Final,Male,80-,Non-Aboriginal,Central Australia,38
2004,Final,Male,80-,Non-Aboriginal,East Arnhem,1
2004,Final,Male,80-,Non-Aboriginal,Greater Darwin,187
2004,Final,Male,80-,Non-Aboriginal,Top End,7
2004,Final,Female,80-,Aboriginal,Barkly,4
2004,Final,Female,80-,Aboriginal,Big Rivers,15
2004,Final,Female,80-,Aboriginal,Central Australia,37
2004,Final,Female,80-,Aboriginal,East Arnhem,9
2004,Final,Female,80-,Aboriginal,Greater Darwin,20
2004,Final,Female,80-,Aboriginal,Top End,13
2004,Final,Female,80-,Non-Aboriginal,Barkly,4
2004,Final,Female,80-,Non-Aboriginal,Big Rivers,17
2004,Final,Female,80-,Non-Aboriginal,Central Australia,69
2004,Final,Female,80-,Non-Aboriginal,East Arnhem,2
2004,Final,Female,80-,Non-Aboriginal,Greater Darwin,244
2004,Final,Female,80-,Non-Aboriginal,Top End,6
2004,Final,Male,85+,Aboriginal,Barkly,3
2004,Final,Male,85+,Aboriginal,Big Rivers,13
2004,Final,Male,85+,Aboriginal,Central Australia,11
2004,Final,Male,85+,Aboriginal,East Arnhem,6
2004,Final,Male,85+,Aboriginal,Greater Darwin,5
2004,Final,Male,85+,Aboriginal,Top End,10
2004,Final,Male,85+,Non-Aboriginal,Barkly,3
2004,Final,Male,85+,Non-Aboriginal,Big Rivers,14
2004,Final,Male,85+,Non-Aboriginal,Central Australia,20
2004,Final,Male,85+,Non-Aboriginal,East Arnhem,0
2004,Final,Male,85+,Non-Aboriginal,Greater Darwin,111
2004,Final,Male,85+,Non-Aboriginal,Top End,4
2004,Final,Female,85+,Aboriginal,Barkly,9
2004,Final,Female,85+,Aboriginal,Big Rivers,20
2004,Final,Female,85+,Aboriginal,Central Australia,25
2004,Final,Female,85+,Aboriginal,East Arnhem,7
2004,Final,Female,85+,Aboriginal,Greater Darwin,3
2004,Final,Female,85+,Aboriginal,Top End,12
2004,Final,Female,85+,Non-Aboriginal,Barkly,1
2004,Final,Female,85+,Non-Aboriginal,Big Rivers,8
2004,Final,Female,85+,Non-Aboriginal,Central Australia,54
2004,Final,Female,85+,Non-Aboriginal,East Arnhem,1
2004,Final,Female,85+,Non-Aboriginal,Greater Darwin,156
2004,Final,Female,85+,Non-Aboriginal,Top End,3
2005,Final,Male,0-,Aboriginal,Barkly,322
2005,Final,Male,0-,Aboriginal,Big Rivers,717
2005,Final,Male,0-,Aboriginal,Central Australia,865
2005,Final,Male,0-,Aboriginal,East Arnhem,561
2005,Final,Male,0-,Aboriginal,Greater Darwin,781
2005,Final,Male,0-,Aboriginal,Top End,698
2005,Final,Male,0-,Non-Aboriginal,Barkly,58
2005,Final,Male,0-,Non-Aboriginal,Big Rivers,330
2005,Final,Male,0-,Non-Aboriginal,Central Australia,697
2005,Final,Male,0-,Non-Aboriginal,East Arnhem,229
2005,Final,Male,0-,Non-Aboriginal,Greater Darwin,3657
2005,Final,Male,0-,Non-Aboriginal,Top End,123
2005,Final,Female,0-,Aboriginal,Barkly,290
2005,Final,Female,0-,Aboriginal,Big Rivers,707
2005,Final,Female,0-,Aboriginal,Central Australia,945
2005,Final,Female,0-,Aboriginal,East Arnhem,481
2005,Final,Female,0-,Aboriginal,Greater Darwin,668
2005,Final,Female,0-,Aboriginal,Top End,652
2005,Final,Female,0-,Non-Aboriginal,Barkly,38
2005,Final,Female,0-,Non-Aboriginal,Big Rivers,302
2005,Final,Female,0-,Non-Aboriginal,Central Australia,648
2005,Final,Female,0-,Non-Aboriginal,East Arnhem,220
2005,Final,Female,0-,Non-Aboriginal,Greater Darwin,3544
2005,Final,Female,0-,Non-Aboriginal,Top End,111
2005,Final,Male,10-,Aboriginal,Barkly,295
2005,Final,Male,10-,Aboriginal,Big Rivers,633
2005,Final,Male,10-,Aboriginal,Central Australia,788
2005,Final,Male,10-,Aboriginal,East Arnhem,451
2005,Final,Male,10-,Aboriginal,Greater Darwin,845
2005,Final,Male,10-,Aboriginal,Top End,641
2005,Final,Male,10-,Non-Aboriginal,Barkly,44
2005,Final,Male,10-,Non-Aboriginal,Big Rivers,316
2005,Final,Male,10-,Non-Aboriginal,Central Australia,798
2005,Final,Male,10-,Non-Aboriginal,East Arnhem,203
2005,Final,Male,10-,Non-Aboriginal,Greater Darwin,3514
2005,Final,Male,10-,Non-Aboriginal,Top End,147
2005,Final,Female,10-,Aboriginal,Barkly,278
2005,Final,Female,10-,Aboriginal,Big Rivers,588
2005,Final,Female,10-,Aboriginal,Central Australia,851
2005,Final,Female,10-,Aboriginal,East Arnhem,469
2005,Final,Female,10-,Aboriginal,Greater Darwin,690
2005,Final,Female,10-,Aboriginal,Top End,587
2005,Final,Female,10-,Non-Aboriginal,Barkly,37
2005,Final,Female,10-,Non-Aboriginal,Big Rivers,311
2005,Final,Female,10-,Non-Aboriginal,Central Australia,746
2005,Final,Female,10-,Non-Aboriginal,East Arnhem,188
2005,Final,Female,10-,Non-Aboriginal,Greater Darwin,3266
2005,Final,Female,10-,Non-Aboriginal,Top End,106
2005,Final,Male,15-,Aboriginal,Barkly,258
2005,Final,Male,15-,Aboriginal,Big Rivers,557
2005,Final,Male,15-,Aboriginal,Central Australia,735
2005,Final,Male,15-,Aboriginal,East Arnhem,476
2005,Final,Male,15-,Aboriginal,Greater Darwin,677
2005,Final,Male,15-,Aboriginal,Top End,511
2005,Final,Male,15-,Non-Aboriginal,Barkly,87
2005,Final,Male,15-,Non-Aboriginal,Big Rivers,247
2005,Final,Male,15-,Non-Aboriginal,Central Australia,734
2005,Final,Male,15-,Non-Aboriginal,East Arnhem,142
2005,Final,Male,15-,Non-Aboriginal,Greater Darwin,3311
2005,Final,Male,15-,Non-Aboriginal,Top End,91
2005,Final,Female,15-,Aboriginal,Barkly,260
2005,Final,Female,15-,Aboriginal,Big Rivers,541
2005,Final,Female,15-,Aboriginal,Central Australia,732
2005,Final,Female,15-,Aboriginal,East Arnhem,461
2005,Final,Female,15-,Aboriginal,Greater Darwin,590
2005,Final,Female,15-,Aboriginal,Top End,557
2005,Final,Female,15-,Non-Aboriginal,Barkly,64
2005,Final,Female,15-,Non-Aboriginal,Big Rivers,219
2005,Final,Female,15-,Non-Aboriginal,Central Australia,725
2005,Final,Female,15-,Non-Aboriginal,East Arnhem,117
2005,Final,Female,15-,Non-Aboriginal,Greater Darwin,2938
2005,Final,Female,15-,Non-Aboriginal,Top End,55
2005,Final,Male,20-,Aboriginal,Barkly,255
2005,Final,Male,20-,Aboriginal,Big Rivers,481
2005,Final,Male,20-,Aboriginal,Central Australia,677
2005,Final,Male,20-,Aboriginal,East Arnhem,418
2005,Final,Male,20-,Aboriginal,Greater Darwin,502
2005,Final,Male,20-,Aboriginal,Top End,513
2005,Final,Male,20-,Non-Aboriginal,Barkly,95
2005,Final,Male,20-,Non-Aboriginal,Big Rivers,352
2005,Final,Male,20-,Non-Aboriginal,Central Australia,823
2005,Final,Male,20-,Non-Aboriginal,East Arnhem,161
2005,Final,Male,20-,Non-Aboriginal,Greater Darwin,4074
2005,Final,Male,20-,Non-Aboriginal,Top End,111
2005,Final,Female,20-,Aboriginal,Barkly,216
2005,Final,Female,20-,Aboriginal,Big Rivers,521
2005,Final,Female,20-,Aboriginal,Central Australia,809
2005,Final,Female,20-,Aboriginal,East Arnhem,457
2005,Final,Female,20-,Aboriginal,Greater Darwin,440
2005,Final,Female,20-,Aboriginal,Top End,536
2005,Final,Female,20-,Non-Aboriginal,Barkly,101
2005,Final,Female,20-,Non-Aboriginal,Big Rivers,298
2005,Final,Female,20-,Non-Aboriginal,Central Australia,914
2005,Final,Female,20-,Non-Aboriginal,East Arnhem,127
2005,Final,Female,20-,Non-Aboriginal,Greater Darwin,3528
2005,Final,Female,20-,Non-Aboriginal,Top End,145
2005,Final,Male,25-,Aboriginal,Barkly,205
2005,Final,Male,25-,Aboriginal,Big Rivers,388
2005,Final,Male,25-,Aboriginal,Central Australia,602
2005,Final,Male,25-,Aboriginal,East Arnhem,402
2005,Final,Male,25-,Aboriginal,Greater Darwin,444
2005,Final,Male,25-,Aboriginal,Top End,438
2005,Final,Male,25-,Non-Aboriginal,Barkly,84
2005,Final,Male,25-,Non-Aboriginal,Big Rivers,392
2005,Final,Male,25-,Non-Aboriginal,Central Australia,979
2005,Final,Male,25-,Non-Aboriginal,East Arnhem,228
2005,Final,Male,25-,Non-Aboriginal,Greater Darwin,4411
2005,Final,Male,25-,Non-Aboriginal,Top End,180
2005,Final,Female,25-,Aboriginal,Barkly,221
2005,Final,Female,25-,Aboriginal,Big Rivers,450
2005,Final,Female,25-,Aboriginal,Central Australia,697
2005,Final,Female,25-,Aboriginal,East Arnhem,440
2005,Final,Female,25-,Aboriginal,Greater Darwin,415
2005,Final,Female,25-,Aboriginal,Top End,434
2005,Final,Female,25-,Non-Aboriginal,Barkly,86
2005,Final,Female,25-,Non-Aboriginal,Big Rivers,367
2005,Final,Female,25-,Non-Aboriginal,Central Australia,993
2005,Final,Female,25-,Non-Aboriginal,East Arnhem,214
2005,Final,Female,25-,Non-Aboriginal,Greater Darwin,4139
2005,Final,Female,25-,Non-Aboriginal,Top End,177
2005,Final,Male,30-,Aboriginal,Barkly,222
2005,Final,Male,30-,Aboriginal,Big Rivers,368
2005,Final,Male,30-,Aboriginal,Central Australia,600
2005,Final,Male,30-,Aboriginal,East Arnhem,363
2005,Final,Male,30-,Aboriginal,Greater Darwin,528
2005,Final,Male,30-,Aboriginal,Top End,390
2005,Final,Male,30-,Non-Aboriginal,Barkly,97
2005,Final,Male,30-,Non-Aboriginal,Big Rivers,457
2005,Final,Male,30-,Non-Aboriginal,Central Australia,1026
2005,Final,Male,30-,Non-Aboriginal,East Arnhem,300
2005,Final,Male,30-,Non-Aboriginal,Greater Darwin,4711
2005,Final,Male,30-,Non-Aboriginal,Top End,224
2005,Final,Female,30-,Aboriginal,Barkly,224
2005,Final,Female,30-,Aboriginal,Big Rivers,429
2005,Final,Female,30-,Aboriginal,Central Australia,713
2005,Final,Female,30-,Aboriginal,East Arnhem,413
2005,Final,Female,30-,Aboriginal,Greater Darwin,449
2005,Final,Female,30-,Aboriginal,Top End,393
2005,Final,Female,30-,Non-Aboriginal,Barkly,77
2005,Final,Female,30-,Non-Aboriginal,Big Rivers,423
2005,Final,Female,30-,Non-Aboriginal,Central Australia,1021
2005,Final,Female,30-,Non-Aboriginal,East Arnhem,282
2005,Final,Female,30-,Non-Aboriginal,Greater Darwin,4405
2005,Final,Female,30-,Non-Aboriginal,Top End,189
2005,Final,Male,35-,Aboriginal,Barkly,140
2005,Final,Male,35-,Aboriginal,Big Rivers,363
2005,Final,Male,35-,Aboriginal,Central Australia,504
2005,Final,Male,35-,Aboriginal,East Arnhem,313
2005,Final,Male,35-,Aboriginal,Greater Darwin,442
2005,Final,Male,35-,Aboriginal,Top End,365
2005,Final,Male,35-,Non-Aboriginal,Barkly,75
2005,Final,Male,35-,Non-Aboriginal,Big Rivers,432
2005,Final,Male,35-,Non-Aboriginal,Central Australia,1096
2005,Final,Male,35-,Non-Aboriginal,East Arnhem,339
2005,Final,Male,35-,Non-Aboriginal,Greater Darwin,4484
2005,Final,Male,35-,Non-Aboriginal,Top End,223
2005,Final,Female,35-,Aboriginal,Barkly,163
2005,Final,Female,35-,Aboriginal,Big Rivers,451
2005,Final,Female,35-,Aboriginal,Central Australia,561
2005,Final,Female,35-,Aboriginal,East Arnhem,332
2005,Final,Female,35-,Aboriginal,Greater Darwin,419
2005,Final,Female,35-,Aboriginal,Top End,362
2005,Final,Female,35-,Non-Aboriginal,Barkly,73
2005,Final,Female,35-,Non-Aboriginal,Big Rivers,348
2005,Final,Female,35-,Non-Aboriginal,Central Australia,1007
2005,Final,Female,35-,Non-Aboriginal,East Arnhem,244
2005,Final,Female,35-,Non-Aboriginal,Greater Darwin,4198
2005,Final,Female,35-,Non-Aboriginal,Top End,215
2005,Final,Male,40-,Aboriginal,Barkly,150
2005,Final,Male,40-,Aboriginal,Big Rivers,305
2005,Final,Male,40-,Aboriginal,Central Australia,417
2005,Final,Male,40-,Aboriginal,East Arnhem,267
2005,Final,Male,40-,Aboriginal,Greater Darwin,397
2005,Final,Male,40-,Aboriginal,Top End,280
2005,Final,Male,40-,Non-Aboriginal,Barkly,105
2005,Final,Male,40-,Non-Aboriginal,Big Rivers,405
2005,Final,Male,40-,Non-Aboriginal,Central Australia,1139
2005,Final,Male,40-,Non-Aboriginal,East Arnhem,301
2005,Final,Male,40-,Non-Aboriginal,Greater Darwin,4541
2005,Final,Male,40-,Non-Aboriginal,Top End,256
2005,Final,Female,40-,Aboriginal,Barkly,160
2005,Final,Female,40-,Aboriginal,Big Rivers,324
2005,Final,Female,40-,Aboriginal,Central Australia,465
2005,Final,Female,40-,Aboriginal,East Arnhem,300
2005,Final,Female,40-,Aboriginal,Greater Darwin,359
2005,Final,Female,40-,Aboriginal,Top End,283
2005,Final,Female,40-,Non-Aboriginal,Barkly,68
2005,Final,Female,40-,Non-Aboriginal,Big Rivers,332
2005,Final,Female,40-,Non-Aboriginal,Central Australia,1027
2005,Final,Female,40-,Non-Aboriginal,East Arnhem,250
2005,Final,Female,40-,Non-Aboriginal,Greater Darwin,4047
2005,Final,Female,40-,Non-Aboriginal,Top End,174
2005,Final,Male,45-,Aboriginal,Barkly,96
2005,Final,Male,45-,Aboriginal,Big Rivers,227
2005,Final,Male,45-,Aboriginal,Central Australia,290
2005,Final,Male,45-,Aboriginal,East Arnhem,238
2005,Final,Male,45-,Aboriginal,Greater Darwin,337
2005,Final,Male,45-,Aboriginal,Top End,199
2005,Final,Male,45-,Non-Aboriginal,Barkly,102
2005,Final,Male,45-,Non-Aboriginal,Big Rivers,352
2005,Final,Male,45-,Non-Aboriginal,Central Australia,1102
2005,Final,Male,45-,Non-Aboriginal,East Arnhem,307
2005,Final,Male,45-,Non-Aboriginal,Greater Darwin,4104
2005,Final,Male,45-,Non-Aboriginal,Top End,251
2005,Final,Female,45-,Aboriginal,Barkly,129
2005,Final,Female,45-,Aboriginal,Big Rivers,281
2005,Final,Female,45-,Aboriginal,Central Australia,393
2005,Final,Female,45-,Aboriginal,East Arnhem,234
2005,Final,Female,45-,Aboriginal,Greater Darwin,289
2005,Final,Female,45-,Aboriginal,Top End,211
2005,Final,Female,45-,Non-Aboriginal,Barkly,94
2005,Final,Female,45-,Non-Aboriginal,Big Rivers,332
2005,Final,Female,45-,Non-Aboriginal,Central Australia,989
2005,Final,Female,45-,Non-Aboriginal,East Arnhem,230
2005,Final,Female,45-,Non-Aboriginal,Greater Darwin,3782
2005,Final,Female,45-,Non-Aboriginal,Top End,182
2005,Final,Male,5-,Aboriginal,Barkly,268
2005,Final,Male,5-,Aboriginal,Big Rivers,666
2005,Final,Male,5-,Aboriginal,Central Australia,818
2005,Final,Male,5-,Aboriginal,East Arnhem,594
2005,Final,Male,5-,Aboriginal,Greater Darwin,792
2005,Final,Male,5-,Aboriginal,Top End,669
2005,Final,Male,5-,Non-Aboriginal,Barkly,51
2005,Final,Male,5-,Non-Aboriginal,Big Rivers,334
2005,Final,Male,5-,Non-Aboriginal,Central Australia,773
2005,Final,Male,5-,Non-Aboriginal,East Arnhem,224
2005,Final,Male,5-,Non-Aboriginal,Greater Darwin,3405
2005,Final,Male,5-,Non-Aboriginal,Top End,165
2005,Final,Female,5-,Aboriginal,Barkly,306
2005,Final,Female,5-,Aboriginal,Big Rivers,640
2005,Final,Female,5-,Aboriginal,Central Australia,803
2005,Final,Female,5-,Aboriginal,East Arnhem,508
2005,Final,Female,5-,Aboriginal,Greater Darwin,687
2005,Final,Female,5-,Aboriginal,Top End,615
2005,Final,Female,5-,Non-Aboriginal,Barkly,27
2005,Final,Female,5-,Non-Aboriginal,Big Rivers,292
2005,Final,Female,5-,Non-Aboriginal,Central Australia,652
2005,Final,Female,5-,Non-Aboriginal,East Arnhem,219
2005,Final,Female,5-,Non-Aboriginal,Greater Darwin,3237
2005,Final,Female,5-,Non-Aboriginal,Top End,99
2005,Final,Male,50-,Aboriginal,Barkly,78
2005,Final,Male,50-,Aboriginal,Big Rivers,176
2005,Final,Male,50-,Aboriginal,Central Australia,267
2005,Final,Male,50-,Aboriginal,East Arnhem,158
2005,Final,Male,50-,Aboriginal,Greater Darwin,243
2005,Final,Male,50-,Aboriginal,Top End,144
2005,Final,Male,50-,Non-Aboriginal,Barkly,105
2005,Final,Male,50-,Non-Aboriginal,Big Rivers,368
2005,Final,Male,50-,Non-Aboriginal,Central Australia,1020
2005,Final,Male,50-,Non-Aboriginal,East Arnhem,267
2005,Final,Male,50-,Non-Aboriginal,Greater Darwin,3830
2005,Final,Male,50-,Non-Aboriginal,Top End,229
2005,Final,Female,50-,Aboriginal,Barkly,121
2005,Final,Female,50-,Aboriginal,Big Rivers,168
2005,Final,Female,50-,Aboriginal,Central Australia,350
2005,Final,Female,50-,Aboriginal,East Arnhem,197
2005,Final,Female,50-,Aboriginal,Greater Darwin,247
2005,Final,Female,50-,Aboriginal,Top End,169
2005,Final,Female,50-,Non-Aboriginal,Barkly,92
2005,Final,Female,50-,Non-Aboriginal,Big Rivers,267
2005,Final,Female,50-,Non-Aboriginal,Central Australia,906
2005,Final,Female,50-,Non-Aboriginal,East Arnhem,173
2005,Final,Female,50-,Non-Aboriginal,Greater Darwin,3331
2005,Final,Female,50-,Non-Aboriginal,Top End,209
2005,Final,Male,55-,Aboriginal,Barkly,64
2005,Final,Male,55-,Aboriginal,Big Rivers,113
2005,Final,Male,55-,Aboriginal,Central Australia,137
2005,Final,Male,55-,Aboriginal,East Arnhem,92
2005,Final,Male,55-,Aboriginal,Greater Darwin,167
2005,Final,Male,55-,Aboriginal,Top End,107
2005,Final,Male,55-,Non-Aboriginal,Barkly,117
2005,Final,Male,55-,Non-Aboriginal,Big Rivers,342
2005,Final,Male,55-,Non-Aboriginal,Central Australia,800
2005,Final,Male,55-,Non-Aboriginal,East Arnhem,222
2005,Final,Male,55-,Non-Aboriginal,Greater Darwin,3400
2005,Final,Male,55-,Non-Aboriginal,Top End,230
2005,Final,Female,55-,Aboriginal,Barkly,63
2005,Final,Female,55-,Aboriginal,Big Rivers,140
2005,Final,Female,55-,Aboriginal,Central Australia,245
2005,Final,Female,55-,Aboriginal,East Arnhem,85
2005,Final,Female,55-,Aboriginal,Greater Darwin,182
2005,Final,Female,55-,Aboriginal,Top End,127
2005,Final,Female,55-,Non-Aboriginal,Barkly,94
2005,Final,Female,55-,Non-Aboriginal,Big Rivers,230
2005,Final,Female,55-,Non-Aboriginal,Central Australia,600
2005,Final,Female,55-,Non-Aboriginal,East Arnhem,124
2005,Final,Female,55-,Non-Aboriginal,Greater Darwin,2628
2005,Final,Female,55-,Non-Aboriginal,Top End,148
2005,Final,Male,60-,Aboriginal,Barkly,48
2005,Final,Male,60-,Aboriginal,Big Rivers,95
2005,Final,Male,60-,Aboriginal,Central Australia,109
2005,Final,Male,60-,Aboriginal,East Arnhem,76
2005,Final,Male,60-,Aboriginal,Greater Darwin,75
2005,Final,Male,60-,Aboriginal,Top End,80
2005,Final,Male,60-,Non-Aboriginal,Barkly,75
2005,Final,Male,60-,Non-Aboriginal,Big Rivers,231
2005,Final,Male,60-,Non-Aboriginal,Central Australia,490
2005,Final,Male,60-,Non-Aboriginal,East Arnhem,96
2005,Final,Male,60-,Non-Aboriginal,Greater Darwin,2226
2005,Final,Male,60-,Non-Aboriginal,Top End,163
2005,Final,Female,60-,Aboriginal,Barkly,53
2005,Final,Female,60-,Aboriginal,Big Rivers,84
2005,Final,Female,60-,Aboriginal,Central Australia,204
2005,Final,Female,60-,Aboriginal,East Arnhem,113
2005,Final,Female,60-,Aboriginal,Greater Darwin,111
2005,Final,Female,60-,Aboriginal,Top End,77
2005,Final,Female,60-,Non-Aboriginal,Barkly,40
2005,Final,Female,60-,Non-Aboriginal,Big Rivers,140
2005,Final,Female,60-,Non-Aboriginal,Central Australia,378
2005,Final,Female,60-,Non-Aboriginal,East Arnhem,32
2005,Final,Female,60-,Non-Aboriginal,Greater Darwin,1546
2005,Final,Female,60-,Non-Aboriginal,Top End,99
2005,Final,Male,65-,Aboriginal,Barkly,27
2005,Final,Male,65-,Aboriginal,Big Rivers,52
2005,Final,Male,65-,Aboriginal,Central Australia,69
2005,Final,Male,65-,Aboriginal,East Arnhem,38
2005,Final,Male,65-,Aboriginal,Greater Darwin,57
2005,Final,Male,65-,Aboriginal,Top End,48
2005,Final,Male,65-,Non-Aboriginal,Barkly,55
2005,Final,Male,65-,Non-Aboriginal,Big Rivers,144
2005,Final,Male,65-,Non-Aboriginal,Central Australia,288
2005,Final,Male,65-,Non-Aboriginal,East Arnhem,30
2005,Final,Male,65-,Non-Aboriginal,Greater Darwin,1367
2005,Final,Male,65-,Non-Aboriginal,Top End,100
2005,Final,Female,65-,Aboriginal,Barkly,35
2005,Final,Female,65-,Aboriginal,Big Rivers,74
2005,Final,Female,65-,Aboriginal,Central Australia,100
2005,Final,Female,65-,Aboriginal,East Arnhem,45
2005,Final,Female,65-,Aboriginal,Greater Darwin,76
2005,Final,Female,65-,Aboriginal,Top End,49
2005,Final,Female,65-,Non-Aboriginal,Barkly,30
2005,Final,Female,65-,Non-Aboriginal,Big Rivers,95
2005,Final,Female,65-,Non-Aboriginal,Central Australia,202
2005,Final,Female,65-,Non-Aboriginal,East Arnhem,10
2005,Final,Female,65-,Non-Aboriginal,Greater Darwin,862
2005,Final,Female,65-,Non-Aboriginal,Top End,42
2005,Final,Male,70-,Aboriginal,Barkly,16
2005,Final,Male,70-,Aboriginal,Big Rivers,37
2005,Final,Male,70-,Aboriginal,Central Australia,28
2005,Final,Male,70-,Aboriginal,East Arnhem,11
2005,Final,Male,70-,Aboriginal,Greater Darwin,41
2005,Final,Male,70-,Aboriginal,Top End,32
2005,Final,Male,70-,Non-Aboriginal,Barkly,18
2005,Final,Male,70-,Non-Aboriginal,Big Rivers,78
2005,Final,Male,70-,Non-Aboriginal,Central Australia,132
2005,Final,Male,70-,Non-Aboriginal,East Arnhem,7
2005,Final,Male,70-,Non-Aboriginal,Greater Darwin,717
2005,Final,Male,70-,Non-Aboriginal,Top End,28
2005,Final,Female,70-,Aboriginal,Barkly,36
2005,Final,Female,70-,Aboriginal,Big Rivers,52
2005,Final,Female,70-,Aboriginal,Central Australia,119
2005,Final,Female,70-,Aboriginal,East Arnhem,29
2005,Final,Female,70-,Aboriginal,Greater Darwin,48
2005,Final,Female,70-,Aboriginal,Top End,31
2005,Final,Female,70-,Non-Aboriginal,Barkly,8
2005,Final,Female,70-,Non-Aboriginal,Big Rivers,39
2005,Final,Female,70-,Non-Aboriginal,Central Australia,95
2005,Final,Female,70-,Non-Aboriginal,East Arnhem,0
2005,Final,Female,70-,Non-Aboriginal,Greater Darwin,526
2005,Final,Female,70-,Non-Aboriginal,Top End,20
2005,Final,Male,75-,Aboriginal,Barkly,9
2005,Final,Male,75-,Aboriginal,Big Rivers,22
2005,Final,Male,75-,Aboriginal,Central Australia,39
2005,Final,Male,75-,Aboriginal,East Arnhem,6
2005,Final,Male,75-,Aboriginal,Greater Darwin,15
2005,Final,Male,75-,Aboriginal,Top End,15
2005,Final,Male,75-,Non-Aboriginal,Barkly,17
2005,Final,Male,75-,Non-Aboriginal,Big Rivers,41
2005,Final,Male,75-,Non-Aboriginal,Central Australia,119
2005,Final,Male,75-,Non-Aboriginal,East Arnhem,2
2005,Final,Male,75-,Non-Aboriginal,Greater Darwin,487
2005,Final,Male,75-,Non-Aboriginal,Top End,22
2005,Final,Female,75-,Aboriginal,Barkly,15
2005,Final,Female,75-,Aboriginal,Big Rivers,18
2005,Final,Female,75-,Aboriginal,Central Australia,47
2005,Final,Female,75-,Aboriginal,East Arnhem,19
2005,Final,Female,75-,Aboriginal,Greater Darwin,31
2005,Final,Female,75-,Aboriginal,Top End,31
2005,Final,Female,75-,Non-Aboriginal,Barkly,5
2005,Final,Female,75-,Non-Aboriginal,Big Rivers,22
2005,Final,Female,75-,Non-Aboriginal,Central Australia,117
2005,Final,Female,75-,Non-Aboriginal,East Arnhem,2
2005,Final,Female,75-,Non-Aboriginal,Greater Darwin,378
2005,Final,Female,75-,Non-Aboriginal,Top End,16
2005,Final,Male,80-,Aboriginal,Barkly,9
2005,Final,Male,80-,Aboriginal,Big Rivers,6
2005,Final,Male,80-,Aboriginal,Central Australia,26
2005,Final,Male,80-,Aboriginal,East Arnhem,7
2005,Final,Male,80-,Aboriginal,Greater Darwin,3
2005,Final,Male,80-,Aboriginal,Top End,1
2005,Final,Male,80-,Non-Aboriginal,Barkly,4
2005,Final,Male,80-,Non-Aboriginal,Big Rivers,22
2005,Final,Male,80-,Non-Aboriginal,Central Australia,38
2005,Final,Male,80-,Non-Aboriginal,East Arnhem,1
2005,Final,Male,80-,Non-Aboriginal,Greater Darwin,195
2005,Final,Male,80-,Non-Aboriginal,Top End,7
2005,Final,Female,80-,Aboriginal,Barkly,4
2005,Final,Female,80-,Aboriginal,Big Rivers,15
2005,Final,Female,80-,Aboriginal,Central Australia,39
2005,Final,Female,80-,Aboriginal,East Arnhem,10
2005,Final,Female,80-,Aboriginal,Greater Darwin,21
2005,Final,Female,80-,Aboriginal,Top End,12
2005,Final,Female,80-,Non-Aboriginal,Barkly,3
2005,Final,Female,80-,Non-Aboriginal,Big Rivers,15
2005,Final,Female,80-,Non-Aboriginal,Central Australia,66
2005,Final,Female,80-,Non-Aboriginal,East Arnhem,2
2005,Final,Female,80-,Non-Aboriginal,Greater Darwin,249
2005,Final,Female,80-,Non-Aboriginal,Top End,6
2005,Final,Male,85+,Aboriginal,Barkly,3
2005,Final,Male,85+,Aboriginal,Big Rivers,13
2005,Final,Male,85+,Aboriginal,Central Australia,12
2005,Final,Male,85+,Aboriginal,East Arnhem,6
2005,Final,Male,85+,Aboriginal,Greater Darwin,5
2005,Final,Male,85+,Aboriginal,Top End,9
2005,Final,Male,85+,Non-Aboriginal,Barkly,3
2005,Final,Male,85+,Non-Aboriginal,Big Rivers,11
2005,Final,Male,85+,Non-Aboriginal,Central Australia,20
2005,Final,Male,85+,Non-Aboriginal,East Arnhem,0
2005,Final,Male,85+,Non-Aboriginal,Greater Darwin,110
2005,Final,Male,85+,Non-Aboriginal,Top End,2
2005,Final,Female,85+,Aboriginal,Barkly,11
2005,Final,Female,85+,Aboriginal,Big Rivers,23
2005,Final,Female,85+,Aboriginal,Central Australia,28
2005,Final,Female,85+,Aboriginal,East Arnhem,7
2005,Final,Female,85+,Aboriginal,Greater Darwin,3
2005,Final,Female,85+,Aboriginal,Top End,14
2005,Final,Female,85+,Non-Aboriginal,Barkly,1
2005,Final,Female,85+,Non-Aboriginal,Big Rivers,9
2005,Final,Female,85+,Non-Aboriginal,Central Australia,61
2005,Final,Female,85+,Non-Aboriginal,East Arnhem,1
2005,Final,Female,85+,Non-Aboriginal,Greater Darwin,178
2005,Final,Female,85+,Non-Aboriginal,Top End,2
2006,Final,Male,0-,Aboriginal,Barkly,318
2006,Final,Male,0-,Aboriginal,Big Rivers,724
2006,Final,Male,0-,Aboriginal,Central Australia,853
2006,Final,Male,0-,Aboriginal,East Arnhem,561
2006,Final,Male,0-,Aboriginal,Greater Darwin,798
2006,Final,Male,0-,Aboriginal,Top End,698
2006,Final,Male,0-,Non-Aboriginal,Barkly,51
2006,Final,Male,0-,Non-Aboriginal,Big Rivers,316
2006,Final,Male,0-,Non-Aboriginal,Central Australia,683
2006,Final,Male,0-,Non-Aboriginal,East Arnhem,233
2006,Final,Male,0-,Non-Aboriginal,Greater Darwin,3620
2006,Final,Male,0-,Non-Aboriginal,Top End,122
2006,Final,Female,0-,Aboriginal,Barkly,280
2006,Final,Female,0-,Aboriginal,Big Rivers,721
2006,Final,Female,0-,Aboriginal,Central Australia,955
2006,Final,Female,0-,Aboriginal,East Arnhem,477
2006,Final,Female,0-,Aboriginal,Greater Darwin,682
2006,Final,Female,0-,Aboriginal,Top End,651
2006,Final,Female,0-,Non-Aboriginal,Barkly,32
2006,Final,Female,0-,Non-Aboriginal,Big Rivers,290
2006,Final,Female,0-,Non-Aboriginal,Central Australia,628
2006,Final,Female,0-,Non-Aboriginal,East Arnhem,226
2006,Final,Female,0-,Non-Aboriginal,Greater Darwin,3531
2006,Final,Female,0-,Non-Aboriginal,Top End,111
2006,Final,Male,10-,Aboriginal,Barkly,289
2006,Final,Male,10-,Aboriginal,Big Rivers,637
2006,Final,Male,10-,Aboriginal,Central Australia,777
2006,Final,Male,10-,Aboriginal,East Arnhem,441
2006,Final,Male,10-,Aboriginal,Greater Darwin,860
2006,Final,Male,10-,Aboriginal,Top End,643
2006,Final,Male,10-,Non-Aboriginal,Barkly,39
2006,Final,Male,10-,Non-Aboriginal,Big Rivers,306
2006,Final,Male,10-,Non-Aboriginal,Central Australia,783
2006,Final,Male,10-,Non-Aboriginal,East Arnhem,198
2006,Final,Male,10-,Non-Aboriginal,Greater Darwin,3476
2006,Final,Male,10-,Non-Aboriginal,Top End,149
2006,Final,Female,10-,Aboriginal,Barkly,271
2006,Final,Female,10-,Aboriginal,Big Rivers,583
2006,Final,Female,10-,Aboriginal,Central Australia,843
2006,Final,Female,10-,Aboriginal,East Arnhem,463
2006,Final,Female,10-,Aboriginal,Greater Darwin,700
2006,Final,Female,10-,Aboriginal,Top End,582
2006,Final,Female,10-,Non-Aboriginal,Barkly,33
2006,Final,Female,10-,Non-Aboriginal,Big Rivers,310
2006,Final,Female,10-,Non-Aboriginal,Central Australia,741
2006,Final,Female,10-,Non-Aboriginal,East Arnhem,190
2006,Final,Female,10-,Non-Aboriginal,Greater Darwin,3234
2006,Final,Female,10-,Non-Aboriginal,Top End,109
2006,Final,Male,15-,Aboriginal,Barkly,265
2006,Final,Male,15-,Aboriginal,Big Rivers,578
2006,Final,Male,15-,Aboriginal,Central Australia,764
2006,Final,Male,15-,Aboriginal,East Arnhem,495
2006,Final,Male,15-,Aboriginal,Greater Darwin,714
2006,Final,Male,15-,Aboriginal,Top End,520
2006,Final,Male,15-,Non-Aboriginal,Barkly,81
2006,Final,Male,15-,Non-Aboriginal,Big Rivers,242
2006,Final,Male,15-,Non-Aboriginal,Central Australia,751
2006,Final,Male,15-,Non-Aboriginal,East Arnhem,146
2006,Final,Male,15-,Non-Aboriginal,Greater Darwin,3382
2006,Final,Male,15-,Non-Aboriginal,Top End,91
2006,Final,Female,15-,Aboriginal,Barkly,260
2006,Final,Female,15-,Aboriginal,Big Rivers,548
2006,Final,Female,15-,Aboriginal,Central Australia,729
2006,Final,Female,15-,Aboriginal,East Arnhem,460
2006,Final,Female,15-,Aboriginal,Greater Darwin,611
2006,Final,Female,15-,Aboriginal,Top End,562
2006,Final,Female,15-,Non-Aboriginal,Barkly,64
2006,Final,Female,15-,Non-Aboriginal,Big Rivers,226
2006,Final,Female,15-,Non-Aboriginal,Central Australia,750
2006,Final,Female,15-,Non-Aboriginal,East Arnhem,125
2006,Final,Female,15-,Non-Aboriginal,Greater Darwin,2932
2006,Final,Female,15-,Non-Aboriginal,Top End,61
2006,Final,Male,20-,Aboriginal,Barkly,261
2006,Final,Male,20-,Aboriginal,Big Rivers,501
2006,Final,Male,20-,Aboriginal,Central Australia,708
2006,Final,Male,20-,Aboriginal,East Arnhem,431
2006,Final,Male,20-,Aboriginal,Greater Darwin,532
2006,Final,Male,20-,Aboriginal,Top End,529
2006,Final,Male,20-,Non-Aboriginal,Barkly,87
2006,Final,Male,20-,Non-Aboriginal,Big Rivers,343
2006,Final,Male,20-,Non-Aboriginal,Central Australia,825
2006,Final,Male,20-,Non-Aboriginal,East Arnhem,166
2006,Final,Male,20-,Non-Aboriginal,Greater Darwin,4191
2006,Final,Male,20-,Non-Aboriginal,Top End,108
2006,Final,Female,20-,Aboriginal,Barkly,216
2006,Final,Female,20-,Aboriginal,Big Rivers,538
2006,Final,Female,20-,Aboriginal,Central Australia,837
2006,Final,Female,20-,Aboriginal,East Arnhem,466
2006,Final,Female,20-,Aboriginal,Greater Darwin,452
2006,Final,Female,20-,Aboriginal,Top End,539
2006,Final,Female,20-,Non-Aboriginal,Barkly,95
2006,Final,Female,20-,Non-Aboriginal,Big Rivers,295
2006,Final,Female,20-,Non-Aboriginal,Central Australia,914
2006,Final,Female,20-,Non-Aboriginal,East Arnhem,131
2006,Final,Female,20-,Non-Aboriginal,Greater Darwin,3557
2006,Final,Female,20-,Non-Aboriginal,Top End,148
2006,Final,Male,25-,Aboriginal,Barkly,205
2006,Final,Male,25-,Aboriginal,Big Rivers,388
2006,Final,Male,25-,Aboriginal,Central Australia,613
2006,Final,Male,25-,Aboriginal,East Arnhem,412
2006,Final,Male,25-,Aboriginal,Greater Darwin,453
2006,Final,Male,25-,Aboriginal,Top End,446
2006,Final,Male,25-,Non-Aboriginal,Barkly,76
2006,Final,Male,25-,Non-Aboriginal,Big Rivers,369
2006,Final,Male,25-,Non-Aboriginal,Central Australia,963
2006,Final,Male,25-,Non-Aboriginal,East Arnhem,234
2006,Final,Male,25-,Non-Aboriginal,Greater Darwin,4434
2006,Final,Male,25-,Non-Aboriginal,Top End,174
2006,Final,Female,25-,Aboriginal,Barkly,223
2006,Final,Female,25-,Aboriginal,Big Rivers,460
2006,Final,Female,25-,Aboriginal,Central Australia,714
2006,Final,Female,25-,Aboriginal,East Arnhem,455
2006,Final,Female,25-,Aboriginal,Greater Darwin,433
2006,Final,Female,25-,Aboriginal,Top End,448
2006,Final,Female,25-,Non-Aboriginal,Barkly,80
2006,Final,Female,25-,Non-Aboriginal,Big Rivers,357
2006,Final,Female,25-,Non-Aboriginal,Central Australia,998
2006,Final,Female,25-,Non-Aboriginal,East Arnhem,226
2006,Final,Female,25-,Non-Aboriginal,Greater Darwin,4192
2006,Final,Female,25-,Non-Aboriginal,Top End,177
2006,Final,Male,30-,Aboriginal,Barkly,223
2006,Final,Male,30-,Aboriginal,Big Rivers,361
2006,Final,Male,30-,Aboriginal,Central Australia,593
2006,Final,Male,30-,Aboriginal,East Arnhem,359
2006,Final,Male,30-,Aboriginal,Greater Darwin,539
2006,Final,Male,30-,Aboriginal,Top End,389
2006,Final,Male,30-,Non-Aboriginal,Barkly,89
2006,Final,Male,30-,Non-Aboriginal,Big Rivers,427
2006,Final,Male,30-,Non-Aboriginal,Central Australia,991
2006,Final,Male,30-,Non-Aboriginal,East Arnhem,303
2006,Final,Male,30-,Non-Aboriginal,Greater Darwin,4631
2006,Final,Male,30-,Non-Aboriginal,Top End,219
2006,Final,Female,30-,Aboriginal,Barkly,222
2006,Final,Female,30-,Aboriginal,Big Rivers,433
2006,Final,Female,30-,Aboriginal,Central Australia,715
2006,Final,Female,30-,Aboriginal,East Arnhem,413
2006,Final,Female,30-,Aboriginal,Greater Darwin,449
2006,Final,Female,30-,Aboriginal,Top End,390
2006,Final,Female,30-,Non-Aboriginal,Barkly,70
2006,Final,Female,30-,Non-Aboriginal,Big Rivers,408
2006,Final,Female,30-,Non-Aboriginal,Central Australia,980
2006,Final,Female,30-,Non-Aboriginal,East Arnhem,277
2006,Final,Female,30-,Non-Aboriginal,Greater Darwin,4321
2006,Final,Female,30-,Non-Aboriginal,Top End,181
2006,Final,Male,35-,Aboriginal,Barkly,142
2006,Final,Male,35-,Aboriginal,Big Rivers,380
2006,Final,Male,35-,Aboriginal,Central Australia,515
2006,Final,Male,35-,Aboriginal,East Arnhem,324
2006,Final,Male,35-,Aboriginal,Greater Darwin,467
2006,Final,Male,35-,Aboriginal,Top End,383
2006,Final,Male,35-,Non-Aboriginal,Barkly,69
2006,Final,Male,35-,Non-Aboriginal,Big Rivers,429
2006,Final,Male,35-,Non-Aboriginal,Central Australia,1103
2006,Final,Male,35-,Non-Aboriginal,East Arnhem,353
2006,Final,Male,35-,Non-Aboriginal,Greater Darwin,4573
2006,Final,Male,35-,Non-Aboriginal,Top End,224
2006,Final,Female,35-,Aboriginal,Barkly,165
2006,Final,Female,35-,Aboriginal,Big Rivers,473
2006,Final,Female,35-,Aboriginal,Central Australia,576
2006,Final,Female,35-,Aboriginal,East Arnhem,340
2006,Final,Female,35-,Aboriginal,Greater Darwin,437
2006,Final,Female,35-,Aboriginal,Top End,377
2006,Final,Female,35-,Non-Aboriginal,Barkly,69
2006,Final,Female,35-,Non-Aboriginal,Big Rivers,350
2006,Final,Female,35-,Non-Aboriginal,Central Australia,1013
2006,Final,Female,35-,Non-Aboriginal,East Arnhem,247
2006,Final,Female,35-,Non-Aboriginal,Greater Darwin,4246
2006,Final,Female,35-,Non-Aboriginal,Top End,223
2006,Final,Male,40-,Aboriginal,Barkly,153
2006,Final,Male,40-,Aboriginal,Big Rivers,310
2006,Final,Male,40-,Aboriginal,Central Australia,419
2006,Final,Male,40-,Aboriginal,East Arnhem,271
2006,Final,Male,40-,Aboriginal,Greater Darwin,410
2006,Final,Male,40-,Aboriginal,Top End,281
2006,Final,Male,40-,Non-Aboriginal,Barkly,98
2006,Final,Male,40-,Non-Aboriginal,Big Rivers,393
2006,Final,Male,40-,Non-Aboriginal,Central Australia,1136
2006,Final,Male,40-,Non-Aboriginal,East Arnhem,299
2006,Final,Male,40-,Non-Aboriginal,Greater Darwin,4524
2006,Final,Male,40-,Non-Aboriginal,Top End,254
2006,Final,Female,40-,Aboriginal,Barkly,162
2006,Final,Female,40-,Aboriginal,Big Rivers,327
2006,Final,Female,40-,Aboriginal,Central Australia,457
2006,Final,Female,40-,Aboriginal,East Arnhem,305
2006,Final,Female,40-,Aboriginal,Greater Darwin,368
2006,Final,Female,40-,Aboriginal,Top End,282
2006,Final,Female,40-,Non-Aboriginal,Barkly,61
2006,Final,Female,40-,Non-Aboriginal,Big Rivers,329
2006,Final,Female,40-,Non-Aboriginal,Central Australia,1025
2006,Final,Female,40-,Non-Aboriginal,East Arnhem,252
2006,Final,Female,40-,Non-Aboriginal,Greater Darwin,4004
2006,Final,Female,40-,Non-Aboriginal,Top End,174
2006,Final,Male,45-,Aboriginal,Barkly,101
2006,Final,Male,45-,Aboriginal,Big Rivers,244
2006,Final,Male,45-,Aboriginal,Central Australia,307
2006,Final,Male,45-,Aboriginal,East Arnhem,255
2006,Final,Male,45-,Aboriginal,Greater Darwin,363
2006,Final,Male,45-,Aboriginal,Top End,212
2006,Final,Male,45-,Non-Aboriginal,Barkly,97
2006,Final,Male,45-,Non-Aboriginal,Big Rivers,349
2006,Final,Male,45-,Non-Aboriginal,Central Australia,1137
2006,Final,Male,45-,Non-Aboriginal,East Arnhem,317
2006,Final,Male,45-,Non-Aboriginal,Greater Darwin,4222
2006,Final,Male,45-,Non-Aboriginal,Top End,260
2006,Final,Female,45-,Aboriginal,Barkly,135
2006,Final,Female,45-,Aboriginal,Big Rivers,298
2006,Final,Female,45-,Aboriginal,Central Australia,410
2006,Final,Female,45-,Aboriginal,East Arnhem,245
2006,Final,Female,45-,Aboriginal,Greater Darwin,302
2006,Final,Female,45-,Aboriginal,Top End,218
2006,Final,Female,45-,Non-Aboriginal,Barkly,91
2006,Final,Female,45-,Non-Aboriginal,Big Rivers,339
2006,Final,Female,45-,Non-Aboriginal,Central Australia,1019
2006,Final,Female,45-,Non-Aboriginal,East Arnhem,238
2006,Final,Female,45-,Non-Aboriginal,Greater Darwin,3852
2006,Final,Female,45-,Non-Aboriginal,Top End,187
2006,Final,Male,5-,Aboriginal,Barkly,257
2006,Final,Male,5-,Aboriginal,Big Rivers,673
2006,Final,Male,5-,Aboriginal,Central Australia,819
2006,Final,Male,5-,Aboriginal,East Arnhem,607
2006,Final,Male,5-,Aboriginal,Greater Darwin,822
2006,Final,Male,5-,Aboriginal,Top End,669
2006,Final,Male,5-,Non-Aboriginal,Barkly,48
2006,Final,Male,5-,Non-Aboriginal,Big Rivers,319
2006,Final,Male,5-,Non-Aboriginal,Central Australia,763
2006,Final,Male,5-,Non-Aboriginal,East Arnhem,224
2006,Final,Male,5-,Non-Aboriginal,Greater Darwin,3411
2006,Final,Male,5-,Non-Aboriginal,Top End,169
2006,Final,Female,5-,Aboriginal,Barkly,305
2006,Final,Female,5-,Aboriginal,Big Rivers,654
2006,Final,Female,5-,Aboriginal,Central Australia,806
2006,Final,Female,5-,Aboriginal,East Arnhem,514
2006,Final,Female,5-,Aboriginal,Greater Darwin,720
2006,Final,Female,5-,Aboriginal,Top End,620
2006,Final,Female,5-,Non-Aboriginal,Barkly,21
2006,Final,Female,5-,Non-Aboriginal,Big Rivers,285
2006,Final,Female,5-,Non-Aboriginal,Central Australia,646
2006,Final,Female,5-,Non-Aboriginal,East Arnhem,224
2006,Final,Female,5-,Non-Aboriginal,Greater Darwin,3269
2006,Final,Female,5-,Non-Aboriginal,Top End,97
2006,Final,Male,50-,Aboriginal,Barkly,78
2006,Final,Male,50-,Aboriginal,Big Rivers,182
2006,Final,Male,50-,Aboriginal,Central Australia,271
2006,Final,Male,50-,Aboriginal,East Arnhem,161
2006,Final,Male,50-,Aboriginal,Greater Darwin,259
2006,Final,Male,50-,Aboriginal,Top End,147
2006,Final,Male,50-,Non-Aboriginal,Barkly,100
2006,Final,Male,50-,Non-Aboriginal,Big Rivers,365
2006,Final,Male,50-,Non-Aboriginal,Central Australia,1040
2006,Final,Male,50-,Non-Aboriginal,East Arnhem,268
2006,Final,Male,50-,Non-Aboriginal,Greater Darwin,3852
2006,Final,Male,50-,Non-Aboriginal,Top End,227
2006,Final,Female,50-,Aboriginal,Barkly,124
2006,Final,Female,50-,Aboriginal,Big Rivers,168
2006,Final,Female,50-,Aboriginal,Central Australia,354
2006,Final,Female,50-,Aboriginal,East Arnhem,203
2006,Final,Female,50-,Aboriginal,Greater Darwin,261
2006,Final,Female,50-,Aboriginal,Top End,173
2006,Final,Female,50-,Non-Aboriginal,Barkly,95
2006,Final,Female,50-,Non-Aboriginal,Big Rivers,278
2006,Final,Female,50-,Non-Aboriginal,Central Australia,939
2006,Final,Female,50-,Non-Aboriginal,East Arnhem,179
2006,Final,Female,50-,Non-Aboriginal,Greater Darwin,3417
2006,Final,Female,50-,Non-Aboriginal,Top End,224
2006,Final,Male,55-,Aboriginal,Barkly,67
2006,Final,Male,55-,Aboriginal,Big Rivers,116
2006,Final,Male,55-,Aboriginal,Central Australia,133
2006,Final,Male,55-,Aboriginal,East Arnhem,96
2006,Final,Male,55-,Aboriginal,Greater Darwin,183
2006,Final,Male,55-,Aboriginal,Top End,112
2006,Final,Male,55-,Non-Aboriginal,Barkly,115
2006,Final,Male,55-,Non-Aboriginal,Big Rivers,359
2006,Final,Male,55-,Non-Aboriginal,Central Australia,833
2006,Final,Male,55-,Non-Aboriginal,East Arnhem,239
2006,Final,Male,55-,Non-Aboriginal,Greater Darwin,3577
2006,Final,Male,55-,Non-Aboriginal,Top End,245
2006,Final,Female,55-,Aboriginal,Barkly,62
2006,Final,Female,55-,Aboriginal,Big Rivers,141
2006,Final,Female,55-,Aboriginal,Central Australia,245
2006,Final,Female,55-,Aboriginal,East Arnhem,82
2006,Final,Female,55-,Aboriginal,Greater Darwin,199
2006,Final,Female,55-,Aboriginal,Top End,131
2006,Final,Female,55-,Non-Aboriginal,Barkly,95
2006,Final,Female,55-,Non-Aboriginal,Big Rivers,248
2006,Final,Female,55-,Non-Aboriginal,Central Australia,638
2006,Final,Female,55-,Non-Aboriginal,East Arnhem,140
2006,Final,Female,55-,Non-Aboriginal,Greater Darwin,2794
2006,Final,Female,55-,Non-Aboriginal,Top End,159
2006,Final,Male,60-,Aboriginal,Barkly,51
2006,Final,Male,60-,Aboriginal,Big Rivers,102
2006,Final,Male,60-,Aboriginal,Central Australia,109
2006,Final,Male,60-,Aboriginal,East Arnhem,81
2006,Final,Male,60-,Aboriginal,Greater Darwin,79
2006,Final,Male,60-,Aboriginal,Top End,84
2006,Final,Male,60-,Non-Aboriginal,Barkly,73
2006,Final,Male,60-,Non-Aboriginal,Big Rivers,243
2006,Final,Male,60-,Non-Aboriginal,Central Australia,528
2006,Final,Male,60-,Non-Aboriginal,East Arnhem,104
2006,Final,Male,60-,Non-Aboriginal,Greater Darwin,2384
2006,Final,Male,60-,Non-Aboriginal,Top End,173
2006,Final,Female,60-,Aboriginal,Barkly,52
2006,Final,Female,60-,Aboriginal,Big Rivers,88
2006,Final,Female,60-,Aboriginal,Central Australia,210
2006,Final,Female,60-,Aboriginal,East Arnhem,119
2006,Final,Female,60-,Aboriginal,Greater Darwin,122
2006,Final,Female,60-,Aboriginal,Top End,78
2006,Final,Female,60-,Non-Aboriginal,Barkly,43
2006,Final,Female,60-,Non-Aboriginal,Big Rivers,156
2006,Final,Female,60-,Non-Aboriginal,Central Australia,409
2006,Final,Female,60-,Non-Aboriginal,East Arnhem,37
2006,Final,Female,60-,Non-Aboriginal,Greater Darwin,1696
2006,Final,Female,60-,Non-Aboriginal,Top End,110
2006,Final,Male,65-,Aboriginal,Barkly,28
2006,Final,Male,65-,Aboriginal,Big Rivers,55
2006,Final,Male,65-,Aboriginal,Central Australia,68
2006,Final,Male,65-,Aboriginal,East Arnhem,42
2006,Final,Male,65-,Aboriginal,Greater Darwin,64
2006,Final,Male,65-,Aboriginal,Top End,53
2006,Final,Male,65-,Non-Aboriginal,Barkly,60
2006,Final,Male,65-,Non-Aboriginal,Big Rivers,158
2006,Final,Male,65-,Non-Aboriginal,Central Australia,310
2006,Final,Male,65-,Non-Aboriginal,East Arnhem,36
2006,Final,Male,65-,Non-Aboriginal,Greater Darwin,1490
2006,Final,Male,65-,Non-Aboriginal,Top End,111
2006,Final,Female,65-,Aboriginal,Barkly,40
2006,Final,Female,65-,Aboriginal,Big Rivers,85
2006,Final,Female,65-,Aboriginal,Central Australia,110
2006,Final,Female,65-,Aboriginal,East Arnhem,52
2006,Final,Female,65-,Aboriginal,Greater Darwin,88
2006,Final,Female,65-,Aboriginal,Top End,56
2006,Final,Female,65-,Non-Aboriginal,Barkly,35
2006,Final,Female,65-,Non-Aboriginal,Big Rivers,112
2006,Final,Female,65-,Non-Aboriginal,Central Australia,232
2006,Final,Female,65-,Non-Aboriginal,East Arnhem,12
2006,Final,Female,65-,Non-Aboriginal,Greater Darwin,987
2006,Final,Female,65-,Non-Aboriginal,Top End,48
2006,Final,Male,70-,Aboriginal,Barkly,15
2006,Final,Male,70-,Aboriginal,Big Rivers,41
2006,Final,Male,70-,Aboriginal,Central Australia,27
2006,Final,Male,70-,Aboriginal,East Arnhem,11
2006,Final,Male,70-,Aboriginal,Greater Darwin,47
2006,Final,Male,70-,Aboriginal,Top End,37
2006,Final,Male,70-,Non-Aboriginal,Barkly,17
2006,Final,Male,70-,Non-Aboriginal,Big Rivers,84
2006,Final,Male,70-,Non-Aboriginal,Central Australia,146
2006,Final,Male,70-,Non-Aboriginal,East Arnhem,8
2006,Final,Male,70-,Non-Aboriginal,Greater Darwin,793
2006,Final,Male,70-,Non-Aboriginal,Top End,31
2006,Final,Female,70-,Aboriginal,Barkly,40
2006,Final,Female,70-,Aboriginal,Big Rivers,56
2006,Final,Female,70-,Aboriginal,Central Australia,135
2006,Final,Female,70-,Aboriginal,East Arnhem,32
2006,Final,Female,70-,Aboriginal,Greater Darwin,53
2006,Final,Female,70-,Aboriginal,Top End,32
2006,Final,Female,70-,Non-Aboriginal,Barkly,9
2006,Final,Female,70-,Non-Aboriginal,Big Rivers,43
2006,Final,Female,70-,Non-Aboriginal,Central Australia,106
2006,Final,Female,70-,Non-Aboriginal,East Arnhem,0
2006,Final,Female,70-,Non-Aboriginal,Greater Darwin,574
2006,Final,Female,70-,Non-Aboriginal,Top End,21
2006,Final,Male,75-,Aboriginal,Barkly,8
2006,Final,Male,75-,Aboriginal,Big Rivers,22
2006,Final,Male,75-,Aboriginal,Central Australia,38
2006,Final,Male,75-,Aboriginal,East Arnhem,6
2006,Final,Male,75-,Aboriginal,Greater Darwin,16
2006,Final,Male,75-,Aboriginal,Top End,16
2006,Final,Male,75-,Non-Aboriginal,Barkly,18
2006,Final,Male,75-,Non-Aboriginal,Big Rivers,41
2006,Final,Male,75-,Non-Aboriginal,Central Australia,127
2006,Final,Male,75-,Non-Aboriginal,East Arnhem,2
2006,Final,Male,75-,Non-Aboriginal,Greater Darwin,527
2006,Final,Male,75-,Non-Aboriginal,Top End,24
2006,Final,Female,75-,Aboriginal,Barkly,16
2006,Final,Female,75-,Aboriginal,Big Rivers,19
2006,Final,Female,75-,Aboriginal,Central Australia,48
2006,Final,Female,75-,Aboriginal,East Arnhem,21
2006,Final,Female,75-,Aboriginal,Greater Darwin,36
2006,Final,Female,75-,Aboriginal,Top End,35
2006,Final,Female,75-,Non-Aboriginal,Barkly,5
2006,Final,Female,75-,Non-Aboriginal,Big Rivers,23
2006,Final,Female,75-,Non-Aboriginal,Central Australia,129
2006,Final,Female,75-,Non-Aboriginal,East Arnhem,3
2006,Final,Female,75-,Non-Aboriginal,Greater Darwin,421
2006,Final,Female,75-,Non-Aboriginal,Top End,19
2006,Final,Male,80-,Aboriginal,Barkly,11
2006,Final,Male,80-,Aboriginal,Big Rivers,5
2006,Final,Male,80-,Aboriginal,Central Australia,30
2006,Final,Male,80-,Aboriginal,East Arnhem,9
2006,Final,Male,80-,Aboriginal,Greater Darwin,4
2006,Final,Male,80-,Aboriginal,Top End,0
2006,Final,Male,80-,Non-Aboriginal,Barkly,4
2006,Final,Male,80-,Non-Aboriginal,Big Rivers,25
2006,Final,Male,80-,Non-Aboriginal,Central Australia,44
2006,Final,Male,80-,Non-Aboriginal,East Arnhem,1
2006,Final,Male,80-,Non-Aboriginal,Greater Darwin,229
2006,Final,Male,80-,Non-Aboriginal,Top End,8
2006,Final,Female,80-,Aboriginal,Barkly,3
2006,Final,Female,80-,Aboriginal,Big Rivers,17
2006,Final,Female,80-,Aboriginal,Central Australia,42
2006,Final,Female,80-,Aboriginal,East Arnhem,11
2006,Final,Female,80-,Aboriginal,Greater Darwin,23
2006,Final,Female,80-,Aboriginal,Top End,12
2006,Final,Female,80-,Non-Aboriginal,Barkly,3
2006,Final,Female,80-,Non-Aboriginal,Big Rivers,15
2006,Final,Female,80-,Non-Aboriginal,Central Australia,67
2006,Final,Female,80-,Non-Aboriginal,East Arnhem,1
2006,Final,Female,80-,Non-Aboriginal,Greater Darwin,268
2006,Final,Female,80-,Non-Aboriginal,Top End,6
2006,Final,Male,85+,Aboriginal,Barkly,3
2006,Final,Male,85+,Aboriginal,Big Rivers,13
2006,Final,Male,85+,Aboriginal,Central Australia,12
2006,Final,Male,85+,Aboriginal,East Arnhem,6
2006,Final,Male,85+,Aboriginal,Greater Darwin,5
2006,Final,Male,85+,Aboriginal,Top End,8
2006,Final,Male,85+,Non-Aboriginal,Barkly,3
2006,Final,Male,85+,Non-Aboriginal,Big Rivers,9
2006,Final,Male,85+,Non-Aboriginal,Central Australia,19
2006,Final,Male,85+,Non-Aboriginal,East Arnhem,0
2006,Final,Male,85+,Non-Aboriginal,Greater Darwin,109
2006,Final,Male,85+,Non-Aboriginal,Top End,0
2006,Final,Female,85+,Aboriginal,Barkly,11
2006,Final,Female,85+,Aboriginal,Big Rivers,25
2006,Final,Female,85+,Aboriginal,Central Australia,28
2006,Final,Female,85+,Aboriginal,East Arnhem,6
2006,Final,Female,85+,Aboriginal,Greater Darwin,3
2006,Final,Female,85+,Aboriginal,Top End,14
2006,Final,Female,85+,Non-Aboriginal,Barkly,0
2006,Final,Female,85+,Non-Aboriginal,Big Rivers,8
2006,Final,Female,85+,Non-Aboriginal,Central Australia,63
2006,Final,Female,85+,Non-Aboriginal,East Arnhem,1
2006,Final,Female,85+,Non-Aboriginal,Greater Darwin,187
2006,Final,Female,85+,Non-Aboriginal,Top End,1
2007,Final,Male,0-,Aboriginal,Barkly,322
2007,Final,Male,0-,Aboriginal,Big Rivers,733
2007,Final,Male,0-,Aboriginal,Central Australia,864
2007,Final,Male,0-,Aboriginal,East Arnhem,569
2007,Final,Male,0-,Aboriginal,Greater Darwin,823
2007,Final,Male,0-,Aboriginal,Top End,706
2007,Final,Male,0-,Non-Aboriginal,Barkly,52
2007,Final,Male,0-,Non-Aboriginal,Big Rivers,319
2007,Final,Male,0-,Non-Aboriginal,Central Australia,692
2007,Final,Male,0-,Non-Aboriginal,East Arnhem,236
2007,Final,Male,0-,Non-Aboriginal,Greater Darwin,3734
2007,Final,Male,0-,Non-Aboriginal,Top End,123
2007,Final,Female,0-,Aboriginal,Barkly,276
2007,Final,Female,0-,Aboriginal,Big Rivers,711
2007,Final,Female,0-,Aboriginal,Central Australia,942
2007,Final,Female,0-,Aboriginal,East Arnhem,470
2007,Final,Female,0-,Aboriginal,Greater Darwin,709
2007,Final,Female,0-,Aboriginal,Top End,642
2007,Final,Female,0-,Non-Aboriginal,Barkly,31
2007,Final,Female,0-,Non-Aboriginal,Big Rivers,286
2007,Final,Female,0-,Non-Aboriginal,Central Australia,619
2007,Final,Female,0-,Non-Aboriginal,East Arnhem,223
2007,Final,Female,0-,Non-Aboriginal,Greater Darwin,3670
2007,Final,Female,0-,Non-Aboriginal,Top End,110
2007,Final,Male,10-,Aboriginal,Barkly,286
2007,Final,Male,10-,Aboriginal,Big Rivers,629
2007,Final,Male,10-,Aboriginal,Central Australia,767
2007,Final,Male,10-,Aboriginal,East Arnhem,435
2007,Final,Male,10-,Aboriginal,Greater Darwin,869
2007,Final,Male,10-,Aboriginal,Top End,635
2007,Final,Male,10-,Non-Aboriginal,Barkly,39
2007,Final,Male,10-,Non-Aboriginal,Big Rivers,303
2007,Final,Male,10-,Non-Aboriginal,Central Australia,774
2007,Final,Male,10-,Non-Aboriginal,East Arnhem,196
2007,Final,Male,10-,Non-Aboriginal,Greater Darwin,3509
2007,Final,Male,10-,Non-Aboriginal,Top End,147
2007,Final,Female,10-,Aboriginal,Barkly,260
2007,Final,Female,10-,Aboriginal,Big Rivers,561
2007,Final,Female,10-,Aboriginal,Central Australia,811
2007,Final,Female,10-,Aboriginal,East Arnhem,446
2007,Final,Female,10-,Aboriginal,Greater Darwin,706
2007,Final,Female,10-,Aboriginal,Top End,560
2007,Final,Female,10-,Non-Aboriginal,Barkly,32
2007,Final,Female,10-,Non-Aboriginal,Big Rivers,299
2007,Final,Female,10-,Non-Aboriginal,Central Australia,713
2007,Final,Female,10-,Non-Aboriginal,East Arnhem,183
2007,Final,Female,10-,Non-Aboriginal,Greater Darwin,3258
2007,Final,Female,10-,Non-Aboriginal,Top End,106
2007,Final,Male,15-,Aboriginal,Barkly,273
2007,Final,Male,15-,Aboriginal,Big Rivers,595
2007,Final,Male,15-,Aboriginal,Central Australia,786
2007,Final,Male,15-,Aboriginal,East Arnhem,510
2007,Final,Male,15-,Aboriginal,Greater Darwin,742
2007,Final,Male,15-,Aboriginal,Top End,535
2007,Final,Male,15-,Non-Aboriginal,Barkly,84
2007,Final,Male,15-,Non-Aboriginal,Big Rivers,249
2007,Final,Male,15-,Non-Aboriginal,Central Australia,773
2007,Final,Male,15-,Non-Aboriginal,East Arnhem,150
2007,Final,Male,15-,Non-Aboriginal,Greater Darwin,3513
2007,Final,Male,15-,Non-Aboriginal,Top End,94
2007,Final,Female,15-,Aboriginal,Barkly,260
2007,Final,Female,15-,Aboriginal,Big Rivers,548
2007,Final,Female,15-,Aboriginal,Central Australia,727
2007,Final,Female,15-,Aboriginal,East Arnhem,460
2007,Final,Female,15-,Aboriginal,Greater Darwin,653
2007,Final,Female,15-,Aboriginal,Top End,561
2007,Final,Female,15-,Non-Aboriginal,Barkly,64
2007,Final,Female,15-,Non-Aboriginal,Big Rivers,225
2007,Final,Female,15-,Non-Aboriginal,Central Australia,749
2007,Final,Female,15-,Non-Aboriginal,East Arnhem,124
2007,Final,Female,15-,Non-Aboriginal,Greater Darwin,3137
2007,Final,Female,15-,Non-Aboriginal,Top End,61
2007,Final,Male,20-,Aboriginal,Barkly,274
2007,Final,Male,20-,Aboriginal,Big Rivers,526
2007,Final,Male,20-,Aboriginal,Central Australia,744
2007,Final,Male,20-,Aboriginal,East Arnhem,453
2007,Final,Male,20-,Aboriginal,Greater Darwin,566
2007,Final,Male,20-,Aboriginal,Top End,556
2007,Final,Male,20-,Non-Aboriginal,Barkly,92
2007,Final,Male,20-,Non-Aboriginal,Big Rivers,361
2007,Final,Male,20-,Non-Aboriginal,Central Australia,868
2007,Final,Male,20-,Non-Aboriginal,East Arnhem,175
2007,Final,Male,20-,Non-Aboriginal,Greater Darwin,4454
2007,Final,Male,20-,Non-Aboriginal,Top End,114
2007,Final,Female,20-,Aboriginal,Barkly,214
2007,Final,Female,20-,Aboriginal,Big Rivers,535
2007,Final,Female,20-,Aboriginal,Central Australia,831
2007,Final,Female,20-,Aboriginal,East Arnhem,463
2007,Final,Female,20-,Aboriginal,Greater Darwin,483
2007,Final,Female,20-,Aboriginal,Top End,536
2007,Final,Female,20-,Non-Aboriginal,Barkly,95
2007,Final,Female,20-,Non-Aboriginal,Big Rivers,293
2007,Final,Female,20-,Non-Aboriginal,Central Australia,908
2007,Final,Female,20-,Non-Aboriginal,East Arnhem,130
2007,Final,Female,20-,Non-Aboriginal,Greater Darwin,3800
2007,Final,Female,20-,Non-Aboriginal,Top End,147
2007,Final,Male,25-,Aboriginal,Barkly,213
2007,Final,Male,25-,Aboriginal,Big Rivers,402
2007,Final,Male,25-,Aboriginal,Central Australia,636
2007,Final,Male,25-,Aboriginal,East Arnhem,427
2007,Final,Male,25-,Aboriginal,Greater Darwin,474
2007,Final,Male,25-,Aboriginal,Top End,462
2007,Final,Male,25-,Non-Aboriginal,Barkly,79
2007,Final,Male,25-,Non-Aboriginal,Big Rivers,383
2007,Final,Male,25-,Non-Aboriginal,Central Australia,998
2007,Final,Male,25-,Non-Aboriginal,East Arnhem,243
2007,Final,Male,25-,Non-Aboriginal,Greater Darwin,4635
2007,Final,Male,25-,Non-Aboriginal,Top End,180
2007,Final,Female,25-,Aboriginal,Barkly,227
2007,Final,Female,25-,Aboriginal,Big Rivers,468
2007,Final,Female,25-,Aboriginal,Central Australia,726
2007,Final,Female,25-,Aboriginal,East Arnhem,462
2007,Final,Female,25-,Aboriginal,Greater Darwin,458
2007,Final,Female,25-,Aboriginal,Top End,455
2007,Final,Female,25-,Non-Aboriginal,Barkly,81
2007,Final,Female,25-,Non-Aboriginal,Big Rivers,363
2007,Final,Female,25-,Non-Aboriginal,Central Australia,1015
2007,Final,Female,25-,Non-Aboriginal,East Arnhem,230
2007,Final,Female,25-,Non-Aboriginal,Greater Darwin,4442
2007,Final,Female,25-,Non-Aboriginal,Top End,180
2007,Final,Male,30-,Aboriginal,Barkly,224
2007,Final,Male,30-,Aboriginal,Big Rivers,362
2007,Final,Male,30-,Aboriginal,Central Australia,594
2007,Final,Male,30-,Aboriginal,East Arnhem,360
2007,Final,Male,30-,Aboriginal,Greater Darwin,545
2007,Final,Male,30-,Aboriginal,Top End,390
2007,Final,Male,30-,Non-Aboriginal,Barkly,88
2007,Final,Male,30-,Non-Aboriginal,Big Rivers,429
2007,Final,Male,30-,Non-Aboriginal,Central Australia,994
2007,Final,Male,30-,Non-Aboriginal,East Arnhem,304
2007,Final,Male,30-,Non-Aboriginal,Greater Darwin,4679
2007,Final,Male,30-,Non-Aboriginal,Top End,220
2007,Final,Female,30-,Aboriginal,Barkly,218
2007,Final,Female,30-,Aboriginal,Big Rivers,425
2007,Final,Female,30-,Aboriginal,Central Australia,702
2007,Final,Female,30-,Aboriginal,East Arnhem,405
2007,Final,Female,30-,Aboriginal,Greater Darwin,448
2007,Final,Female,30-,Aboriginal,Top End,383
2007,Final,Female,30-,Non-Aboriginal,Barkly,69
2007,Final,Female,30-,Non-Aboriginal,Big Rivers,400
2007,Final,Female,30-,Non-Aboriginal,Central Australia,962
2007,Final,Female,30-,Non-Aboriginal,East Arnhem,271
2007,Final,Female,30-,Non-Aboriginal,Greater Darwin,4308
2007,Final,Female,30-,Non-Aboriginal,Top End,177
2007,Final,Male,35-,Aboriginal,Barkly,145
2007,Final,Male,35-,Aboriginal,Big Rivers,389
2007,Final,Male,35-,Aboriginal,Central Australia,526
2007,Final,Male,35-,Aboriginal,East Arnhem,330
2007,Final,Male,35-,Aboriginal,Greater Darwin,480
2007,Final,Male,35-,Aboriginal,Top End,392
2007,Final,Male,35-,Non-Aboriginal,Barkly,70
2007,Final,Male,35-,Non-Aboriginal,Big Rivers,439
2007,Final,Male,35-,Non-Aboriginal,Central Australia,1128
2007,Final,Male,35-,Non-Aboriginal,East Arnhem,361
2007,Final,Male,35-,Non-Aboriginal,Greater Darwin,4704
2007,Final,Male,35-,Non-Aboriginal,Top End,229
2007,Final,Female,35-,Aboriginal,Barkly,168
2007,Final,Female,35-,Aboriginal,Big Rivers,482
2007,Final,Female,35-,Aboriginal,Central Australia,587
2007,Final,Female,35-,Aboriginal,East Arnhem,346
2007,Final,Female,35-,Aboriginal,Greater Darwin,453
2007,Final,Female,35-,Aboriginal,Top End,384
2007,Final,Female,35-,Non-Aboriginal,Barkly,70
2007,Final,Female,35-,Non-Aboriginal,Big Rivers,356
2007,Final,Female,35-,Non-Aboriginal,Central Australia,1032
2007,Final,Female,35-,Non-Aboriginal,East Arnhem,251
2007,Final,Female,35-,Non-Aboriginal,Greater Darwin,4404
2007,Final,Female,35-,Non-Aboriginal,Top End,228
2007,Final,Male,40-,Aboriginal,Barkly,155
2007,Final,Male,40-,Aboriginal,Big Rivers,312
2007,Final,Male,40-,Aboriginal,Central Australia,421
2007,Final,Male,40-,Aboriginal,East Arnhem,272
2007,Final,Male,40-,Aboriginal,Greater Darwin,402
2007,Final,Male,40-,Aboriginal,Top End,283
2007,Final,Male,40-,Non-Aboriginal,Barkly,98
2007,Final,Male,40-,Non-Aboriginal,Big Rivers,397
2007,Final,Male,40-,Non-Aboriginal,Central Australia,1145
2007,Final,Male,40-,Non-Aboriginal,East Arnhem,301
2007,Final,Male,40-,Non-Aboriginal,Greater Darwin,4446
2007,Final,Male,40-,Non-Aboriginal,Top End,256
2007,Final,Female,40-,Aboriginal,Barkly,161
2007,Final,Female,40-,Aboriginal,Big Rivers,325
2007,Final,Female,40-,Aboriginal,Central Australia,455
2007,Final,Female,40-,Aboriginal,East Arnhem,304
2007,Final,Female,40-,Aboriginal,Greater Darwin,369
2007,Final,Female,40-,Aboriginal,Top End,280
2007,Final,Female,40-,Non-Aboriginal,Barkly,60
2007,Final,Female,40-,Non-Aboriginal,Big Rivers,327
2007,Final,Female,40-,Non-Aboriginal,Central Australia,1020
2007,Final,Female,40-,Non-Aboriginal,East Arnhem,251
2007,Final,Female,40-,Non-Aboriginal,Greater Darwin,4018
2007,Final,Female,40-,Non-Aboriginal,Top End,173
2007,Final,Male,45-,Aboriginal,Barkly,102
2007,Final,Male,45-,Aboriginal,Big Rivers,247
2007,Final,Male,45-,Aboriginal,Central Australia,310
2007,Final,Male,45-,Aboriginal,East Arnhem,258
2007,Final,Male,45-,Aboriginal,Greater Darwin,372
2007,Final,Male,45-,Aboriginal,Top End,213
2007,Final,Male,45-,Non-Aboriginal,Barkly,99
2007,Final,Male,45-,Non-Aboriginal,Big Rivers,352
2007,Final,Male,45-,Non-Aboriginal,Central Australia,1149
2007,Final,Male,45-,Non-Aboriginal,East Arnhem,320
2007,Final,Male,45-,Non-Aboriginal,Greater Darwin,4325
2007,Final,Male,45-,Non-Aboriginal,Top End,263
2007,Final,Female,45-,Aboriginal,Barkly,135
2007,Final,Female,45-,Aboriginal,Big Rivers,297
2007,Final,Female,45-,Aboriginal,Central Australia,409
2007,Final,Female,45-,Aboriginal,East Arnhem,244
2007,Final,Female,45-,Aboriginal,Greater Darwin,311
2007,Final,Female,45-,Aboriginal,Top End,218
2007,Final,Female,45-,Non-Aboriginal,Barkly,91
2007,Final,Female,45-,Non-Aboriginal,Big Rivers,338
2007,Final,Female,45-,Non-Aboriginal,Central Australia,1016
2007,Final,Female,45-,Non-Aboriginal,East Arnhem,237
2007,Final,Female,45-,Non-Aboriginal,Greater Darwin,3964
2007,Final,Female,45-,Non-Aboriginal,Top End,187
2007,Final,Male,5-,Aboriginal,Barkly,259
2007,Final,Male,5-,Aboriginal,Big Rivers,676
2007,Final,Male,5-,Aboriginal,Central Australia,824
2007,Final,Male,5-,Aboriginal,East Arnhem,610
2007,Final,Male,5-,Aboriginal,Greater Darwin,811
2007,Final,Male,5-,Aboriginal,Top End,673
2007,Final,Male,5-,Non-Aboriginal,Barkly,47
2007,Final,Male,5-,Non-Aboriginal,Big Rivers,321
2007,Final,Male,5-,Non-Aboriginal,Central Australia,767
2007,Final,Male,5-,Non-Aboriginal,East Arnhem,225
2007,Final,Male,5-,Non-Aboriginal,Greater Darwin,3367
2007,Final,Male,5-,Non-Aboriginal,Top End,170
2007,Final,Female,5-,Aboriginal,Barkly,317
2007,Final,Female,5-,Aboriginal,Big Rivers,680
2007,Final,Female,5-,Aboriginal,Central Australia,838
2007,Final,Female,5-,Aboriginal,East Arnhem,535
2007,Final,Female,5-,Aboriginal,Greater Darwin,727
2007,Final,Female,5-,Aboriginal,Top End,645
2007,Final,Female,5-,Non-Aboriginal,Barkly,22
2007,Final,Female,5-,Non-Aboriginal,Big Rivers,296
2007,Final,Female,5-,Non-Aboriginal,Central Australia,673
2007,Final,Female,5-,Non-Aboriginal,East Arnhem,233
2007,Final,Female,5-,Non-Aboriginal,Greater Darwin,3301
2007,Final,Female,5-,Non-Aboriginal,Top End,100
2007,Final,Male,50-,Aboriginal,Barkly,81
2007,Final,Male,50-,Aboriginal,Big Rivers,189
2007,Final,Male,50-,Aboriginal,Central Australia,282
2007,Final,Male,50-,Aboriginal,East Arnhem,168
2007,Final,Male,50-,Aboriginal,Greater Darwin,261
2007,Final,Male,50-,Aboriginal,Top End,152
2007,Final,Male,50-,Non-Aboriginal,Barkly,104
2007,Final,Male,50-,Non-Aboriginal,Big Rivers,379
2007,Final,Male,50-,Non-Aboriginal,Central Australia,1081
2007,Final,Male,50-,Non-Aboriginal,East Arnhem,279
2007,Final,Male,50-,Non-Aboriginal,Greater Darwin,3883
2007,Final,Male,50-,Non-Aboriginal,Top End,236
2007,Final,Female,50-,Aboriginal,Barkly,128
2007,Final,Female,50-,Aboriginal,Big Rivers,173
2007,Final,Female,50-,Aboriginal,Central Australia,365
2007,Final,Female,50-,Aboriginal,East Arnhem,209
2007,Final,Female,50-,Aboriginal,Greater Darwin,269
2007,Final,Female,50-,Aboriginal,Top End,178
2007,Final,Female,50-,Non-Aboriginal,Barkly,98
2007,Final,Female,50-,Non-Aboriginal,Big Rivers,285
2007,Final,Female,50-,Non-Aboriginal,Central Australia,966
2007,Final,Female,50-,Non-Aboriginal,East Arnhem,183
2007,Final,Female,50-,Non-Aboriginal,Greater Darwin,3519
2007,Final,Female,50-,Non-Aboriginal,Top End,231
2007,Final,Male,55-,Aboriginal,Barkly,68
2007,Final,Male,55-,Aboriginal,Big Rivers,119
2007,Final,Male,55-,Aboriginal,Central Australia,135
2007,Final,Male,55-,Aboriginal,East Arnhem,98
2007,Final,Male,55-,Aboriginal,Greater Darwin,183
2007,Final,Male,55-,Aboriginal,Top End,115
2007,Final,Male,55-,Non-Aboriginal,Barkly,117
2007,Final,Male,55-,Non-Aboriginal,Big Rivers,365
2007,Final,Male,55-,Non-Aboriginal,Central Australia,848
2007,Final,Male,55-,Non-Aboriginal,East Arnhem,243
2007,Final,Male,55-,Non-Aboriginal,Greater Darwin,3581
2007,Final,Male,55-,Non-Aboriginal,Top End,249
2007,Final,Female,55-,Aboriginal,Barkly,65
2007,Final,Female,55-,Aboriginal,Big Rivers,147
2007,Final,Female,55-,Aboriginal,Central Australia,256
2007,Final,Female,55-,Aboriginal,East Arnhem,85
2007,Final,Female,55-,Aboriginal,Greater Darwin,203
2007,Final,Female,55-,Aboriginal,Top End,137
2007,Final,Female,55-,Non-Aboriginal,Barkly,99
2007,Final,Female,55-,Non-Aboriginal,Big Rivers,258
2007,Final,Female,55-,Non-Aboriginal,Central Australia,665
2007,Final,Female,55-,Non-Aboriginal,East Arnhem,146
2007,Final,Female,55-,Non-Aboriginal,Greater Darwin,2860
2007,Final,Female,55-,Non-Aboriginal,Top End,166
2007,Final,Male,60-,Aboriginal,Barkly,55
2007,Final,Male,60-,Aboriginal,Big Rivers,109
2007,Final,Male,60-,Aboriginal,Central Australia,116
2007,Final,Male,60-,Aboriginal,East Arnhem,86
2007,Final,Male,60-,Aboriginal,Greater Darwin,85
2007,Final,Male,60-,Aboriginal,Top End,89
2007,Final,Male,60-,Non-Aboriginal,Barkly,78
2007,Final,Male,60-,Non-Aboriginal,Big Rivers,260
2007,Final,Male,60-,Non-Aboriginal,Central Australia,565
2007,Final,Male,60-,Non-Aboriginal,East Arnhem,112
2007,Final,Male,60-,Non-Aboriginal,Greater Darwin,2575
2007,Final,Male,60-,Non-Aboriginal,Top End,186
2007,Final,Female,60-,Aboriginal,Barkly,53
2007,Final,Female,60-,Aboriginal,Big Rivers,90
2007,Final,Female,60-,Aboriginal,Central Australia,215
2007,Final,Female,60-,Aboriginal,East Arnhem,123
2007,Final,Female,60-,Aboriginal,Greater Darwin,135
2007,Final,Female,60-,Aboriginal,Top End,80
2007,Final,Female,60-,Non-Aboriginal,Barkly,44
2007,Final,Female,60-,Non-Aboriginal,Big Rivers,160
2007,Final,Female,60-,Non-Aboriginal,Central Australia,419
2007,Final,Female,60-,Non-Aboriginal,East Arnhem,38
2007,Final,Female,60-,Non-Aboriginal,Greater Darwin,1883
2007,Final,Female,60-,Non-Aboriginal,Top End,113
2007,Final,Male,65-,Aboriginal,Barkly,31
2007,Final,Male,65-,Aboriginal,Big Rivers,59
2007,Final,Male,65-,Aboriginal,Central Australia,73
2007,Final,Male,65-,Aboriginal,East Arnhem,46
2007,Final,Male,65-,Aboriginal,Greater Darwin,70
2007,Final,Male,65-,Aboriginal,Top End,57
2007,Final,Male,65-,Non-Aboriginal,Barkly,64
2007,Final,Male,65-,Non-Aboriginal,Big Rivers,172
2007,Final,Male,65-,Non-Aboriginal,Central Australia,336
2007,Final,Male,65-,Non-Aboriginal,East Arnhem,39
2007,Final,Male,65-,Non-Aboriginal,Greater Darwin,1643
2007,Final,Male,65-,Non-Aboriginal,Top End,121
2007,Final,Female,65-,Aboriginal,Barkly,41
2007,Final,Female,65-,Aboriginal,Big Rivers,88
2007,Final,Female,65-,Aboriginal,Central Australia,112
2007,Final,Female,65-,Aboriginal,East Arnhem,54
2007,Final,Female,65-,Aboriginal,Greater Darwin,99
2007,Final,Female,65-,Aboriginal,Top End,58
2007,Final,Female,65-,Non-Aboriginal,Barkly,36
2007,Final,Female,65-,Non-Aboriginal,Big Rivers,115
2007,Final,Female,65-,Non-Aboriginal,Central Australia,238
2007,Final,Female,65-,Non-Aboriginal,East Arnhem,12
2007,Final,Female,65-,Non-Aboriginal,Greater Darwin,1115
2007,Final,Female,65-,Non-Aboriginal,Top End,49
2007,Final,Male,70-,Aboriginal,Barkly,16
2007,Final,Male,70-,Aboriginal,Big Rivers,43
2007,Final,Male,70-,Aboriginal,Central Australia,28
2007,Final,Male,70-,Aboriginal,East Arnhem,12
2007,Final,Male,70-,Aboriginal,Greater Darwin,50
2007,Final,Male,70-,Aboriginal,Top End,39
2007,Final,Male,70-,Non-Aboriginal,Barkly,18
2007,Final,Male,70-,Non-Aboriginal,Big Rivers,90
2007,Final,Male,70-,Non-Aboriginal,Central Australia,156
2007,Final,Male,70-,Non-Aboriginal,East Arnhem,8
2007,Final,Male,70-,Non-Aboriginal,Greater Darwin,849
2007,Final,Male,70-,Non-Aboriginal,Top End,33
2007,Final,Female,70-,Aboriginal,Barkly,41
2007,Final,Female,70-,Aboriginal,Big Rivers,56
2007,Final,Female,70-,Aboriginal,Central Australia,137
2007,Final,Female,70-,Aboriginal,East Arnhem,32
2007,Final,Female,70-,Aboriginal,Greater Darwin,58
2007,Final,Female,70-,Aboriginal,Top End,33
2007,Final,Female,70-,Non-Aboriginal,Barkly,9
2007,Final,Female,70-,Non-Aboriginal,Big Rivers,44
2007,Final,Female,70-,Non-Aboriginal,Central Australia,108
2007,Final,Female,70-,Non-Aboriginal,East Arnhem,0
2007,Final,Female,70-,Non-Aboriginal,Greater Darwin,618
2007,Final,Female,70-,Non-Aboriginal,Top End,21
2007,Final,Male,75-,Aboriginal,Barkly,8
2007,Final,Male,75-,Aboriginal,Big Rivers,23
2007,Final,Male,75-,Aboriginal,Central Australia,39
2007,Final,Male,75-,Aboriginal,East Arnhem,6
2007,Final,Male,75-,Aboriginal,Greater Darwin,16
2007,Final,Male,75-,Aboriginal,Top End,16
2007,Final,Male,75-,Non-Aboriginal,Barkly,19
2007,Final,Male,75-,Non-Aboriginal,Big Rivers,42
2007,Final,Male,75-,Non-Aboriginal,Central Australia,131
2007,Final,Male,75-,Non-Aboriginal,East Arnhem,2
2007,Final,Male,75-,Non-Aboriginal,Greater Darwin,526
2007,Final,Male,75-,Non-Aboriginal,Top End,25
2007,Final,Female,75-,Aboriginal,Barkly,16
2007,Final,Female,75-,Aboriginal,Big Rivers,19
2007,Final,Female,75-,Aboriginal,Central Australia,48
2007,Final,Female,75-,Aboriginal,East Arnhem,20
2007,Final,Female,75-,Aboriginal,Greater Darwin,36
2007,Final,Female,75-,Aboriginal,Top End,34
2007,Final,Female,75-,Non-Aboriginal,Barkly,5
2007,Final,Female,75-,Non-Aboriginal,Big Rivers,24
2007,Final,Female,75-,Non-Aboriginal,Central Australia,129
2007,Final,Female,75-,Non-Aboriginal,East Arnhem,3
2007,Final,Female,75-,Non-Aboriginal,Greater Darwin,429
2007,Final,Female,75-,Non-Aboriginal,Top End,20
2007,Final,Male,80-,Aboriginal,Barkly,11
2007,Final,Male,80-,Aboriginal,Big Rivers,4
2007,Final,Male,80-,Aboriginal,Central Australia,29
2007,Final,Male,80-,Aboriginal,East Arnhem,9
2007,Final,Male,80-,Aboriginal,Greater Darwin,4
2007,Final,Male,80-,Aboriginal,Top End,1
2007,Final,Male,80-,Non-Aboriginal,Barkly,3
2007,Final,Male,80-,Non-Aboriginal,Big Rivers,25
2007,Final,Male,80-,Non-Aboriginal,Central Australia,43
2007,Final,Male,80-,Non-Aboriginal,East Arnhem,1
2007,Final,Male,80-,Non-Aboriginal,Greater Darwin,269
2007,Final,Male,80-,Non-Aboriginal,Top End,7
2007,Final,Female,80-,Aboriginal,Barkly,3
2007,Final,Female,80-,Aboriginal,Big Rivers,17
2007,Final,Female,80-,Aboriginal,Central Australia,42
2007,Final,Female,80-,Aboriginal,East Arnhem,11
2007,Final,Female,80-,Aboriginal,Greater Darwin,25
2007,Final,Female,80-,Aboriginal,Top End,12
2007,Final,Female,80-,Non-Aboriginal,Barkly,3
2007,Final,Female,80-,Non-Aboriginal,Big Rivers,15
2007,Final,Female,80-,Non-Aboriginal,Central Australia,66
2007,Final,Female,80-,Non-Aboriginal,East Arnhem,0
2007,Final,Female,80-,Non-Aboriginal,Greater Darwin,290
2007,Final,Female,80-,Non-Aboriginal,Top End,6
2007,Final,Male,85+,Aboriginal,Barkly,3
2007,Final,Male,85+,Aboriginal,Big Rivers,14
2007,Final,Male,85+,Aboriginal,Central Australia,13
2007,Final,Male,85+,Aboriginal,East Arnhem,7
2007,Final,Male,85+,Aboriginal,Greater Darwin,5
2007,Final,Male,85+,Aboriginal,Top End,8
2007,Final,Male,85+,Non-Aboriginal,Barkly,3
2007,Final,Male,85+,Non-Aboriginal,Big Rivers,9
2007,Final,Male,85+,Non-Aboriginal,Central Australia,20
2007,Final,Male,85+,Non-Aboriginal,East Arnhem,0
2007,Final,Male,85+,Non-Aboriginal,Greater Darwin,125
2007,Final,Male,85+,Non-Aboriginal,Top End,1
2007,Final,Female,85+,Aboriginal,Barkly,11
2007,Final,Female,85+,Aboriginal,Big Rivers,27
2007,Final,Female,85+,Aboriginal,Central Australia,30
2007,Final,Female,85+,Aboriginal,East Arnhem,7
2007,Final,Female,85+,Aboriginal,Greater Darwin,3
2007,Final,Female,85+,Aboriginal,Top End,15
2007,Final,Female,85+,Non-Aboriginal,Barkly,1
2007,Final,Female,85+,Non-Aboriginal,Big Rivers,9
2007,Final,Female,85+,Non-Aboriginal,Central Australia,69
2007,Final,Female,85+,Non-Aboriginal,East Arnhem,1
2007,Final,Female,85+,Non-Aboriginal,Greater Darwin,199
2007,Final,Female,85+,Non-Aboriginal,Top End,1
2008,Final,Male,0-,Aboriginal,Barkly,326
2008,Final,Male,0-,Aboriginal,Big Rivers,742
2008,Final,Male,0-,Aboriginal,Central Australia,874
2008,Final,Male,0-,Aboriginal,East Arnhem,576
2008,Final,Male,0-,Aboriginal,Greater Darwin,842
2008,Final,Male,0-,Aboriginal,Top End,715
2008,Final,Male,0-,Non-Aboriginal,Barkly,53
2008,Final,Male,0-,Non-Aboriginal,Big Rivers,323
2008,Final,Male,0-,Non-Aboriginal,Central Australia,700
2008,Final,Male,0-,Non-Aboriginal,East Arnhem,239
2008,Final,Male,0-,Non-Aboriginal,Greater Darwin,3820
2008,Final,Male,0-,Non-Aboriginal,Top End,125
2008,Final,Female,0-,Aboriginal,Barkly,276
2008,Final,Female,0-,Aboriginal,Big Rivers,710
2008,Final,Female,0-,Aboriginal,Central Australia,941
2008,Final,Female,0-,Aboriginal,East Arnhem,469
2008,Final,Female,0-,Aboriginal,Greater Darwin,732
2008,Final,Female,0-,Aboriginal,Top End,640
2008,Final,Female,0-,Non-Aboriginal,Barkly,31
2008,Final,Female,0-,Non-Aboriginal,Big Rivers,286
2008,Final,Female,0-,Non-Aboriginal,Central Australia,618
2008,Final,Female,0-,Non-Aboriginal,East Arnhem,223
2008,Final,Female,0-,Non-Aboriginal,Greater Darwin,3787
2008,Final,Female,0-,Non-Aboriginal,Top End,110
2008,Final,Male,10-,Aboriginal,Barkly,290
2008,Final,Male,10-,Aboriginal,Big Rivers,638
2008,Final,Male,10-,Aboriginal,Central Australia,778
2008,Final,Male,10-,Aboriginal,East Arnhem,441
2008,Final,Male,10-,Aboriginal,Greater Darwin,886
2008,Final,Male,10-,Aboriginal,Top End,644
2008,Final,Male,10-,Non-Aboriginal,Barkly,39
2008,Final,Male,10-,Non-Aboriginal,Big Rivers,307
2008,Final,Male,10-,Non-Aboriginal,Central Australia,784
2008,Final,Male,10-,Non-Aboriginal,East Arnhem,198
2008,Final,Male,10-,Non-Aboriginal,Greater Darwin,3579
2008,Final,Male,10-,Non-Aboriginal,Top End,148
2008,Final,Female,10-,Aboriginal,Barkly,256
2008,Final,Female,10-,Aboriginal,Big Rivers,552
2008,Final,Female,10-,Aboriginal,Central Australia,798
2008,Final,Female,10-,Aboriginal,East Arnhem,438
2008,Final,Female,10-,Aboriginal,Greater Darwin,702
2008,Final,Female,10-,Aboriginal,Top End,550
2008,Final,Female,10-,Non-Aboriginal,Barkly,31
2008,Final,Female,10-,Non-Aboriginal,Big Rivers,293
2008,Final,Female,10-,Non-Aboriginal,Central Australia,700
2008,Final,Female,10-,Non-Aboriginal,East Arnhem,180
2008,Final,Female,10-,Non-Aboriginal,Greater Darwin,3240
2008,Final,Female,10-,Non-Aboriginal,Top End,103
2008,Final,Male,15-,Aboriginal,Barkly,278
2008,Final,Male,15-,Aboriginal,Big Rivers,608
2008,Final,Male,15-,Aboriginal,Central Australia,804
2008,Final,Male,15-,Aboriginal,East Arnhem,521
2008,Final,Male,15-,Aboriginal,Greater Darwin,762
2008,Final,Male,15-,Aboriginal,Top End,547
2008,Final,Male,15-,Non-Aboriginal,Barkly,86
2008,Final,Male,15-,Non-Aboriginal,Big Rivers,255
2008,Final,Male,15-,Non-Aboriginal,Central Australia,790
2008,Final,Male,15-,Non-Aboriginal,East Arnhem,153
2008,Final,Male,15-,Non-Aboriginal,Greater Darwin,3609
2008,Final,Male,15-,Non-Aboriginal,Top End,96
2008,Final,Female,15-,Aboriginal,Barkly,261
2008,Final,Female,15-,Aboriginal,Big Rivers,551
2008,Final,Female,15-,Aboriginal,Central Australia,733
2008,Final,Female,15-,Aboriginal,East Arnhem,463
2008,Final,Female,15-,Aboriginal,Greater Darwin,685
2008,Final,Female,15-,Aboriginal,Top End,565
2008,Final,Female,15-,Non-Aboriginal,Barkly,64
2008,Final,Female,15-,Non-Aboriginal,Big Rivers,227
2008,Final,Female,15-,Non-Aboriginal,Central Australia,754
2008,Final,Female,15-,Non-Aboriginal,East Arnhem,125
2008,Final,Female,15-,Non-Aboriginal,Greater Darwin,3290
2008,Final,Female,15-,Non-Aboriginal,Top End,61
2008,Final,Male,20-,Aboriginal,Barkly,289
2008,Final,Male,20-,Aboriginal,Big Rivers,555
2008,Final,Male,20-,Aboriginal,Central Australia,784
2008,Final,Male,20-,Aboriginal,East Arnhem,477
2008,Final,Male,20-,Aboriginal,Greater Darwin,613
2008,Final,Male,20-,Aboriginal,Top End,586
2008,Final,Male,20-,Non-Aboriginal,Barkly,96
2008,Final,Male,20-,Non-Aboriginal,Big Rivers,380
2008,Final,Male,20-,Non-Aboriginal,Central Australia,913
2008,Final,Male,20-,Non-Aboriginal,East Arnhem,184
2008,Final,Male,20-,Non-Aboriginal,Greater Darwin,4825
2008,Final,Male,20-,Non-Aboriginal,Top End,120
2008,Final,Female,20-,Aboriginal,Barkly,211
2008,Final,Female,20-,Aboriginal,Big Rivers,527
2008,Final,Female,20-,Aboriginal,Central Australia,819
2008,Final,Female,20-,Aboriginal,East Arnhem,456
2008,Final,Female,20-,Aboriginal,Greater Darwin,508
2008,Final,Female,20-,Aboriginal,Top End,528
2008,Final,Female,20-,Non-Aboriginal,Barkly,93
2008,Final,Female,20-,Non-Aboriginal,Big Rivers,289
2008,Final,Female,20-,Non-Aboriginal,Central Australia,895
2008,Final,Female,20-,Non-Aboriginal,East Arnhem,128
2008,Final,Female,20-,Non-Aboriginal,Greater Darwin,3991
2008,Final,Female,20-,Non-Aboriginal,Top End,144
2008,Final,Male,25-,Aboriginal,Barkly,231
2008,Final,Male,25-,Aboriginal,Big Rivers,437
2008,Final,Male,25-,Aboriginal,Central Australia,691
2008,Final,Male,25-,Aboriginal,East Arnhem,464
2008,Final,Male,25-,Aboriginal,Greater Darwin,515
2008,Final,Male,25-,Aboriginal,Top End,503
2008,Final,Male,25-,Non-Aboriginal,Barkly,86
2008,Final,Male,25-,Non-Aboriginal,Big Rivers,416
2008,Final,Male,25-,Non-Aboriginal,Central Australia,1085
2008,Final,Male,25-,Non-Aboriginal,East Arnhem,264
2008,Final,Male,25-,Non-Aboriginal,Greater Darwin,5041
2008,Final,Male,25-,Non-Aboriginal,Top End,196
2008,Final,Female,25-,Aboriginal,Barkly,237
2008,Final,Female,25-,Aboriginal,Big Rivers,489
2008,Final,Female,25-,Aboriginal,Central Australia,759
2008,Final,Female,25-,Aboriginal,East Arnhem,483
2008,Final,Female,25-,Aboriginal,Greater Darwin,489
2008,Final,Female,25-,Aboriginal,Top End,476
2008,Final,Female,25-,Non-Aboriginal,Barkly,85
2008,Final,Female,25-,Non-Aboriginal,Big Rivers,379
2008,Final,Female,25-,Non-Aboriginal,Central Australia,1061
2008,Final,Female,25-,Non-Aboriginal,East Arnhem,241
2008,Final,Female,25-,Non-Aboriginal,Greater Darwin,4734
2008,Final,Female,25-,Non-Aboriginal,Top End,188
2008,Final,Male,30-,Aboriginal,Barkly,228
2008,Final,Male,30-,Aboriginal,Big Rivers,368
2008,Final,Male,30-,Aboriginal,Central Australia,606
2008,Final,Male,30-,Aboriginal,East Arnhem,367
2008,Final,Male,30-,Aboriginal,Greater Darwin,552
2008,Final,Male,30-,Aboriginal,Top End,397
2008,Final,Male,30-,Non-Aboriginal,Barkly,90
2008,Final,Male,30-,Non-Aboriginal,Big Rivers,435
2008,Final,Male,30-,Non-Aboriginal,Central Australia,1012
2008,Final,Male,30-,Non-Aboriginal,East Arnhem,309
2008,Final,Male,30-,Non-Aboriginal,Greater Darwin,4744
2008,Final,Male,30-,Non-Aboriginal,Top End,224
2008,Final,Female,30-,Aboriginal,Barkly,213
2008,Final,Female,30-,Aboriginal,Big Rivers,414
2008,Final,Female,30-,Aboriginal,Central Australia,685
2008,Final,Female,30-,Aboriginal,East Arnhem,395
2008,Final,Female,30-,Aboriginal,Greater Darwin,466
2008,Final,Female,30-,Aboriginal,Top End,374
2008,Final,Female,30-,Non-Aboriginal,Barkly,67
2008,Final,Female,30-,Non-Aboriginal,Big Rivers,391
2008,Final,Female,30-,Non-Aboriginal,Central Australia,938
2008,Final,Female,30-,Non-Aboriginal,East Arnhem,265
2008,Final,Female,30-,Non-Aboriginal,Greater Darwin,4485
2008,Final,Female,30-,Non-Aboriginal,Top End,173
2008,Final,Male,35-,Aboriginal,Barkly,148
2008,Final,Male,35-,Aboriginal,Big Rivers,396
2008,Final,Male,35-,Aboriginal,Central Australia,536
2008,Final,Male,35-,Aboriginal,East Arnhem,337
2008,Final,Male,35-,Aboriginal,Greater Darwin,498
2008,Final,Male,35-,Aboriginal,Top End,399
2008,Final,Male,35-,Non-Aboriginal,Barkly,72
2008,Final,Male,35-,Non-Aboriginal,Big Rivers,447
2008,Final,Male,35-,Non-Aboriginal,Central Australia,1149
2008,Final,Male,35-,Non-Aboriginal,East Arnhem,368
2008,Final,Male,35-,Non-Aboriginal,Greater Darwin,4880
2008,Final,Male,35-,Non-Aboriginal,Top End,233
2008,Final,Female,35-,Aboriginal,Barkly,169
2008,Final,Female,35-,Aboriginal,Big Rivers,485
2008,Final,Female,35-,Aboriginal,Central Australia,589
2008,Final,Female,35-,Aboriginal,East Arnhem,348
2008,Final,Female,35-,Aboriginal,Greater Darwin,470
2008,Final,Female,35-,Aboriginal,Top End,385
2008,Final,Female,35-,Non-Aboriginal,Barkly,71
2008,Final,Female,35-,Non-Aboriginal,Big Rivers,358
2008,Final,Female,35-,Non-Aboriginal,Central Australia,1036
2008,Final,Female,35-,Non-Aboriginal,East Arnhem,252
2008,Final,Female,35-,Non-Aboriginal,Greater Darwin,4573
2008,Final,Female,35-,Non-Aboriginal,Top End,229
2008,Final,Male,40-,Aboriginal,Barkly,154
2008,Final,Male,40-,Aboriginal,Big Rivers,310
2008,Final,Male,40-,Aboriginal,Central Australia,418
2008,Final,Male,40-,Aboriginal,East Arnhem,271
2008,Final,Male,40-,Aboriginal,Greater Darwin,399
2008,Final,Male,40-,Aboriginal,Top End,281
2008,Final,Male,40-,Non-Aboriginal,Barkly,97
2008,Final,Male,40-,Non-Aboriginal,Big Rivers,393
2008,Final,Male,40-,Non-Aboriginal,Central Australia,1136
2008,Final,Male,40-,Non-Aboriginal,East Arnhem,299
2008,Final,Male,40-,Non-Aboriginal,Greater Darwin,4414
2008,Final,Male,40-,Non-Aboriginal,Top End,254
2008,Final,Female,40-,Aboriginal,Barkly,161
2008,Final,Female,40-,Aboriginal,Big Rivers,326
2008,Final,Female,40-,Aboriginal,Central Australia,456
2008,Final,Female,40-,Aboriginal,East Arnhem,305
2008,Final,Female,40-,Aboriginal,Greater Darwin,376
2008,Final,Female,40-,Aboriginal,Top End,282
2008,Final,Female,40-,Non-Aboriginal,Barkly,61
2008,Final,Female,40-,Non-Aboriginal,Big Rivers,329
2008,Final,Female,40-,Non-Aboriginal,Central Australia,1023
2008,Final,Female,40-,Non-Aboriginal,East Arnhem,252
2008,Final,Female,40-,Non-Aboriginal,Greater Darwin,4088
2008,Final,Female,40-,Non-Aboriginal,Top End,174
2008,Final,Male,45-,Aboriginal,Barkly,106
2008,Final,Male,45-,Aboriginal,Big Rivers,258
2008,Final,Male,45-,Aboriginal,Central Australia,324
2008,Final,Male,45-,Aboriginal,East Arnhem,270
2008,Final,Male,45-,Aboriginal,Greater Darwin,384
2008,Final,Male,45-,Aboriginal,Top End,224
2008,Final,Male,45-,Non-Aboriginal,Barkly,103
2008,Final,Male,45-,Non-Aboriginal,Big Rivers,368
2008,Final,Male,45-,Non-Aboriginal,Central Australia,1202
2008,Final,Male,45-,Non-Aboriginal,East Arnhem,335
2008,Final,Male,45-,Non-Aboriginal,Greater Darwin,4468
2008,Final,Male,45-,Non-Aboriginal,Top End,275
2008,Final,Female,45-,Aboriginal,Barkly,133
2008,Final,Female,45-,Aboriginal,Big Rivers,294
2008,Final,Female,45-,Aboriginal,Central Australia,404
2008,Final,Female,45-,Aboriginal,East Arnhem,241
2008,Final,Female,45-,Aboriginal,Greater Darwin,325
2008,Final,Female,45-,Aboriginal,Top End,215
2008,Final,Female,45-,Non-Aboriginal,Barkly,90
2008,Final,Female,45-,Non-Aboriginal,Big Rivers,334
2008,Final,Female,45-,Non-Aboriginal,Central Australia,1005
2008,Final,Female,45-,Non-Aboriginal,East Arnhem,235
2008,Final,Female,45-,Non-Aboriginal,Greater Darwin,4145
2008,Final,Female,45-,Non-Aboriginal,Top End,184
2008,Final,Male,5-,Aboriginal,Barkly,267
2008,Final,Male,5-,Aboriginal,Big Rivers,697
2008,Final,Male,5-,Aboriginal,Central Australia,849
2008,Final,Male,5-,Aboriginal,East Arnhem,630
2008,Final,Male,5-,Aboriginal,Greater Darwin,812
2008,Final,Male,5-,Aboriginal,Top End,694
2008,Final,Male,5-,Non-Aboriginal,Barkly,49
2008,Final,Male,5-,Non-Aboriginal,Big Rivers,332
2008,Final,Male,5-,Non-Aboriginal,Central Australia,791
2008,Final,Male,5-,Non-Aboriginal,East Arnhem,233
2008,Final,Male,5-,Non-Aboriginal,Greater Darwin,3372
2008,Final,Male,5-,Non-Aboriginal,Top End,175
2008,Final,Female,5-,Aboriginal,Barkly,317
2008,Final,Female,5-,Aboriginal,Big Rivers,682
2008,Final,Female,5-,Aboriginal,Central Australia,839
2008,Final,Female,5-,Aboriginal,East Arnhem,535
2008,Final,Female,5-,Aboriginal,Greater Darwin,743
2008,Final,Female,5-,Aboriginal,Top End,646
2008,Final,Female,5-,Non-Aboriginal,Barkly,22
2008,Final,Female,5-,Non-Aboriginal,Big Rivers,297
2008,Final,Female,5-,Non-Aboriginal,Central Australia,674
2008,Final,Female,5-,Non-Aboriginal,East Arnhem,233
2008,Final,Female,5-,Non-Aboriginal,Greater Darwin,3373
2008,Final,Female,5-,Non-Aboriginal,Top End,101
2008,Final,Male,50-,Aboriginal,Barkly,84
2008,Final,Male,50-,Aboriginal,Big Rivers,197
2008,Final,Male,50-,Aboriginal,Central Australia,292
2008,Final,Male,50-,Aboriginal,East Arnhem,174
2008,Final,Male,50-,Aboriginal,Greater Darwin,266
2008,Final,Male,50-,Aboriginal,Top End,159
2008,Final,Male,50-,Non-Aboriginal,Barkly,108
2008,Final,Male,50-,Non-Aboriginal,Big Rivers,395
2008,Final,Male,50-,Non-Aboriginal,Central Australia,1124
2008,Final,Male,50-,Non-Aboriginal,East Arnhem,289
2008,Final,Male,50-,Non-Aboriginal,Greater Darwin,3960
2008,Final,Male,50-,Non-Aboriginal,Top End,245
2008,Final,Female,50-,Aboriginal,Barkly,130
2008,Final,Female,50-,Aboriginal,Big Rivers,175
2008,Final,Female,50-,Aboriginal,Central Australia,371
2008,Final,Female,50-,Aboriginal,East Arnhem,212
2008,Final,Female,50-,Aboriginal,Greater Darwin,277
2008,Final,Female,50-,Aboriginal,Top End,180
2008,Final,Female,50-,Non-Aboriginal,Barkly,99
2008,Final,Female,50-,Non-Aboriginal,Big Rivers,291
2008,Final,Female,50-,Non-Aboriginal,Central Australia,981
2008,Final,Female,50-,Non-Aboriginal,East Arnhem,187
2008,Final,Female,50-,Non-Aboriginal,Greater Darwin,3619
2008,Final,Female,50-,Non-Aboriginal,Top End,234
2008,Final,Male,55-,Aboriginal,Barkly,71
2008,Final,Male,55-,Aboriginal,Big Rivers,124
2008,Final,Male,55-,Aboriginal,Central Australia,142
2008,Final,Male,55-,Aboriginal,East Arnhem,102
2008,Final,Male,55-,Aboriginal,Greater Darwin,187
2008,Final,Male,55-,Aboriginal,Top End,119
2008,Final,Male,55-,Non-Aboriginal,Barkly,123
2008,Final,Male,55-,Non-Aboriginal,Big Rivers,382
2008,Final,Male,55-,Non-Aboriginal,Central Australia,889
2008,Final,Male,55-,Non-Aboriginal,East Arnhem,255
2008,Final,Male,55-,Non-Aboriginal,Greater Darwin,3671
2008,Final,Male,55-,Non-Aboriginal,Top End,261
2008,Final,Female,55-,Aboriginal,Barkly,68
2008,Final,Female,55-,Aboriginal,Big Rivers,155
2008,Final,Female,55-,Aboriginal,Central Australia,269
2008,Final,Female,55-,Aboriginal,East Arnhem,90
2008,Final,Female,55-,Aboriginal,Greater Darwin,213
2008,Final,Female,55-,Aboriginal,Top End,145
2008,Final,Female,55-,Non-Aboriginal,Barkly,105
2008,Final,Female,55-,Non-Aboriginal,Big Rivers,272
2008,Final,Female,55-,Non-Aboriginal,Central Australia,701
2008,Final,Female,55-,Non-Aboriginal,East Arnhem,154
2008,Final,Female,55-,Non-Aboriginal,Greater Darwin,2988
2008,Final,Female,55-,Non-Aboriginal,Top End,175
2008,Final,Male,60-,Aboriginal,Barkly,58
2008,Final,Male,60-,Aboriginal,Big Rivers,116
2008,Final,Male,60-,Aboriginal,Central Australia,124
2008,Final,Male,60-,Aboriginal,East Arnhem,92
2008,Final,Male,60-,Aboriginal,Greater Darwin,91
2008,Final,Male,60-,Aboriginal,Top End,95
2008,Final,Male,60-,Non-Aboriginal,Barkly,84
2008,Final,Male,60-,Non-Aboriginal,Big Rivers,277
2008,Final,Male,60-,Non-Aboriginal,Central Australia,603
2008,Final,Male,60-,Non-Aboriginal,East Arnhem,119
2008,Final,Male,60-,Non-Aboriginal,Greater Darwin,2734
2008,Final,Male,60-,Non-Aboriginal,Top End,198
2008,Final,Female,60-,Aboriginal,Barkly,54
2008,Final,Female,60-,Aboriginal,Big Rivers,91
2008,Final,Female,60-,Aboriginal,Central Australia,218
2008,Final,Female,60-,Aboriginal,East Arnhem,123
2008,Final,Female,60-,Aboriginal,Greater Darwin,148
2008,Final,Female,60-,Aboriginal,Top End,80
2008,Final,Female,60-,Non-Aboriginal,Barkly,44
2008,Final,Female,60-,Non-Aboriginal,Big Rivers,162
2008,Final,Female,60-,Non-Aboriginal,Central Australia,424
2008,Final,Female,60-,Non-Aboriginal,East Arnhem,38
2008,Final,Female,60-,Non-Aboriginal,Greater Darwin,2064
2008,Final,Female,60-,Non-Aboriginal,Top End,114
2008,Final,Male,65-,Aboriginal,Barkly,33
2008,Final,Male,65-,Aboriginal,Big Rivers,62
2008,Final,Male,65-,Aboriginal,Central Australia,77
2008,Final,Male,65-,Aboriginal,East Arnhem,48
2008,Final,Male,65-,Aboriginal,Greater Darwin,72
2008,Final,Male,65-,Aboriginal,Top End,61
2008,Final,Male,65-,Non-Aboriginal,Barkly,68
2008,Final,Male,65-,Non-Aboriginal,Big Rivers,182
2008,Final,Male,65-,Non-Aboriginal,Central Australia,356
2008,Final,Male,65-,Non-Aboriginal,East Arnhem,42
2008,Final,Male,65-,Non-Aboriginal,Greater Darwin,1684
2008,Final,Male,65-,Non-Aboriginal,Top End,127
2008,Final,Female,65-,Aboriginal,Barkly,42
2008,Final,Female,65-,Aboriginal,Big Rivers,91
2008,Final,Female,65-,Aboriginal,Central Australia,117
2008,Final,Female,65-,Aboriginal,East Arnhem,56
2008,Final,Female,65-,Aboriginal,Greater Darwin,106
2008,Final,Female,65-,Aboriginal,Top End,60
2008,Final,Female,65-,Non-Aboriginal,Barkly,37
2008,Final,Female,65-,Non-Aboriginal,Big Rivers,119
2008,Final,Female,65-,Non-Aboriginal,Central Australia,248
2008,Final,Female,65-,Non-Aboriginal,East Arnhem,12
2008,Final,Female,65-,Non-Aboriginal,Greater Darwin,1196
2008,Final,Female,65-,Non-Aboriginal,Top End,51
2008,Final,Male,70-,Aboriginal,Barkly,19
2008,Final,Male,70-,Aboriginal,Big Rivers,51
2008,Final,Male,70-,Aboriginal,Central Australia,33
2008,Final,Male,70-,Aboriginal,East Arnhem,14
2008,Final,Male,70-,Aboriginal,Greater Darwin,54
2008,Final,Male,70-,Aboriginal,Top End,45
2008,Final,Male,70-,Non-Aboriginal,Barkly,21
2008,Final,Male,70-,Non-Aboriginal,Big Rivers,105
2008,Final,Male,70-,Non-Aboriginal,Central Australia,183
2008,Final,Male,70-,Non-Aboriginal,East Arnhem,9
2008,Final,Male,70-,Non-Aboriginal,Greater Darwin,923
2008,Final,Male,70-,Non-Aboriginal,Top End,39
2008,Final,Female,70-,Aboriginal,Barkly,42
2008,Final,Female,70-,Aboriginal,Big Rivers,57
2008,Final,Female,70-,Aboriginal,Central Australia,138
2008,Final,Female,70-,Aboriginal,East Arnhem,33
2008,Final,Female,70-,Aboriginal,Greater Darwin,66
2008,Final,Female,70-,Aboriginal,Top End,33
2008,Final,Female,70-,Non-Aboriginal,Barkly,9
2008,Final,Female,70-,Non-Aboriginal,Big Rivers,44
2008,Final,Female,70-,Non-Aboriginal,Central Australia,108
2008,Final,Female,70-,Non-Aboriginal,East Arnhem,0
2008,Final,Female,70-,Non-Aboriginal,Greater Darwin,707
2008,Final,Female,70-,Non-Aboriginal,Top End,21
2008,Final,Male,75-,Aboriginal,Barkly,8
2008,Final,Male,75-,Aboriginal,Big Rivers,22
2008,Final,Male,75-,Aboriginal,Central Australia,37
2008,Final,Male,75-,Aboriginal,East Arnhem,6
2008,Final,Male,75-,Aboriginal,Greater Darwin,16
2008,Final,Male,75-,Aboriginal,Top End,15
2008,Final,Male,75-,Non-Aboriginal,Barkly,18
2008,Final,Male,75-,Non-Aboriginal,Big Rivers,40
2008,Final,Male,75-,Non-Aboriginal,Central Australia,124
2008,Final,Male,75-,Non-Aboriginal,East Arnhem,2
2008,Final,Male,75-,Non-Aboriginal,Greater Darwin,528
2008,Final,Male,75-,Non-Aboriginal,Top End,24
2008,Final,Female,75-,Aboriginal,Barkly,16
2008,Final,Female,75-,Aboriginal,Big Rivers,19
2008,Final,Female,75-,Aboriginal,Central Australia,48
2008,Final,Female,75-,Aboriginal,East Arnhem,20
2008,Final,Female,75-,Aboriginal,Greater Darwin,36
2008,Final,Female,75-,Aboriginal,Top End,34
2008,Final,Female,75-,Non-Aboriginal,Barkly,5
2008,Final,Female,75-,Non-Aboriginal,Big Rivers,23
2008,Final,Female,75-,Non-Aboriginal,Central Australia,128
2008,Final,Female,75-,Non-Aboriginal,East Arnhem,3
2008,Final,Female,75-,Non-Aboriginal,Greater Darwin,424
2008,Final,Female,75-,Non-Aboriginal,Top End,20
2008,Final,Male,80-,Aboriginal,Barkly,12
2008,Final,Male,80-,Aboriginal,Big Rivers,5
2008,Final,Male,80-,Aboriginal,Central Australia,33
2008,Final,Male,80-,Aboriginal,East Arnhem,10
2008,Final,Male,80-,Aboriginal,Greater Darwin,5
2008,Final,Male,80-,Aboriginal,Top End,1
2008,Final,Male,80-,Non-Aboriginal,Barkly,4
2008,Final,Male,80-,Non-Aboriginal,Big Rivers,27
2008,Final,Male,80-,Non-Aboriginal,Central Australia,48
2008,Final,Male,80-,Non-Aboriginal,East Arnhem,1
2008,Final,Male,80-,Non-Aboriginal,Greater Darwin,277
2008,Final,Male,80-,Non-Aboriginal,Top End,9
2008,Final,Female,80-,Aboriginal,Barkly,2
2008,Final,Female,80-,Aboriginal,Big Rivers,17
2008,Final,Female,80-,Aboriginal,Central Australia,41
2008,Final,Female,80-,Aboriginal,East Arnhem,11
2008,Final,Female,80-,Aboriginal,Greater Darwin,26
2008,Final,Female,80-,Aboriginal,Top End,12
2008,Final,Female,80-,Non-Aboriginal,Barkly,3
2008,Final,Female,80-,Non-Aboriginal,Big Rivers,15
2008,Final,Female,80-,Non-Aboriginal,Central Australia,66
2008,Final,Female,80-,Non-Aboriginal,East Arnhem,0
2008,Final,Female,80-,Non-Aboriginal,Greater Darwin,300
2008,Final,Female,80-,Non-Aboriginal,Top End,7
2008,Final,Male,85+,Aboriginal,Barkly,3
2008,Final,Male,85+,Aboriginal,Big Rivers,15
2008,Final,Male,85+,Aboriginal,Central Australia,13
2008,Final,Male,85+,Aboriginal,East Arnhem,7
2008,Final,Male,85+,Aboriginal,Greater Darwin,5
2008,Final,Male,85+,Aboriginal,Top End,9
2008,Final,Male,85+,Non-Aboriginal,Barkly,3
2008,Final,Male,85+,Non-Aboriginal,Big Rivers,10
2008,Final,Male,85+,Non-Aboriginal,Central Australia,21
2008,Final,Male,85+,Non-Aboriginal,East Arnhem,1
2008,Final,Male,85+,Non-Aboriginal,Greater Darwin,128
2008,Final,Male,85+,Non-Aboriginal,Top End,0
2008,Final,Female,85+,Aboriginal,Barkly,12
2008,Final,Female,85+,Aboriginal,Big Rivers,27
2008,Final,Female,85+,Aboriginal,Central Australia,31
2008,Final,Female,85+,Aboriginal,East Arnhem,8
2008,Final,Female,85+,Aboriginal,Greater Darwin,4
2008,Final,Female,85+,Aboriginal,Top End,16
2008,Final,Female,85+,Non-Aboriginal,Barkly,0
2008,Final,Female,85+,Non-Aboriginal,Big Rivers,9
2008,Final,Female,85+,Non-Aboriginal,Central Australia,71
2008,Final,Female,85+,Non-Aboriginal,East Arnhem,1
2008,Final,Female,85+,Non-Aboriginal,Greater Darwin,218
2008,Final,Female,85+,Non-Aboriginal,Top End,0
2009,Final,Male,0-,Aboriginal,Barkly,336
2009,Final,Male,0-,Aboriginal,Big Rivers,766
2009,Final,Male,0-,Aboriginal,Central Australia,903
2009,Final,Male,0-,Aboriginal,East Arnhem,594
2009,Final,Male,0-,Aboriginal,Greater Darwin,855
2009,Final,Male,0-,Aboriginal,Top End,738
2009,Final,Male,0-,Non-Aboriginal,Barkly,54
2009,Final,Male,0-,Non-Aboriginal,Big Rivers,333
2009,Final,Male,0-,Non-Aboriginal,Central Australia,722
2009,Final,Male,0-,Non-Aboriginal,East Arnhem,246
2009,Final,Male,0-,Non-Aboriginal,Greater Darwin,3881
2009,Final,Male,0-,Non-Aboriginal,Top End,129
2009,Final,Female,0-,Aboriginal,Barkly,281
2009,Final,Female,0-,Aboriginal,Big Rivers,723
2009,Final,Female,0-,Aboriginal,Central Australia,958
2009,Final,Female,0-,Aboriginal,East Arnhem,478
2009,Final,Female,0-,Aboriginal,Greater Darwin,751
2009,Final,Female,0-,Aboriginal,Top End,652
2009,Final,Female,0-,Non-Aboriginal,Barkly,32
2009,Final,Female,0-,Non-Aboriginal,Big Rivers,291
2009,Final,Female,0-,Non-Aboriginal,Central Australia,629
2009,Final,Female,0-,Non-Aboriginal,East Arnhem,227
2009,Final,Female,0-,Non-Aboriginal,Greater Darwin,3884
2009,Final,Female,0-,Non-Aboriginal,Top End,111
2009,Final,Male,10-,Aboriginal,Barkly,293
2009,Final,Male,10-,Aboriginal,Big Rivers,647
2009,Final,Male,10-,Aboriginal,Central Australia,789
2009,Final,Male,10-,Aboriginal,East Arnhem,448
2009,Final,Male,10-,Aboriginal,Greater Darwin,885
2009,Final,Male,10-,Aboriginal,Top End,654
2009,Final,Male,10-,Non-Aboriginal,Barkly,39
2009,Final,Male,10-,Non-Aboriginal,Big Rivers,312
2009,Final,Male,10-,Non-Aboriginal,Central Australia,796
2009,Final,Male,10-,Non-Aboriginal,East Arnhem,201
2009,Final,Male,10-,Non-Aboriginal,Greater Darwin,3574
2009,Final,Male,10-,Non-Aboriginal,Top End,151
2009,Final,Female,10-,Aboriginal,Barkly,249
2009,Final,Female,10-,Aboriginal,Big Rivers,536
2009,Final,Female,10-,Aboriginal,Central Australia,776
2009,Final,Female,10-,Aboriginal,East Arnhem,426
2009,Final,Female,10-,Aboriginal,Greater Darwin,721
2009,Final,Female,10-,Aboriginal,Top End,534
2009,Final,Female,10-,Non-Aboriginal,Barkly,30
2009,Final,Female,10-,Non-Aboriginal,Big Rivers,285
2009,Final,Female,10-,Non-Aboriginal,Central Australia,680
2009,Final,Female,10-,Non-Aboriginal,East Arnhem,174
2009,Final,Female,10-,Non-Aboriginal,Greater Darwin,3330
2009,Final,Female,10-,Non-Aboriginal,Top End,101
2009,Final,Male,15-,Aboriginal,Barkly,284
2009,Final,Male,15-,Aboriginal,Big Rivers,619
2009,Final,Male,15-,Aboriginal,Central Australia,818
2009,Final,Male,15-,Aboriginal,East Arnhem,531
2009,Final,Male,15-,Aboriginal,Greater Darwin,777
2009,Final,Male,15-,Aboriginal,Top End,556
2009,Final,Male,15-,Non-Aboriginal,Barkly,87
2009,Final,Male,15-,Non-Aboriginal,Big Rivers,259
2009,Final,Male,15-,Non-Aboriginal,Central Australia,805
2009,Final,Male,15-,Non-Aboriginal,East Arnhem,156
2009,Final,Male,15-,Non-Aboriginal,Greater Darwin,3681
2009,Final,Male,15-,Non-Aboriginal,Top End,98
2009,Final,Female,15-,Aboriginal,Barkly,264
2009,Final,Female,15-,Aboriginal,Big Rivers,556
2009,Final,Female,15-,Aboriginal,Central Australia,739
2009,Final,Female,15-,Aboriginal,East Arnhem,467
2009,Final,Female,15-,Aboriginal,Greater Darwin,694
2009,Final,Female,15-,Aboriginal,Top End,571
2009,Final,Female,15-,Non-Aboriginal,Barkly,64
2009,Final,Female,15-,Non-Aboriginal,Big Rivers,229
2009,Final,Female,15-,Non-Aboriginal,Central Australia,761
2009,Final,Female,15-,Non-Aboriginal,East Arnhem,126
2009,Final,Female,15-,Non-Aboriginal,Greater Darwin,3331
2009,Final,Female,15-,Non-Aboriginal,Top End,62
2009,Final,Male,20-,Aboriginal,Barkly,301
2009,Final,Male,20-,Aboriginal,Big Rivers,576
2009,Final,Male,20-,Aboriginal,Central Australia,814
2009,Final,Male,20-,Aboriginal,East Arnhem,495
2009,Final,Male,20-,Aboriginal,Greater Darwin,653
2009,Final,Male,20-,Aboriginal,Top End,608
2009,Final,Male,20-,Non-Aboriginal,Barkly,100
2009,Final,Male,20-,Non-Aboriginal,Big Rivers,396
2009,Final,Male,20-,Non-Aboriginal,Central Australia,949
2009,Final,Male,20-,Non-Aboriginal,East Arnhem,191
2009,Final,Male,20-,Non-Aboriginal,Greater Darwin,5140
2009,Final,Male,20-,Non-Aboriginal,Top End,125
2009,Final,Female,20-,Aboriginal,Barkly,212
2009,Final,Female,20-,Aboriginal,Big Rivers,530
2009,Final,Female,20-,Aboriginal,Central Australia,823
2009,Final,Female,20-,Aboriginal,East Arnhem,458
2009,Final,Female,20-,Aboriginal,Greater Darwin,530
2009,Final,Female,20-,Aboriginal,Top End,530
2009,Final,Female,20-,Non-Aboriginal,Barkly,94
2009,Final,Female,20-,Non-Aboriginal,Big Rivers,291
2009,Final,Female,20-,Non-Aboriginal,Central Australia,898
2009,Final,Female,20-,Non-Aboriginal,East Arnhem,129
2009,Final,Female,20-,Non-Aboriginal,Greater Darwin,4171
2009,Final,Female,20-,Non-Aboriginal,Top End,145
2009,Final,Male,25-,Aboriginal,Barkly,248
2009,Final,Male,25-,Aboriginal,Big Rivers,470
2009,Final,Male,25-,Aboriginal,Central Australia,743
2009,Final,Male,25-,Aboriginal,East Arnhem,499
2009,Final,Male,25-,Aboriginal,Greater Darwin,560
2009,Final,Male,25-,Aboriginal,Top End,540
2009,Final,Male,25-,Non-Aboriginal,Barkly,92
2009,Final,Male,25-,Non-Aboriginal,Big Rivers,447
2009,Final,Male,25-,Non-Aboriginal,Central Australia,1166
2009,Final,Male,25-,Non-Aboriginal,East Arnhem,284
2009,Final,Male,25-,Non-Aboriginal,Greater Darwin,5481
2009,Final,Male,25-,Non-Aboriginal,Top End,211
2009,Final,Female,25-,Aboriginal,Barkly,246
2009,Final,Female,25-,Aboriginal,Big Rivers,508
2009,Final,Female,25-,Aboriginal,Central Australia,788
2009,Final,Female,25-,Aboriginal,East Arnhem,502
2009,Final,Female,25-,Aboriginal,Greater Darwin,521
2009,Final,Female,25-,Aboriginal,Top End,495
2009,Final,Female,25-,Non-Aboriginal,Barkly,89
2009,Final,Female,25-,Non-Aboriginal,Big Rivers,393
2009,Final,Female,25-,Non-Aboriginal,Central Australia,1102
2009,Final,Female,25-,Non-Aboriginal,East Arnhem,250
2009,Final,Female,25-,Non-Aboriginal,Greater Darwin,5050
2009,Final,Female,25-,Non-Aboriginal,Top End,196
2009,Final,Male,30-,Aboriginal,Barkly,232
2009,Final,Male,30-,Aboriginal,Big Rivers,376
2009,Final,Male,30-,Aboriginal,Central Australia,617
2009,Final,Male,30-,Aboriginal,East Arnhem,373
2009,Final,Male,30-,Aboriginal,Greater Darwin,562
2009,Final,Male,30-,Aboriginal,Top End,404
2009,Final,Male,30-,Non-Aboriginal,Barkly,92
2009,Final,Male,30-,Non-Aboriginal,Big Rivers,444
2009,Final,Male,30-,Non-Aboriginal,Central Australia,1031
2009,Final,Male,30-,Non-Aboriginal,East Arnhem,316
2009,Final,Male,30-,Non-Aboriginal,Greater Darwin,4830
2009,Final,Male,30-,Non-Aboriginal,Top End,229
2009,Final,Female,30-,Aboriginal,Barkly,211
2009,Final,Female,30-,Aboriginal,Big Rivers,412
2009,Final,Female,30-,Aboriginal,Central Australia,681
2009,Final,Female,30-,Aboriginal,East Arnhem,394
2009,Final,Female,30-,Aboriginal,Greater Darwin,484
2009,Final,Female,30-,Aboriginal,Top End,372
2009,Final,Female,30-,Non-Aboriginal,Barkly,67
2009,Final,Female,30-,Non-Aboriginal,Big Rivers,388
2009,Final,Female,30-,Non-Aboriginal,Central Australia,933
2009,Final,Female,30-,Non-Aboriginal,East Arnhem,264
2009,Final,Female,30-,Non-Aboriginal,Greater Darwin,4653
2009,Final,Female,30-,Non-Aboriginal,Top End,172
2009,Final,Male,35-,Aboriginal,Barkly,153
2009,Final,Male,35-,Aboriginal,Big Rivers,410
2009,Final,Male,35-,Aboriginal,Central Australia,555
2009,Final,Male,35-,Aboriginal,East Arnhem,349
2009,Final,Male,35-,Aboriginal,Greater Darwin,509
2009,Final,Male,35-,Aboriginal,Top End,414
2009,Final,Male,35-,Non-Aboriginal,Barkly,75
2009,Final,Male,35-,Non-Aboriginal,Big Rivers,463
2009,Final,Male,35-,Non-Aboriginal,Central Australia,1191
2009,Final,Male,35-,Non-Aboriginal,East Arnhem,381
2009,Final,Male,35-,Non-Aboriginal,Greater Darwin,4992
2009,Final,Male,35-,Non-Aboriginal,Top End,242
2009,Final,Female,35-,Aboriginal,Barkly,169
2009,Final,Female,35-,Aboriginal,Big Rivers,485
2009,Final,Female,35-,Aboriginal,Central Australia,590
2009,Final,Female,35-,Aboriginal,East Arnhem,349
2009,Final,Female,35-,Aboriginal,Greater Darwin,483
2009,Final,Female,35-,Aboriginal,Top End,386
2009,Final,Female,35-,Non-Aboriginal,Barkly,71
2009,Final,Female,35-,Non-Aboriginal,Big Rivers,358
2009,Final,Female,35-,Non-Aboriginal,Central Australia,1038
2009,Final,Female,35-,Non-Aboriginal,East Arnhem,252
2009,Final,Female,35-,Non-Aboriginal,Greater Darwin,4701
2009,Final,Female,35-,Non-Aboriginal,Top End,229
2009,Final,Male,40-,Aboriginal,Barkly,155
2009,Final,Male,40-,Aboriginal,Big Rivers,314
2009,Final,Male,40-,Aboriginal,Central Australia,425
2009,Final,Male,40-,Aboriginal,East Arnhem,275
2009,Final,Male,40-,Aboriginal,Greater Darwin,411
2009,Final,Male,40-,Aboriginal,Top End,285
2009,Final,Male,40-,Non-Aboriginal,Barkly,99
2009,Final,Male,40-,Non-Aboriginal,Big Rivers,399
2009,Final,Male,40-,Non-Aboriginal,Central Australia,1153
2009,Final,Male,40-,Non-Aboriginal,East Arnhem,304
2009,Final,Male,40-,Non-Aboriginal,Greater Darwin,4537
2009,Final,Male,40-,Non-Aboriginal,Top End,257
2009,Final,Female,40-,Aboriginal,Barkly,161
2009,Final,Female,40-,Aboriginal,Big Rivers,325
2009,Final,Female,40-,Aboriginal,Central Australia,454
2009,Final,Female,40-,Aboriginal,East Arnhem,304
2009,Final,Female,40-,Aboriginal,Greater Darwin,391
2009,Final,Female,40-,Aboriginal,Top End,280
2009,Final,Female,40-,Non-Aboriginal,Barkly,61
2009,Final,Female,40-,Non-Aboriginal,Big Rivers,327
2009,Final,Female,40-,Non-Aboriginal,Central Australia,1020
2009,Final,Female,40-,Non-Aboriginal,East Arnhem,250
2009,Final,Female,40-,Non-Aboriginal,Greater Darwin,4256
2009,Final,Female,40-,Non-Aboriginal,Top End,174
2009,Final,Male,45-,Aboriginal,Barkly,108
2009,Final,Male,45-,Aboriginal,Big Rivers,263
2009,Final,Male,45-,Aboriginal,Central Australia,330
2009,Final,Male,45-,Aboriginal,East Arnhem,274
2009,Final,Male,45-,Aboriginal,Greater Darwin,388
2009,Final,Male,45-,Aboriginal,Top End,227
2009,Final,Male,45-,Non-Aboriginal,Barkly,105
2009,Final,Male,45-,Non-Aboriginal,Big Rivers,374
2009,Final,Male,45-,Non-Aboriginal,Central Australia,1221
2009,Final,Male,45-,Non-Aboriginal,East Arnhem,340
2009,Final,Male,45-,Non-Aboriginal,Greater Darwin,4506
2009,Final,Male,45-,Non-Aboriginal,Top End,279
2009,Final,Female,45-,Aboriginal,Barkly,133
2009,Final,Female,45-,Aboriginal,Big Rivers,293
2009,Final,Female,45-,Aboriginal,Central Australia,403
2009,Final,Female,45-,Aboriginal,East Arnhem,241
2009,Final,Female,45-,Aboriginal,Greater Darwin,332
2009,Final,Female,45-,Aboriginal,Top End,215
2009,Final,Female,45-,Non-Aboriginal,Barkly,89
2009,Final,Female,45-,Non-Aboriginal,Big Rivers,333
2009,Final,Female,45-,Non-Aboriginal,Central Australia,1001
2009,Final,Female,45-,Non-Aboriginal,East Arnhem,234
2009,Final,Female,45-,Non-Aboriginal,Greater Darwin,4236
2009,Final,Female,45-,Non-Aboriginal,Top End,183
2009,Final,Male,5-,Aboriginal,Barkly,270
2009,Final,Male,5-,Aboriginal,Big Rivers,704
2009,Final,Male,5-,Aboriginal,Central Australia,857
2009,Final,Male,5-,Aboriginal,East Arnhem,635
2009,Final,Male,5-,Aboriginal,Greater Darwin,812
2009,Final,Male,5-,Aboriginal,Top End,701
2009,Final,Male,5-,Non-Aboriginal,Barkly,50
2009,Final,Male,5-,Non-Aboriginal,Big Rivers,335
2009,Final,Male,5-,Non-Aboriginal,Central Australia,799
2009,Final,Male,5-,Non-Aboriginal,East Arnhem,234
2009,Final,Male,5-,Non-Aboriginal,Greater Darwin,3374
2009,Final,Male,5-,Non-Aboriginal,Top End,176
2009,Final,Female,5-,Aboriginal,Barkly,317
2009,Final,Female,5-,Aboriginal,Big Rivers,679
2009,Final,Female,5-,Aboriginal,Central Australia,837
2009,Final,Female,5-,Aboriginal,East Arnhem,534
2009,Final,Female,5-,Aboriginal,Greater Darwin,761
2009,Final,Female,5-,Aboriginal,Top End,645
2009,Final,Female,5-,Non-Aboriginal,Barkly,22
2009,Final,Female,5-,Non-Aboriginal,Big Rivers,296
2009,Final,Female,5-,Non-Aboriginal,Central Australia,672
2009,Final,Female,5-,Non-Aboriginal,East Arnhem,233
2009,Final,Female,5-,Non-Aboriginal,Greater Darwin,3453
2009,Final,Female,5-,Non-Aboriginal,Top End,101
2009,Final,Male,50-,Aboriginal,Barkly,88
2009,Final,Male,50-,Aboriginal,Big Rivers,205
2009,Final,Male,50-,Aboriginal,Central Australia,306
2009,Final,Male,50-,Aboriginal,East Arnhem,182
2009,Final,Male,50-,Aboriginal,Greater Darwin,270
2009,Final,Male,50-,Aboriginal,Top End,166
2009,Final,Male,50-,Non-Aboriginal,Barkly,113
2009,Final,Male,50-,Non-Aboriginal,Big Rivers,412
2009,Final,Male,50-,Non-Aboriginal,Central Australia,1174
2009,Final,Male,50-,Non-Aboriginal,East Arnhem,302
2009,Final,Male,50-,Non-Aboriginal,Greater Darwin,4010
2009,Final,Male,50-,Non-Aboriginal,Top End,256
2009,Final,Female,50-,Aboriginal,Barkly,133
2009,Final,Female,50-,Aboriginal,Big Rivers,180
2009,Final,Female,50-,Aboriginal,Central Australia,380
2009,Final,Female,50-,Aboriginal,East Arnhem,218
2009,Final,Female,50-,Aboriginal,Greater Darwin,285
2009,Final,Female,50-,Aboriginal,Top End,185
2009,Final,Female,50-,Non-Aboriginal,Barkly,102
2009,Final,Female,50-,Non-Aboriginal,Big Rivers,297
2009,Final,Female,50-,Non-Aboriginal,Central Australia,1006
2009,Final,Female,50-,Non-Aboriginal,East Arnhem,192
2009,Final,Female,50-,Non-Aboriginal,Greater Darwin,3733
2009,Final,Female,50-,Non-Aboriginal,Top End,240
2009,Final,Male,55-,Aboriginal,Barkly,74
2009,Final,Male,55-,Aboriginal,Big Rivers,129
2009,Final,Male,55-,Aboriginal,Central Australia,147
2009,Final,Male,55-,Aboriginal,East Arnhem,107
2009,Final,Male,55-,Aboriginal,Greater Darwin,192
2009,Final,Male,55-,Aboriginal,Top End,125
2009,Final,Male,55-,Non-Aboriginal,Barkly,128
2009,Final,Male,55-,Non-Aboriginal,Big Rivers,398
2009,Final,Male,55-,Non-Aboriginal,Central Australia,926
2009,Final,Male,55-,Non-Aboriginal,East Arnhem,266
2009,Final,Male,55-,Non-Aboriginal,Greater Darwin,3752
2009,Final,Male,55-,Non-Aboriginal,Top End,272
2009,Final,Female,55-,Aboriginal,Barkly,71
2009,Final,Female,55-,Aboriginal,Big Rivers,162
2009,Final,Female,55-,Aboriginal,Central Australia,282
2009,Final,Female,55-,Aboriginal,East Arnhem,94
2009,Final,Female,55-,Aboriginal,Greater Darwin,221
2009,Final,Female,55-,Aboriginal,Top End,151
2009,Final,Female,55-,Non-Aboriginal,Barkly,110
2009,Final,Female,55-,Non-Aboriginal,Big Rivers,285
2009,Final,Female,55-,Non-Aboriginal,Central Australia,733
2009,Final,Female,55-,Non-Aboriginal,East Arnhem,161
2009,Final,Female,55-,Non-Aboriginal,Greater Darwin,3111
2009,Final,Female,55-,Non-Aboriginal,Top End,182
2009,Final,Male,60-,Aboriginal,Barkly,61
2009,Final,Male,60-,Aboriginal,Big Rivers,123
2009,Final,Male,60-,Aboriginal,Central Australia,130
2009,Final,Male,60-,Aboriginal,East Arnhem,96
2009,Final,Male,60-,Aboriginal,Greater Darwin,96
2009,Final,Male,60-,Aboriginal,Top End,100
2009,Final,Male,60-,Non-Aboriginal,Barkly,87
2009,Final,Male,60-,Non-Aboriginal,Big Rivers,292
2009,Final,Male,60-,Non-Aboriginal,Central Australia,634
2009,Final,Male,60-,Non-Aboriginal,East Arnhem,126
2009,Final,Male,60-,Non-Aboriginal,Greater Darwin,2914
2009,Final,Male,60-,Non-Aboriginal,Top End,208
2009,Final,Female,60-,Aboriginal,Barkly,56
2009,Final,Female,60-,Aboriginal,Big Rivers,95
2009,Final,Female,60-,Aboriginal,Central Australia,227
2009,Final,Female,60-,Aboriginal,East Arnhem,130
2009,Final,Female,60-,Aboriginal,Greater Darwin,161
2009,Final,Female,60-,Aboriginal,Top End,85
2009,Final,Female,60-,Non-Aboriginal,Barkly,46
2009,Final,Female,60-,Non-Aboriginal,Big Rivers,170
2009,Final,Female,60-,Non-Aboriginal,Central Australia,443
2009,Final,Female,60-,Non-Aboriginal,East Arnhem,40
2009,Final,Female,60-,Non-Aboriginal,Greater Darwin,2231
2009,Final,Female,60-,Non-Aboriginal,Top End,119
2009,Final,Male,65-,Aboriginal,Barkly,35
2009,Final,Male,65-,Aboriginal,Big Rivers,69
2009,Final,Male,65-,Aboriginal,Central Australia,84
2009,Final,Male,65-,Aboriginal,East Arnhem,53
2009,Final,Male,65-,Aboriginal,Greater Darwin,76
2009,Final,Male,65-,Aboriginal,Top End,66
2009,Final,Male,65-,Non-Aboriginal,Barkly,75
2009,Final,Male,65-,Non-Aboriginal,Big Rivers,198
2009,Final,Male,65-,Non-Aboriginal,Central Australia,389
2009,Final,Male,65-,Non-Aboriginal,East Arnhem,45
2009,Final,Male,65-,Non-Aboriginal,Greater Darwin,1768
2009,Final,Male,65-,Non-Aboriginal,Top End,140
2009,Final,Female,65-,Aboriginal,Barkly,44
2009,Final,Female,65-,Aboriginal,Big Rivers,94
2009,Final,Female,65-,Aboriginal,Central Australia,122
2009,Final,Female,65-,Aboriginal,East Arnhem,58
2009,Final,Female,65-,Aboriginal,Greater Darwin,117
2009,Final,Female,65-,Aboriginal,Top End,62
2009,Final,Female,65-,Non-Aboriginal,Barkly,39
2009,Final,Female,65-,Non-Aboriginal,Big Rivers,124
2009,Final,Female,65-,Non-Aboriginal,Central Australia,257
2009,Final,Female,65-,Non-Aboriginal,East Arnhem,13
2009,Final,Female,65-,Non-Aboriginal,Greater Darwin,1314
2009,Final,Female,65-,Non-Aboriginal,Top End,53
2009,Final,Male,70-,Aboriginal,Barkly,20
2009,Final,Male,70-,Aboriginal,Big Rivers,54
2009,Final,Male,70-,Aboriginal,Central Australia,35
2009,Final,Male,70-,Aboriginal,East Arnhem,15
2009,Final,Male,70-,Aboriginal,Greater Darwin,58
2009,Final,Male,70-,Aboriginal,Top End,49
2009,Final,Male,70-,Non-Aboriginal,Barkly,22
2009,Final,Male,70-,Non-Aboriginal,Big Rivers,112
2009,Final,Male,70-,Non-Aboriginal,Central Australia,194
2009,Final,Male,70-,Non-Aboriginal,East Arnhem,10
2009,Final,Male,70-,Non-Aboriginal,Greater Darwin,998
2009,Final,Male,70-,Non-Aboriginal,Top End,42
2009,Final,Female,70-,Aboriginal,Barkly,41
2009,Final,Female,70-,Aboriginal,Big Rivers,57
2009,Final,Female,70-,Aboriginal,Central Australia,137
2009,Final,Female,70-,Aboriginal,East Arnhem,33
2009,Final,Female,70-,Aboriginal,Greater Darwin,69
2009,Final,Female,70-,Aboriginal,Top End,33
2009,Final,Female,70-,Non-Aboriginal,Barkly,9
2009,Final,Female,70-,Non-Aboriginal,Big Rivers,44
2009,Final,Female,70-,Non-Aboriginal,Central Australia,108
2009,Final,Female,70-,Non-Aboriginal,East Arnhem,0
2009,Final,Female,70-,Non-Aboriginal,Greater Darwin,743
2009,Final,Female,70-,Non-Aboriginal,Top End,21
2009,Final,Male,75-,Aboriginal,Barkly,8
2009,Final,Male,75-,Aboriginal,Big Rivers,22
2009,Final,Male,75-,Aboriginal,Central Australia,37
2009,Final,Male,75-,Aboriginal,East Arnhem,6
2009,Final,Male,75-,Aboriginal,Greater Darwin,17
2009,Final,Male,75-,Aboriginal,Top End,15
2009,Final,Male,75-,Non-Aboriginal,Barkly,17
2009,Final,Male,75-,Non-Aboriginal,Big Rivers,39
2009,Final,Male,75-,Non-Aboriginal,Central Australia,122
2009,Final,Male,75-,Non-Aboriginal,East Arnhem,2
2009,Final,Male,75-,Non-Aboriginal,Greater Darwin,544
2009,Final,Male,75-,Non-Aboriginal,Top End,24
2009,Final,Female,75-,Aboriginal,Barkly,16
2009,Final,Female,75-,Aboriginal,Big Rivers,18
2009,Final,Female,75-,Aboriginal,Central Australia,48
2009,Final,Female,75-,Aboriginal,East Arnhem,21
2009,Final,Female,75-,Aboriginal,Greater Darwin,39
2009,Final,Female,75-,Aboriginal,Top End,35
2009,Final,Female,75-,Non-Aboriginal,Barkly,5
2009,Final,Female,75-,Non-Aboriginal,Big Rivers,23
2009,Final,Female,75-,Non-Aboriginal,Central Australia,129
2009,Final,Female,75-,Non-Aboriginal,East Arnhem,3
2009,Final,Female,75-,Non-Aboriginal,Greater Darwin,454
2009,Final,Female,75-,Non-Aboriginal,Top End,19
2009,Final,Male,80-,Aboriginal,Barkly,14
2009,Final,Male,80-,Aboriginal,Big Rivers,6
2009,Final,Male,80-,Aboriginal,Central Australia,37
2009,Final,Male,80-,Aboriginal,East Arnhem,12
2009,Final,Male,80-,Aboriginal,Greater Darwin,5
2009,Final,Male,80-,Aboriginal,Top End,0
2009,Final,Male,80-,Non-Aboriginal,Barkly,4
2009,Final,Male,80-,Non-Aboriginal,Big Rivers,31
2009,Final,Male,80-,Non-Aboriginal,Central Australia,53
2009,Final,Male,80-,Non-Aboriginal,East Arnhem,1
2009,Final,Male,80-,Non-Aboriginal,Greater Darwin,289
2009,Final,Male,80-,Non-Aboriginal,Top End,9
2009,Final,Female,80-,Aboriginal,Barkly,3
2009,Final,Female,80-,Aboriginal,Big Rivers,17
2009,Final,Female,80-,Aboriginal,Central Australia,42
2009,Final,Female,80-,Aboriginal,East Arnhem,11
2009,Final,Female,80-,Aboriginal,Greater Darwin,27
2009,Final,Female,80-,Aboriginal,Top End,12
2009,Final,Female,80-,Non-Aboriginal,Barkly,3
2009,Final,Female,80-,Non-Aboriginal,Big Rivers,15
2009,Final,Female,80-,Non-Aboriginal,Central Australia,66
2009,Final,Female,80-,Non-Aboriginal,East Arnhem,0
2009,Final,Female,80-,Non-Aboriginal,Greater Darwin,322
2009,Final,Female,80-,Non-Aboriginal,Top End,6
2009,Final,Male,85+,Aboriginal,Barkly,3
2009,Final,Male,85+,Aboriginal,Big Rivers,14
2009,Final,Male,85+,Aboriginal,Central Australia,12
2009,Final,Male,85+,Aboriginal,East Arnhem,6
2009,Final,Male,85+,Aboriginal,Greater Darwin,5
2009,Final,Male,85+,Aboriginal,Top End,9
2009,Final,Male,85+,Non-Aboriginal,Barkly,3
2009,Final,Male,85+,Non-Aboriginal,Big Rivers,10
2009,Final,Male,85+,Non-Aboriginal,Central Australia,21
2009,Final,Male,85+,Non-Aboriginal,East Arnhem,0
2009,Final,Male,85+,Non-Aboriginal,Greater Darwin,127
2009,Final,Male,85+,Non-Aboriginal,Top End,1
2009,Final,Female,85+,Aboriginal,Barkly,12
2009,Final,Female,85+,Aboriginal,Big Rivers,28
2009,Final,Female,85+,Aboriginal,Central Australia,31
2009,Final,Female,85+,Aboriginal,East Arnhem,7
2009,Final,Female,85+,Aboriginal,Greater Darwin,4
2009,Final,Female,85+,Aboriginal,Top End,16
2009,Final,Female,85+,Non-Aboriginal,Barkly,1
2009,Final,Female,85+,Non-Aboriginal,Big Rivers,9
2009,Final,Female,85+,Non-Aboriginal,Central Australia,70
2009,Final,Female,85+,Non-Aboriginal,East Arnhem,0
2009,Final,Female,85+,Non-Aboriginal,Greater Darwin,222
2009,Final,Female,85+,Non-Aboriginal,Top End,1
2010,Final,Male,0-,Aboriginal,Barkly,342
2010,Final,Male,0-,Aboriginal,Big Rivers,778
2010,Final,Male,0-,Aboriginal,Central Australia,916
2010,Final,Male,0-,Aboriginal,East Arnhem,604
2010,Final,Male,0-,Aboriginal,Greater Darwin,863
2010,Final,Male,0-,Aboriginal,Top End,750
2010,Final,Male,0-,Non-Aboriginal,Barkly,55
2010,Final,Male,0-,Non-Aboriginal,Big Rivers,339
2010,Final,Male,0-,Non-Aboriginal,Central Australia,733
2010,Final,Male,0-,Non-Aboriginal,East Arnhem,250
2010,Final,Male,0-,Non-Aboriginal,Greater Darwin,3917
2010,Final,Male,0-,Non-Aboriginal,Top End,131
2010,Final,Female,0-,Aboriginal,Barkly,284
2010,Final,Female,0-,Aboriginal,Big Rivers,732
2010,Final,Female,0-,Aboriginal,Central Australia,970
2010,Final,Female,0-,Aboriginal,East Arnhem,484
2010,Final,Female,0-,Aboriginal,Greater Darwin,754
2010,Final,Female,0-,Aboriginal,Top End,661
2010,Final,Female,0-,Non-Aboriginal,Barkly,32
2010,Final,Female,0-,Non-Aboriginal,Big Rivers,295
2010,Final,Female,0-,Non-Aboriginal,Central Australia,637
2010,Final,Female,0-,Non-Aboriginal,East Arnhem,230
2010,Final,Female,0-,Non-Aboriginal,Greater Darwin,3901
2010,Final,Female,0-,Non-Aboriginal,Top End,113
2010,Final,Male,10-,Aboriginal,Barkly,292
2010,Final,Male,10-,Aboriginal,Big Rivers,643
2010,Final,Male,10-,Aboriginal,Central Australia,784
2010,Final,Male,10-,Aboriginal,East Arnhem,445
2010,Final,Male,10-,Aboriginal,Greater Darwin,857
2010,Final,Male,10-,Aboriginal,Top End,649
2010,Final,Male,10-,Non-Aboriginal,Barkly,40
2010,Final,Male,10-,Non-Aboriginal,Big Rivers,309
2010,Final,Male,10-,Non-Aboriginal,Central Australia,790
2010,Final,Male,10-,Non-Aboriginal,East Arnhem,201
2010,Final,Male,10-,Non-Aboriginal,Greater Darwin,3462
2010,Final,Male,10-,Non-Aboriginal,Top End,150
2010,Final,Female,10-,Aboriginal,Barkly,245
2010,Final,Female,10-,Aboriginal,Big Rivers,529
2010,Final,Female,10-,Aboriginal,Central Australia,764
2010,Final,Female,10-,Aboriginal,East Arnhem,420
2010,Final,Female,10-,Aboriginal,Greater Darwin,727
2010,Final,Female,10-,Aboriginal,Top End,527
2010,Final,Female,10-,Non-Aboriginal,Barkly,30
2010,Final,Female,10-,Non-Aboriginal,Big Rivers,281
2010,Final,Female,10-,Non-Aboriginal,Central Australia,671
2010,Final,Female,10-,Non-Aboriginal,East Arnhem,173
2010,Final,Female,10-,Non-Aboriginal,Greater Darwin,3356
2010,Final,Female,10-,Non-Aboriginal,Top End,99
2010,Final,Male,15-,Aboriginal,Barkly,287
2010,Final,Male,15-,Aboriginal,Big Rivers,627
2010,Final,Male,15-,Aboriginal,Central Australia,829
2010,Final,Male,15-,Aboriginal,East Arnhem,538
2010,Final,Male,15-,Aboriginal,Greater Darwin,779
2010,Final,Male,15-,Aboriginal,Top End,564
2010,Final,Male,15-,Non-Aboriginal,Barkly,88
2010,Final,Male,15-,Non-Aboriginal,Big Rivers,263
2010,Final,Male,15-,Non-Aboriginal,Central Australia,815
2010,Final,Male,15-,Non-Aboriginal,East Arnhem,158
2010,Final,Male,15-,Non-Aboriginal,Greater Darwin,3688
2010,Final,Male,15-,Non-Aboriginal,Top End,99
2010,Final,Female,15-,Aboriginal,Barkly,260
2010,Final,Female,15-,Aboriginal,Big Rivers,548
2010,Final,Female,15-,Aboriginal,Central Australia,728
2010,Final,Female,15-,Aboriginal,East Arnhem,460
2010,Final,Female,15-,Aboriginal,Greater Darwin,686
2010,Final,Female,15-,Aboriginal,Top End,562
2010,Final,Female,15-,Non-Aboriginal,Barkly,63
2010,Final,Female,15-,Non-Aboriginal,Big Rivers,225
2010,Final,Female,15-,Non-Aboriginal,Central Australia,749
2010,Final,Female,15-,Non-Aboriginal,East Arnhem,125
2010,Final,Female,15-,Non-Aboriginal,Greater Darwin,3296
2010,Final,Female,15-,Non-Aboriginal,Top End,61
2010,Final,Male,20-,Aboriginal,Barkly,309
2010,Final,Male,20-,Aboriginal,Big Rivers,593
2010,Final,Male,20-,Aboriginal,Central Australia,838
2010,Final,Male,20-,Aboriginal,East Arnhem,510
2010,Final,Male,20-,Aboriginal,Greater Darwin,688
2010,Final,Male,20-,Aboriginal,Top End,626
2010,Final,Male,20-,Non-Aboriginal,Barkly,103
2010,Final,Male,20-,Non-Aboriginal,Big Rivers,407
2010,Final,Male,20-,Non-Aboriginal,Central Australia,977
2010,Final,Male,20-,Non-Aboriginal,East Arnhem,197
2010,Final,Male,20-,Non-Aboriginal,Greater Darwin,5415
2010,Final,Male,20-,Non-Aboriginal,Top End,128
2010,Final,Female,20-,Aboriginal,Barkly,210
2010,Final,Female,20-,Aboriginal,Big Rivers,525
2010,Final,Female,20-,Aboriginal,Central Australia,817
2010,Final,Female,20-,Aboriginal,East Arnhem,454
2010,Final,Female,20-,Aboriginal,Greater Darwin,538
2010,Final,Female,20-,Aboriginal,Top End,527
2010,Final,Female,20-,Non-Aboriginal,Barkly,93
2010,Final,Female,20-,Non-Aboriginal,Big Rivers,288
2010,Final,Female,20-,Non-Aboriginal,Central Australia,893
2010,Final,Female,20-,Non-Aboriginal,East Arnhem,128
2010,Final,Female,20-,Non-Aboriginal,Greater Darwin,4234
2010,Final,Female,20-,Non-Aboriginal,Top End,144
2010,Final,Male,25-,Aboriginal,Barkly,263
2010,Final,Male,25-,Aboriginal,Big Rivers,497
2010,Final,Male,25-,Aboriginal,Central Australia,786
2010,Final,Male,25-,Aboriginal,East Arnhem,528
2010,Final,Male,25-,Aboriginal,Greater Darwin,587
2010,Final,Male,25-,Aboriginal,Top End,572
2010,Final,Male,25-,Non-Aboriginal,Barkly,98
2010,Final,Male,25-,Non-Aboriginal,Big Rivers,474
2010,Final,Male,25-,Non-Aboriginal,Central Australia,1235
2010,Final,Male,25-,Non-Aboriginal,East Arnhem,300
2010,Final,Male,25-,Non-Aboriginal,Greater Darwin,5742
2010,Final,Male,25-,Non-Aboriginal,Top End,223
2010,Final,Female,25-,Aboriginal,Barkly,253
2010,Final,Female,25-,Aboriginal,Big Rivers,524
2010,Final,Female,25-,Aboriginal,Central Australia,812
2010,Final,Female,25-,Aboriginal,East Arnhem,517
2010,Final,Female,25-,Aboriginal,Greater Darwin,539
2010,Final,Female,25-,Aboriginal,Top End,510
2010,Final,Female,25-,Non-Aboriginal,Barkly,91
2010,Final,Female,25-,Non-Aboriginal,Big Rivers,405
2010,Final,Female,25-,Non-Aboriginal,Central Australia,1136
2010,Final,Female,25-,Non-Aboriginal,East Arnhem,258
2010,Final,Female,25-,Non-Aboriginal,Greater Darwin,5224
2010,Final,Female,25-,Non-Aboriginal,Top End,202
2010,Final,Male,30-,Aboriginal,Barkly,233
2010,Final,Male,30-,Aboriginal,Big Rivers,376
2010,Final,Male,30-,Aboriginal,Central Australia,619
2010,Final,Male,30-,Aboriginal,East Arnhem,374
2010,Final,Male,30-,Aboriginal,Greater Darwin,567
2010,Final,Male,30-,Aboriginal,Top End,405
2010,Final,Male,30-,Non-Aboriginal,Barkly,92
2010,Final,Male,30-,Non-Aboriginal,Big Rivers,445
2010,Final,Male,30-,Non-Aboriginal,Central Australia,1033
2010,Final,Male,30-,Non-Aboriginal,East Arnhem,316
2010,Final,Male,30-,Non-Aboriginal,Greater Darwin,4869
2010,Final,Male,30-,Non-Aboriginal,Top End,229
2010,Final,Female,30-,Aboriginal,Barkly,211
2010,Final,Female,30-,Aboriginal,Big Rivers,411
2010,Final,Female,30-,Aboriginal,Central Australia,679
2010,Final,Female,30-,Aboriginal,East Arnhem,392
2010,Final,Female,30-,Aboriginal,Greater Darwin,496
2010,Final,Female,30-,Aboriginal,Top End,371
2010,Final,Female,30-,Non-Aboriginal,Barkly,66
2010,Final,Female,30-,Non-Aboriginal,Big Rivers,388
2010,Final,Female,30-,Non-Aboriginal,Central Australia,931
2010,Final,Female,30-,Non-Aboriginal,East Arnhem,263
2010,Final,Female,30-,Non-Aboriginal,Greater Darwin,4770
2010,Final,Female,30-,Non-Aboriginal,Top End,172
2010,Final,Male,35-,Aboriginal,Barkly,152
2010,Final,Male,35-,Aboriginal,Big Rivers,408
2010,Final,Male,35-,Aboriginal,Central Australia,553
2010,Final,Male,35-,Aboriginal,East Arnhem,348
2010,Final,Male,35-,Aboriginal,Greater Darwin,508
2010,Final,Male,35-,Aboriginal,Top End,411
2010,Final,Male,35-,Non-Aboriginal,Barkly,74
2010,Final,Male,35-,Non-Aboriginal,Big Rivers,461
2010,Final,Male,35-,Non-Aboriginal,Central Australia,1185
2010,Final,Male,35-,Non-Aboriginal,East Arnhem,380
2010,Final,Male,35-,Non-Aboriginal,Greater Darwin,4974
2010,Final,Male,35-,Non-Aboriginal,Top End,241
2010,Final,Female,35-,Aboriginal,Barkly,165
2010,Final,Female,35-,Aboriginal,Big Rivers,473
2010,Final,Female,35-,Aboriginal,Central Australia,576
2010,Final,Female,35-,Aboriginal,East Arnhem,340
2010,Final,Female,35-,Aboriginal,Greater Darwin,486
2010,Final,Female,35-,Aboriginal,Top End,376
2010,Final,Female,35-,Non-Aboriginal,Barkly,69
2010,Final,Female,35-,Non-Aboriginal,Big Rivers,349
2010,Final,Female,35-,Non-Aboriginal,Central Australia,1012
2010,Final,Female,35-,Non-Aboriginal,East Arnhem,247
2010,Final,Female,35-,Non-Aboriginal,Greater Darwin,4725
2010,Final,Female,35-,Non-Aboriginal,Top End,224
2010,Final,Male,40-,Aboriginal,Barkly,158
2010,Final,Male,40-,Aboriginal,Big Rivers,318
2010,Final,Male,40-,Aboriginal,Central Australia,430
2010,Final,Male,40-,Aboriginal,East Arnhem,278
2010,Final,Male,40-,Aboriginal,Greater Darwin,420
2010,Final,Male,40-,Aboriginal,Top End,288
2010,Final,Male,40-,Non-Aboriginal,Barkly,100
2010,Final,Male,40-,Non-Aboriginal,Big Rivers,403
2010,Final,Male,40-,Non-Aboriginal,Central Australia,1167
2010,Final,Male,40-,Non-Aboriginal,East Arnhem,307
2010,Final,Male,40-,Non-Aboriginal,Greater Darwin,4643
2010,Final,Male,40-,Non-Aboriginal,Top End,261
2010,Final,Female,40-,Aboriginal,Barkly,166
2010,Final,Female,40-,Aboriginal,Big Rivers,334
2010,Final,Female,40-,Aboriginal,Central Australia,467
2010,Final,Female,40-,Aboriginal,East Arnhem,312
2010,Final,Female,40-,Aboriginal,Greater Darwin,406
2010,Final,Female,40-,Aboriginal,Top End,288
2010,Final,Female,40-,Non-Aboriginal,Barkly,63
2010,Final,Female,40-,Non-Aboriginal,Big Rivers,337
2010,Final,Female,40-,Non-Aboriginal,Central Australia,1050
2010,Final,Female,40-,Non-Aboriginal,East Arnhem,258
2010,Final,Female,40-,Non-Aboriginal,Greater Darwin,4421
2010,Final,Female,40-,Non-Aboriginal,Top End,179
2010,Final,Male,45-,Aboriginal,Barkly,109
2010,Final,Male,45-,Aboriginal,Big Rivers,263
2010,Final,Male,45-,Aboriginal,Central Australia,330
2010,Final,Male,45-,Aboriginal,East Arnhem,275
2010,Final,Male,45-,Aboriginal,Greater Darwin,389
2010,Final,Male,45-,Aboriginal,Top End,227
2010,Final,Male,45-,Non-Aboriginal,Barkly,105
2010,Final,Male,45-,Non-Aboriginal,Big Rivers,375
2010,Final,Male,45-,Non-Aboriginal,Central Australia,1224
2010,Final,Male,45-,Non-Aboriginal,East Arnhem,341
2010,Final,Male,45-,Non-Aboriginal,Greater Darwin,4519
2010,Final,Male,45-,Non-Aboriginal,Top End,281
2010,Final,Female,45-,Aboriginal,Barkly,133
2010,Final,Female,45-,Aboriginal,Big Rivers,295
2010,Final,Female,45-,Aboriginal,Central Australia,405
2010,Final,Female,45-,Aboriginal,East Arnhem,242
2010,Final,Female,45-,Aboriginal,Greater Darwin,334
2010,Final,Female,45-,Aboriginal,Top End,216
2010,Final,Female,45-,Non-Aboriginal,Barkly,90
2010,Final,Female,45-,Non-Aboriginal,Big Rivers,335
2010,Final,Female,45-,Non-Aboriginal,Central Australia,1007
2010,Final,Female,45-,Non-Aboriginal,East Arnhem,235
2010,Final,Female,45-,Non-Aboriginal,Greater Darwin,4256
2010,Final,Female,45-,Non-Aboriginal,Top End,185
2010,Final,Male,5-,Aboriginal,Barkly,272
2010,Final,Male,5-,Aboriginal,Big Rivers,710
2010,Final,Male,5-,Aboriginal,Central Australia,864
2010,Final,Male,5-,Aboriginal,East Arnhem,640
2010,Final,Male,5-,Aboriginal,Greater Darwin,813
2010,Final,Male,5-,Aboriginal,Top End,706
2010,Final,Male,5-,Non-Aboriginal,Barkly,50
2010,Final,Male,5-,Non-Aboriginal,Big Rivers,337
2010,Final,Male,5-,Non-Aboriginal,Central Australia,804
2010,Final,Male,5-,Non-Aboriginal,East Arnhem,236
2010,Final,Male,5-,Non-Aboriginal,Greater Darwin,3376
2010,Final,Male,5-,Non-Aboriginal,Top End,178
2010,Final,Female,5-,Aboriginal,Barkly,317
2010,Final,Female,5-,Aboriginal,Big Rivers,678
2010,Final,Female,5-,Aboriginal,Central Australia,836
2010,Final,Female,5-,Aboriginal,East Arnhem,533
2010,Final,Female,5-,Aboriginal,Greater Darwin,770
2010,Final,Female,5-,Aboriginal,Top End,643
2010,Final,Female,5-,Non-Aboriginal,Barkly,21
2010,Final,Female,5-,Non-Aboriginal,Big Rivers,296
2010,Final,Female,5-,Non-Aboriginal,Central Australia,670
2010,Final,Female,5-,Non-Aboriginal,East Arnhem,232
2010,Final,Female,5-,Non-Aboriginal,Greater Darwin,3498
2010,Final,Female,5-,Non-Aboriginal,Top End,100
2010,Final,Male,50-,Aboriginal,Barkly,88
2010,Final,Male,50-,Aboriginal,Big Rivers,207
2010,Final,Male,50-,Aboriginal,Central Australia,308
2010,Final,Male,50-,Aboriginal,East Arnhem,183
2010,Final,Male,50-,Aboriginal,Greater Darwin,273
2010,Final,Male,50-,Aboriginal,Top End,167
2010,Final,Male,50-,Non-Aboriginal,Barkly,114
2010,Final,Male,50-,Non-Aboriginal,Big Rivers,414
2010,Final,Male,50-,Non-Aboriginal,Central Australia,1181
2010,Final,Male,50-,Non-Aboriginal,East Arnhem,304
2010,Final,Male,50-,Non-Aboriginal,Greater Darwin,4069
2010,Final,Male,50-,Non-Aboriginal,Top End,258
2010,Final,Female,50-,Aboriginal,Barkly,131
2010,Final,Female,50-,Aboriginal,Big Rivers,178
2010,Final,Female,50-,Aboriginal,Central Australia,375
2010,Final,Female,50-,Aboriginal,East Arnhem,215
2010,Final,Female,50-,Aboriginal,Greater Darwin,292
2010,Final,Female,50-,Aboriginal,Top End,183
2010,Final,Female,50-,Non-Aboriginal,Barkly,101
2010,Final,Female,50-,Non-Aboriginal,Big Rivers,294
2010,Final,Female,50-,Non-Aboriginal,Central Australia,994
2010,Final,Female,50-,Non-Aboriginal,East Arnhem,189
2010,Final,Female,50-,Non-Aboriginal,Greater Darwin,3824
2010,Final,Female,50-,Non-Aboriginal,Top End,238
2010,Final,Male,55-,Aboriginal,Barkly,76
2010,Final,Male,55-,Aboriginal,Big Rivers,133
2010,Final,Male,55-,Aboriginal,Central Australia,153
2010,Final,Male,55-,Aboriginal,East Arnhem,111
2010,Final,Male,55-,Aboriginal,Greater Darwin,193
2010,Final,Male,55-,Aboriginal,Top End,128
2010,Final,Male,55-,Non-Aboriginal,Barkly,132
2010,Final,Male,55-,Non-Aboriginal,Big Rivers,412
2010,Final,Male,55-,Non-Aboriginal,Central Australia,956
2010,Final,Male,55-,Non-Aboriginal,East Arnhem,274
2010,Final,Male,55-,Non-Aboriginal,Greater Darwin,3780
2010,Final,Male,55-,Non-Aboriginal,Top End,281
2010,Final,Female,55-,Aboriginal,Barkly,75
2010,Final,Female,55-,Aboriginal,Big Rivers,170
2010,Final,Female,55-,Aboriginal,Central Australia,295
2010,Final,Female,55-,Aboriginal,East Arnhem,98
2010,Final,Female,55-,Aboriginal,Greater Darwin,232
2010,Final,Female,55-,Aboriginal,Top End,158
2010,Final,Female,55-,Non-Aboriginal,Barkly,115
2010,Final,Female,55-,Non-Aboriginal,Big Rivers,298
2010,Final,Female,55-,Non-Aboriginal,Central Australia,767
2010,Final,Female,55-,Non-Aboriginal,East Arnhem,169
2010,Final,Female,55-,Non-Aboriginal,Greater Darwin,3261
2010,Final,Female,55-,Non-Aboriginal,Top End,190
2010,Final,Male,60-,Aboriginal,Barkly,66
2010,Final,Male,60-,Aboriginal,Big Rivers,131
2010,Final,Male,60-,Aboriginal,Central Australia,140
2010,Final,Male,60-,Aboriginal,East Arnhem,103
2010,Final,Male,60-,Aboriginal,Greater Darwin,103
2010,Final,Male,60-,Aboriginal,Top End,108
2010,Final,Male,60-,Non-Aboriginal,Barkly,94
2010,Final,Male,60-,Non-Aboriginal,Big Rivers,313
2010,Final,Male,60-,Non-Aboriginal,Central Australia,681
2010,Final,Male,60-,Non-Aboriginal,East Arnhem,134
2010,Final,Male,60-,Non-Aboriginal,Greater Darwin,3105
2010,Final,Male,60-,Non-Aboriginal,Top End,223
2010,Final,Female,60-,Aboriginal,Barkly,59
2010,Final,Female,60-,Aboriginal,Big Rivers,100
2010,Final,Female,60-,Aboriginal,Central Australia,240
2010,Final,Female,60-,Aboriginal,East Arnhem,136
2010,Final,Female,60-,Aboriginal,Greater Darwin,169
2010,Final,Female,60-,Aboriginal,Top End,89
2010,Final,Female,60-,Non-Aboriginal,Barkly,49
2010,Final,Female,60-,Non-Aboriginal,Big Rivers,179
2010,Final,Female,60-,Non-Aboriginal,Central Australia,467
2010,Final,Female,60-,Non-Aboriginal,East Arnhem,42
2010,Final,Female,60-,Non-Aboriginal,Greater Darwin,2353
2010,Final,Female,60-,Non-Aboriginal,Top End,126
2010,Final,Male,65-,Aboriginal,Barkly,37
2010,Final,Male,65-,Aboriginal,Big Rivers,70
2010,Final,Male,65-,Aboriginal,Central Australia,87
2010,Final,Male,65-,Aboriginal,East Arnhem,54
2010,Final,Male,65-,Aboriginal,Greater Darwin,80
2010,Final,Male,65-,Aboriginal,Top End,68
2010,Final,Male,65-,Non-Aboriginal,Barkly,76
2010,Final,Male,65-,Non-Aboriginal,Big Rivers,203
2010,Final,Male,65-,Non-Aboriginal,Central Australia,398
2010,Final,Male,65-,Non-Aboriginal,East Arnhem,46
2010,Final,Male,65-,Non-Aboriginal,Greater Darwin,1858
2010,Final,Male,65-,Non-Aboriginal,Top End,143
2010,Final,Female,65-,Aboriginal,Barkly,46
2010,Final,Female,65-,Aboriginal,Big Rivers,99
2010,Final,Female,65-,Aboriginal,Central Australia,127
2010,Final,Female,65-,Aboriginal,East Arnhem,61
2010,Final,Female,65-,Aboriginal,Greater Darwin,124
2010,Final,Female,65-,Aboriginal,Top End,65
2010,Final,Female,65-,Non-Aboriginal,Barkly,40
2010,Final,Female,65-,Non-Aboriginal,Big Rivers,130
2010,Final,Female,65-,Non-Aboriginal,Central Australia,268
2010,Final,Female,65-,Non-Aboriginal,East Arnhem,13
2010,Final,Female,65-,Non-Aboriginal,Greater Darwin,1395
2010,Final,Female,65-,Non-Aboriginal,Top End,55
2010,Final,Male,70-,Aboriginal,Barkly,23
2010,Final,Male,70-,Aboriginal,Big Rivers,63
2010,Final,Male,70-,Aboriginal,Central Australia,41
2010,Final,Male,70-,Aboriginal,East Arnhem,18
2010,Final,Male,70-,Aboriginal,Greater Darwin,64
2010,Final,Male,70-,Aboriginal,Top End,56
2010,Final,Male,70-,Non-Aboriginal,Barkly,26
2010,Final,Male,70-,Non-Aboriginal,Big Rivers,130
2010,Final,Male,70-,Non-Aboriginal,Central Australia,226
2010,Final,Male,70-,Non-Aboriginal,East Arnhem,12
2010,Final,Male,70-,Non-Aboriginal,Greater Darwin,1084
2010,Final,Male,70-,Non-Aboriginal,Top End,48
2010,Final,Female,70-,Aboriginal,Barkly,42
2010,Final,Female,70-,Aboriginal,Big Rivers,58
2010,Final,Female,70-,Aboriginal,Central Australia,140
2010,Final,Female,70-,Aboriginal,East Arnhem,33
2010,Final,Female,70-,Aboriginal,Greater Darwin,75
2010,Final,Female,70-,Aboriginal,Top End,34
2010,Final,Female,70-,Non-Aboriginal,Barkly,9
2010,Final,Female,70-,Non-Aboriginal,Big Rivers,45
2010,Final,Female,70-,Non-Aboriginal,Central Australia,110
2010,Final,Female,70-,Non-Aboriginal,East Arnhem,0
2010,Final,Female,70-,Non-Aboriginal,Greater Darwin,809
2010,Final,Female,70-,Non-Aboriginal,Top End,22
2010,Final,Male,75-,Aboriginal,Barkly,7
2010,Final,Male,75-,Aboriginal,Big Rivers,21
2010,Final,Male,75-,Aboriginal,Central Australia,36
2010,Final,Male,75-,Aboriginal,East Arnhem,5
2010,Final,Male,75-,Aboriginal,Greater Darwin,18
2010,Final,Male,75-,Aboriginal,Top End,15
2010,Final,Male,75-,Non-Aboriginal,Barkly,17
2010,Final,Male,75-,Non-Aboriginal,Big Rivers,39
2010,Final,Male,75-,Non-Aboriginal,Central Australia,120
2010,Final,Male,75-,Non-Aboriginal,East Arnhem,2
2010,Final,Male,75-,Non-Aboriginal,Greater Darwin,589
2010,Final,Male,75-,Non-Aboriginal,Top End,23
2010,Final,Female,75-,Aboriginal,Barkly,16
2010,Final,Female,75-,Aboriginal,Big Rivers,19
2010,Final,Female,75-,Aboriginal,Central Australia,49
2010,Final,Female,75-,Aboriginal,East Arnhem,21
2010,Final,Female,75-,Aboriginal,Greater Darwin,42
2010,Final,Female,75-,Aboriginal,Top End,35
2010,Final,Female,75-,Non-Aboriginal,Barkly,5
2010,Final,Female,75-,Non-Aboriginal,Big Rivers,23
2010,Final,Female,75-,Non-Aboriginal,Central Australia,130
2010,Final,Female,75-,Non-Aboriginal,East Arnhem,3
2010,Final,Female,75-,Non-Aboriginal,Greater Darwin,493
2010,Final,Female,75-,Non-Aboriginal,Top End,19
2010,Final,Male,80-,Aboriginal,Barkly,16
2010,Final,Male,80-,Aboriginal,Big Rivers,7
2010,Final,Male,80-,Aboriginal,Central Australia,42
2010,Final,Male,80-,Aboriginal,East Arnhem,13
2010,Final,Male,80-,Aboriginal,Greater Darwin,5
2010,Final,Male,80-,Aboriginal,Top End,0
2010,Final,Male,80-,Non-Aboriginal,Barkly,5
2010,Final,Male,80-,Non-Aboriginal,Big Rivers,35
2010,Final,Male,80-,Non-Aboriginal,Central Australia,61
2010,Final,Male,80-,Non-Aboriginal,East Arnhem,1
2010,Final,Male,80-,Non-Aboriginal,Greater Darwin,325
2010,Final,Male,80-,Non-Aboriginal,Top End,11
2010,Final,Female,80-,Aboriginal,Barkly,4
2010,Final,Female,80-,Aboriginal,Big Rivers,18
2010,Final,Female,80-,Aboriginal,Central Australia,46
2010,Final,Female,80-,Aboriginal,East Arnhem,13
2010,Final,Female,80-,Aboriginal,Greater Darwin,28
2010,Final,Female,80-,Aboriginal,Top End,13
2010,Final,Female,80-,Non-Aboriginal,Barkly,3
2010,Final,Female,80-,Non-Aboriginal,Big Rivers,16
2010,Final,Female,80-,Non-Aboriginal,Central Australia,72
2010,Final,Female,80-,Non-Aboriginal,East Arnhem,1
2010,Final,Female,80-,Non-Aboriginal,Greater Darwin,324
2010,Final,Female,80-,Non-Aboriginal,Top End,7
2010,Final,Male,85+,Aboriginal,Barkly,3
2010,Final,Male,85+,Aboriginal,Big Rivers,15
2010,Final,Male,85+,Aboriginal,Central Australia,13
2010,Final,Male,85+,Aboriginal,East Arnhem,7
2010,Final,Male,85+,Aboriginal,Greater Darwin,5
2010,Final,Male,85+,Aboriginal,Top End,9
2010,Final,Male,85+,Non-Aboriginal,Barkly,4
2010,Final,Male,85+,Non-Aboriginal,Big Rivers,11
2010,Final,Male,85+,Non-Aboriginal,Central Australia,21
2010,Final,Male,85+,Non-Aboriginal,East Arnhem,0
2010,Final,Male,85+,Non-Aboriginal,Greater Darwin,127
2010,Final,Male,85+,Non-Aboriginal,Top End,0
2010,Final,Female,85+,Aboriginal,Barkly,12
2010,Final,Female,85+,Aboriginal,Big Rivers,28
2010,Final,Female,85+,Aboriginal,Central Australia,31
2010,Final,Female,85+,Aboriginal,East Arnhem,7
2010,Final,Female,85+,Aboriginal,Greater Darwin,4
2010,Final,Female,85+,Aboriginal,Top End,16
2010,Final,Female,85+,Non-Aboriginal,Barkly,0
2010,Final,Female,85+,Non-Aboriginal,Big Rivers,9
2010,Final,Female,85+,Non-Aboriginal,Central Australia,70
2010,Final,Female,85+,Non-Aboriginal,East Arnhem,1
2010,Final,Female,85+,Non-Aboriginal,Greater Darwin,233
2010,Final,Female,85+,Non-Aboriginal,Top End,0
2011,Final,Male,0-,Aboriginal,Barkly,330
2011,Final,Male,0-,Aboriginal,Big Rivers,682
2011,Final,Male,0-,Aboriginal,Central Australia,857
2011,Final,Male,0-,Aboriginal,East Arnhem,499
2011,Final,Male,0-,Aboriginal,Greater Darwin,748
2011,Final,Male,0-,Aboriginal,Top End,752
2011,Final,Male,0-,Non-Aboriginal,Barkly,62
2011,Final,Male,0-,Non-Aboriginal,Big Rivers,360
2011,Final,Male,0-,Non-Aboriginal,Central Australia,856
2011,Final,Male,0-,Non-Aboriginal,East Arnhem,330
2011,Final,Male,0-,Non-Aboriginal,Greater Darwin,3969
2011,Final,Male,0-,Non-Aboriginal,Top End,164
2011,Final,Female,0-,Aboriginal,Barkly,292
2011,Final,Female,0-,Aboriginal,Big Rivers,721
2011,Final,Female,0-,Aboriginal,Central Australia,742
2011,Final,Female,0-,Aboriginal,East Arnhem,456
2011,Final,Female,0-,Aboriginal,Greater Darwin,719
2011,Final,Female,0-,Aboriginal,Top End,614
2011,Final,Female,0-,Non-Aboriginal,Barkly,53
2011,Final,Female,0-,Non-Aboriginal,Big Rivers,362
2011,Final,Female,0-,Non-Aboriginal,Central Australia,711
2011,Final,Female,0-,Non-Aboriginal,East Arnhem,280
2011,Final,Female,0-,Non-Aboriginal,Greater Darwin,3801
2011,Final,Female,0-,Non-Aboriginal,Top End,132
2011,Final,Male,10-,Aboriginal,Barkly,240
2011,Final,Male,10-,Aboriginal,Big Rivers,615
2011,Final,Male,10-,Aboriginal,Central Australia,799
2011,Final,Male,10-,Aboriginal,East Arnhem,586
2011,Final,Male,10-,Aboriginal,Greater Darwin,839
2011,Final,Male,10-,Aboriginal,Top End,682
2011,Final,Male,10-,Non-Aboriginal,Barkly,43
2011,Final,Male,10-,Non-Aboriginal,Big Rivers,280
2011,Final,Male,10-,Non-Aboriginal,Central Australia,769
2011,Final,Male,10-,Non-Aboriginal,East Arnhem,205
2011,Final,Male,10-,Non-Aboriginal,Greater Darwin,3463
2011,Final,Male,10-,Non-Aboriginal,Top End,127
2011,Final,Female,10-,Aboriginal,Barkly,259
2011,Final,Female,10-,Aboriginal,Big Rivers,647
2011,Final,Female,10-,Aboriginal,Central Australia,696
2011,Final,Female,10-,Aboriginal,East Arnhem,513
2011,Final,Female,10-,Aboriginal,Greater Darwin,750
2011,Final,Female,10-,Aboriginal,Top End,644
2011,Final,Female,10-,Non-Aboriginal,Barkly,20
2011,Final,Female,10-,Non-Aboriginal,Big Rivers,205
2011,Final,Female,10-,Non-Aboriginal,Central Australia,569
2011,Final,Female,10-,Non-Aboriginal,East Arnhem,167
2011,Final,Female,10-,Non-Aboriginal,Greater Darwin,3373
2011,Final,Female,10-,Non-Aboriginal,Top End,76
2011,Final,Male,15-,Aboriginal,Barkly,277
2011,Final,Male,15-,Aboriginal,Big Rivers,506
2011,Final,Male,15-,Aboriginal,Central Australia,708
2011,Final,Male,15-,Aboriginal,East Arnhem,501
2011,Final,Male,15-,Aboriginal,Greater Darwin,844
2011,Final,Male,15-,Aboriginal,Top End,694
2011,Final,Male,15-,Non-Aboriginal,Barkly,71
2011,Final,Male,15-,Non-Aboriginal,Big Rivers,279
2011,Final,Male,15-,Non-Aboriginal,Central Australia,788
2011,Final,Male,15-,Non-Aboriginal,East Arnhem,154
2011,Final,Male,15-,Non-Aboriginal,Greater Darwin,3675
2011,Final,Male,15-,Non-Aboriginal,Top End,118
2011,Final,Female,15-,Aboriginal,Barkly,298
2011,Final,Female,15-,Aboriginal,Big Rivers,517
2011,Final,Female,15-,Aboriginal,Central Australia,727
2011,Final,Female,15-,Aboriginal,East Arnhem,477
2011,Final,Female,15-,Aboriginal,Greater Darwin,639
2011,Final,Female,15-,Aboriginal,Top End,663
2011,Final,Female,15-,Non-Aboriginal,Barkly,37
2011,Final,Female,15-,Non-Aboriginal,Big Rivers,201
2011,Final,Female,15-,Non-Aboriginal,Central Australia,586
2011,Final,Female,15-,Non-Aboriginal,East Arnhem,74
2011,Final,Female,15-,Non-Aboriginal,Greater Darwin,3196
2011,Final,Female,15-,Non-Aboriginal,Top End,66
2011,Final,Male,20-,Aboriginal,Barkly,252
2011,Final,Male,20-,Aboriginal,Big Rivers,561
2011,Final,Male,20-,Aboriginal,Central Australia,765
2011,Final,Male,20-,Aboriginal,East Arnhem,485
2011,Final,Male,20-,Aboriginal,Greater Darwin,711
2011,Final,Male,20-,Aboriginal,Top End,595
2011,Final,Male,20-,Non-Aboriginal,Barkly,94
2011,Final,Male,20-,Non-Aboriginal,Big Rivers,419
2011,Final,Male,20-,Non-Aboriginal,Central Australia,973
2011,Final,Male,20-,Non-Aboriginal,East Arnhem,198
2011,Final,Male,20-,Non-Aboriginal,Greater Darwin,5288
2011,Final,Male,20-,Non-Aboriginal,Top End,160
2011,Final,Female,20-,Aboriginal,Barkly,247
2011,Final,Female,20-,Aboriginal,Big Rivers,604
2011,Final,Female,20-,Aboriginal,Central Australia,735
2011,Final,Female,20-,Aboriginal,East Arnhem,490
2011,Final,Female,20-,Aboriginal,Greater Darwin,568
2011,Final,Female,20-,Aboriginal,Top End,688
2011,Final,Female,20-,Non-Aboriginal,Barkly,108
2011,Final,Female,20-,Non-Aboriginal,Big Rivers,318
2011,Final,Female,20-,Non-Aboriginal,Central Australia,769
2011,Final,Female,20-,Non-Aboriginal,East Arnhem,125
2011,Final,Female,20-,Non-Aboriginal,Greater Darwin,4109
2011,Final,Female,20-,Non-Aboriginal,Top End,117
2011,Final,Male,25-,Aboriginal,Barkly,243
2011,Final,Male,25-,Aboriginal,Big Rivers,507
2011,Final,Male,25-,Aboriginal,Central Australia,690
2011,Final,Male,25-,Aboriginal,East Arnhem,497
2011,Final,Male,25-,Aboriginal,Greater Darwin,619
2011,Final,Male,25-,Aboriginal,Top End,526
2011,Final,Male,25-,Non-Aboriginal,Barkly,144
2011,Final,Male,25-,Non-Aboriginal,Big Rivers,484
2011,Final,Male,25-,Non-Aboriginal,Central Australia,1279
2011,Final,Male,25-,Non-Aboriginal,East Arnhem,305
2011,Final,Male,25-,Non-Aboriginal,Greater Darwin,5960
2011,Final,Male,25-,Non-Aboriginal,Top End,259
2011,Final,Female,25-,Aboriginal,Barkly,235
2011,Final,Female,25-,Aboriginal,Big Rivers,521
2011,Final,Female,25-,Aboriginal,Central Australia,760
2011,Final,Female,25-,Aboriginal,East Arnhem,510
2011,Final,Female,25-,Aboriginal,Greater Darwin,493
2011,Final,Female,25-,Aboriginal,Top End,572
2011,Final,Female,25-,Non-Aboriginal,Barkly,105
2011,Final,Female,25-,Non-Aboriginal,Big Rivers,400
2011,Final,Female,25-,Non-Aboriginal,Central Australia,1089
2011,Final,Female,25-,Non-Aboriginal,East Arnhem,204
2011,Final,Female,25-,Non-Aboriginal,Greater Darwin,5344
2011,Final,Female,25-,Non-Aboriginal,Top End,183
2011,Final,Male,30-,Aboriginal,Barkly,180
2011,Final,Male,30-,Aboriginal,Big Rivers,376
2011,Final,Male,30-,Aboriginal,Central Australia,567
2011,Final,Male,30-,Aboriginal,East Arnhem,385
2011,Final,Male,30-,Aboriginal,Greater Darwin,509
2011,Final,Male,30-,Aboriginal,Top End,466
2011,Final,Male,30-,Non-Aboriginal,Barkly,114
2011,Final,Male,30-,Non-Aboriginal,Big Rivers,443
2011,Final,Male,30-,Non-Aboriginal,Central Australia,1166
2011,Final,Male,30-,Non-Aboriginal,East Arnhem,308
2011,Final,Male,30-,Non-Aboriginal,Greater Darwin,5090
2011,Final,Male,30-,Non-Aboriginal,Top End,237
2011,Final,Female,30-,Aboriginal,Barkly,190
2011,Final,Female,30-,Aboriginal,Big Rivers,413
2011,Final,Female,30-,Aboriginal,Central Australia,640
2011,Final,Female,30-,Aboriginal,East Arnhem,422
2011,Final,Female,30-,Aboriginal,Greater Darwin,442
2011,Final,Female,30-,Aboriginal,Top End,448
2011,Final,Female,30-,Non-Aboriginal,Barkly,70
2011,Final,Female,30-,Non-Aboriginal,Big Rivers,360
2011,Final,Female,30-,Non-Aboriginal,Central Australia,1008
2011,Final,Female,30-,Non-Aboriginal,East Arnhem,239
2011,Final,Female,30-,Non-Aboriginal,Greater Darwin,4911
2011,Final,Female,30-,Non-Aboriginal,Top End,167
2011,Final,Male,35-,Aboriginal,Barkly,176
2011,Final,Male,35-,Aboriginal,Big Rivers,344
2011,Final,Male,35-,Aboriginal,Central Australia,516
2011,Final,Male,35-,Aboriginal,East Arnhem,378
2011,Final,Male,35-,Aboriginal,Greater Darwin,551
2011,Final,Male,35-,Aboriginal,Top End,421
2011,Final,Male,35-,Non-Aboriginal,Barkly,95
2011,Final,Male,35-,Non-Aboriginal,Big Rivers,375
2011,Final,Male,35-,Non-Aboriginal,Central Australia,1094
2011,Final,Male,35-,Non-Aboriginal,East Arnhem,377
2011,Final,Male,35-,Non-Aboriginal,Greater Darwin,4861
2011,Final,Male,35-,Non-Aboriginal,Top End,262
2011,Final,Female,35-,Aboriginal,Barkly,184
2011,Final,Female,35-,Aboriginal,Big Rivers,385
2011,Final,Female,35-,Aboriginal,Central Australia,614
2011,Final,Female,35-,Aboriginal,East Arnhem,391
2011,Final,Female,35-,Aboriginal,Greater Darwin,477
2011,Final,Female,35-,Aboriginal,Top End,409
2011,Final,Female,35-,Non-Aboriginal,Barkly,67
2011,Final,Female,35-,Non-Aboriginal,Big Rivers,318
2011,Final,Female,35-,Non-Aboriginal,Central Australia,850
2011,Final,Female,35-,Non-Aboriginal,East Arnhem,299
2011,Final,Female,35-,Non-Aboriginal,Greater Darwin,4630
2011,Final,Female,35-,Non-Aboriginal,Top End,189
2011,Final,Male,40-,Aboriginal,Barkly,133
2011,Final,Male,40-,Aboriginal,Big Rivers,335
2011,Final,Male,40-,Aboriginal,Central Australia,500
2011,Final,Male,40-,Aboriginal,East Arnhem,306
2011,Final,Male,40-,Aboriginal,Greater Darwin,480
2011,Final,Male,40-,Aboriginal,Top End,397
2011,Final,Male,40-,Non-Aboriginal,Barkly,97
2011,Final,Male,40-,Non-Aboriginal,Big Rivers,397
2011,Final,Male,40-,Non-Aboriginal,Central Australia,1078
2011,Final,Male,40-,Non-Aboriginal,East Arnhem,315
2011,Final,Male,40-,Non-Aboriginal,Greater Darwin,4802
2011,Final,Male,40-,Non-Aboriginal,Top End,266
2011,Final,Female,40-,Aboriginal,Barkly,192
2011,Final,Female,40-,Aboriginal,Big Rivers,433
2011,Final,Female,40-,Aboriginal,Central Australia,557
2011,Final,Female,40-,Aboriginal,East Arnhem,320
2011,Final,Female,40-,Aboriginal,Greater Darwin,496
2011,Final,Female,40-,Aboriginal,Top End,378
2011,Final,Female,40-,Non-Aboriginal,Barkly,64
2011,Final,Female,40-,Non-Aboriginal,Big Rivers,306
2011,Final,Female,40-,Non-Aboriginal,Central Australia,907
2011,Final,Female,40-,Non-Aboriginal,East Arnhem,253
2011,Final,Female,40-,Non-Aboriginal,Greater Darwin,4519
2011,Final,Female,40-,Non-Aboriginal,Top End,157
2011,Final,Male,45-,Aboriginal,Barkly,123
2011,Final,Male,45-,Aboriginal,Big Rivers,290
2011,Final,Male,45-,Aboriginal,Central Australia,358
2011,Final,Male,45-,Aboriginal,East Arnhem,256
2011,Final,Male,45-,Aboriginal,Greater Darwin,389
2011,Final,Male,45-,Aboriginal,Top End,304
2011,Final,Male,45-,Non-Aboriginal,Barkly,102
2011,Final,Male,45-,Non-Aboriginal,Big Rivers,366
2011,Final,Male,45-,Non-Aboriginal,Central Australia,1156
2011,Final,Male,45-,Non-Aboriginal,East Arnhem,303
2011,Final,Male,45-,Non-Aboriginal,Greater Darwin,4442
2011,Final,Male,45-,Non-Aboriginal,Top End,259
2011,Final,Female,45-,Aboriginal,Barkly,139
2011,Final,Female,45-,Aboriginal,Big Rivers,287
2011,Final,Female,45-,Aboriginal,Central Australia,411
2011,Final,Female,45-,Aboriginal,East Arnhem,267
2011,Final,Female,45-,Aboriginal,Greater Darwin,376
2011,Final,Female,45-,Aboriginal,Top End,278
2011,Final,Female,45-,Non-Aboriginal,Barkly,90
2011,Final,Female,45-,Non-Aboriginal,Big Rivers,311
2011,Final,Female,45-,Non-Aboriginal,Central Australia,901
2011,Final,Female,45-,Non-Aboriginal,East Arnhem,200
2011,Final,Female,45-,Non-Aboriginal,Greater Darwin,4208
2011,Final,Female,45-,Non-Aboriginal,Top End,189
2011,Final,Male,5-,Aboriginal,Barkly,345
2011,Final,Male,5-,Aboriginal,Big Rivers,731
2011,Final,Male,5-,Aboriginal,Central Australia,781
2011,Final,Male,5-,Aboriginal,East Arnhem,652
2011,Final,Male,5-,Aboriginal,Greater Darwin,737
2011,Final,Male,5-,Aboriginal,Top End,809
2011,Final,Male,5-,Non-Aboriginal,Barkly,50
2011,Final,Male,5-,Non-Aboriginal,Big Rivers,289
2011,Final,Male,5-,Non-Aboriginal,Central Australia,767
2011,Final,Male,5-,Non-Aboriginal,East Arnhem,273
2011,Final,Male,5-,Non-Aboriginal,Greater Darwin,3442
2011,Final,Male,5-,Non-Aboriginal,Top End,117
2011,Final,Female,5-,Aboriginal,Barkly,293
2011,Final,Female,5-,Aboriginal,Big Rivers,660
2011,Final,Female,5-,Aboriginal,Central Australia,828
2011,Final,Female,5-,Aboriginal,East Arnhem,587
2011,Final,Female,5-,Aboriginal,Greater Darwin,695
2011,Final,Female,5-,Aboriginal,Top End,718
2011,Final,Female,5-,Non-Aboriginal,Barkly,58
2011,Final,Female,5-,Non-Aboriginal,Big Rivers,259
2011,Final,Female,5-,Non-Aboriginal,Central Australia,584
2011,Final,Female,5-,Non-Aboriginal,East Arnhem,245
2011,Final,Female,5-,Non-Aboriginal,Greater Darwin,3584
2011,Final,Female,5-,Non-Aboriginal,Top End,71
2011,Final,Male,50-,Aboriginal,Barkly,60
2011,Final,Male,50-,Aboriginal,Big Rivers,224
2011,Final,Male,50-,Aboriginal,Central Australia,334
2011,Final,Male,50-,Aboriginal,East Arnhem,244
2011,Final,Male,50-,Aboriginal,Greater Darwin,330
2011,Final,Male,50-,Aboriginal,Top End,254
2011,Final,Male,50-,Non-Aboriginal,Barkly,122
2011,Final,Male,50-,Non-Aboriginal,Big Rivers,437
2011,Final,Male,50-,Non-Aboriginal,Central Australia,1110
2011,Final,Male,50-,Non-Aboriginal,East Arnhem,276
2011,Final,Male,50-,Non-Aboriginal,Greater Darwin,4112
2011,Final,Male,50-,Non-Aboriginal,Top End,273
2011,Final,Female,50-,Aboriginal,Barkly,100
2011,Final,Female,50-,Aboriginal,Big Rivers,226
2011,Final,Female,50-,Aboriginal,Central Australia,410
2011,Final,Female,50-,Aboriginal,East Arnhem,202
2011,Final,Female,50-,Aboriginal,Greater Darwin,331
2011,Final,Female,50-,Aboriginal,Top End,256
2011,Final,Female,50-,Non-Aboriginal,Barkly,114
2011,Final,Female,50-,Non-Aboriginal,Big Rivers,325
2011,Final,Female,50-,Non-Aboriginal,Central Australia,908
2011,Final,Female,50-,Non-Aboriginal,East Arnhem,186
2011,Final,Female,50-,Non-Aboriginal,Greater Darwin,3933
2011,Final,Female,50-,Non-Aboriginal,Top End,209
2011,Final,Male,55-,Aboriginal,Barkly,56
2011,Final,Male,55-,Aboriginal,Big Rivers,198
2011,Final,Male,55-,Aboriginal,Central Australia,260
2011,Final,Male,55-,Aboriginal,East Arnhem,136
2011,Final,Male,55-,Aboriginal,Greater Darwin,221
2011,Final,Male,55-,Aboriginal,Top End,180
2011,Final,Male,55-,Non-Aboriginal,Barkly,114
2011,Final,Male,55-,Non-Aboriginal,Big Rivers,389
2011,Final,Male,55-,Non-Aboriginal,Central Australia,947
2011,Final,Male,55-,Non-Aboriginal,East Arnhem,182
2011,Final,Male,55-,Non-Aboriginal,Greater Darwin,3745
2011,Final,Male,55-,Non-Aboriginal,Top End,283
2011,Final,Female,55-,Aboriginal,Barkly,79
2011,Final,Female,55-,Aboriginal,Big Rivers,155
2011,Final,Female,55-,Aboriginal,Central Australia,277
2011,Final,Female,55-,Aboriginal,East Arnhem,159
2011,Final,Female,55-,Aboriginal,Greater Darwin,260
2011,Final,Female,55-,Aboriginal,Top End,146
2011,Final,Female,55-,Non-Aboriginal,Barkly,106
2011,Final,Female,55-,Non-Aboriginal,Big Rivers,298
2011,Final,Female,55-,Non-Aboriginal,Central Australia,817
2011,Final,Female,55-,Non-Aboriginal,East Arnhem,153
2011,Final,Female,55-,Non-Aboriginal,Greater Darwin,3259
2011,Final,Female,55-,Non-Aboriginal,Top End,193
2011,Final,Male,60-,Aboriginal,Barkly,58
2011,Final,Male,60-,Aboriginal,Big Rivers,116
2011,Final,Male,60-,Aboriginal,Central Australia,182
2011,Final,Male,60-,Aboriginal,East Arnhem,81
2011,Final,Male,60-,Aboriginal,Greater Darwin,140
2011,Final,Male,60-,Aboriginal,Top End,93
2011,Final,Male,60-,Non-Aboriginal,Barkly,128
2011,Final,Male,60-,Non-Aboriginal,Big Rivers,361
2011,Final,Male,60-,Non-Aboriginal,Central Australia,702
2011,Final,Male,60-,Non-Aboriginal,East Arnhem,159
2011,Final,Male,60-,Non-Aboriginal,Greater Darwin,3183
2011,Final,Male,60-,Non-Aboriginal,Top End,247
2011,Final,Female,60-,Aboriginal,Barkly,69
2011,Final,Female,60-,Aboriginal,Big Rivers,128
2011,Final,Female,60-,Aboriginal,Central Australia,205
2011,Final,Female,60-,Aboriginal,East Arnhem,90
2011,Final,Female,60-,Aboriginal,Greater Darwin,191
2011,Final,Female,60-,Aboriginal,Top End,117
2011,Final,Female,60-,Non-Aboriginal,Barkly,82
2011,Final,Female,60-,Non-Aboriginal,Big Rivers,213
2011,Final,Female,60-,Non-Aboriginal,Central Australia,457
2011,Final,Female,60-,Non-Aboriginal,East Arnhem,71
2011,Final,Female,60-,Non-Aboriginal,Greater Darwin,2510
2011,Final,Female,60-,Non-Aboriginal,Top End,134
2011,Final,Male,65-,Aboriginal,Barkly,50
2011,Final,Male,65-,Aboriginal,Big Rivers,84
2011,Final,Male,65-,Aboriginal,Central Australia,92
2011,Final,Male,65-,Aboriginal,East Arnhem,53
2011,Final,Male,65-,Aboriginal,Greater Darwin,76
2011,Final,Male,65-,Aboriginal,Top End,56
2011,Final,Male,65-,Non-Aboriginal,Barkly,80
2011,Final,Male,65-,Non-Aboriginal,Big Rivers,217
2011,Final,Male,65-,Non-Aboriginal,Central Australia,373
2011,Final,Male,65-,Non-Aboriginal,East Arnhem,59
2011,Final,Male,65-,Non-Aboriginal,Greater Darwin,1937
2011,Final,Male,65-,Non-Aboriginal,Top End,148
2011,Final,Female,65-,Aboriginal,Barkly,28
2011,Final,Female,65-,Aboriginal,Big Rivers,76
2011,Final,Female,65-,Aboriginal,Central Australia,153
2011,Final,Female,65-,Aboriginal,East Arnhem,48
2011,Final,Female,65-,Aboriginal,Greater Darwin,103
2011,Final,Female,65-,Aboriginal,Top End,72
2011,Final,Female,65-,Non-Aboriginal,Barkly,32
2011,Final,Female,65-,Non-Aboriginal,Big Rivers,129
2011,Final,Female,65-,Non-Aboriginal,Central Australia,270
2011,Final,Female,65-,Non-Aboriginal,East Arnhem,23
2011,Final,Female,65-,Non-Aboriginal,Greater Darwin,1523
2011,Final,Female,65-,Non-Aboriginal,Top End,70
2011,Final,Male,70-,Aboriginal,Barkly,31
2011,Final,Male,70-,Aboriginal,Big Rivers,31
2011,Final,Male,70-,Aboriginal,Central Australia,56
2011,Final,Male,70-,Aboriginal,East Arnhem,31
2011,Final,Male,70-,Aboriginal,Greater Darwin,44
2011,Final,Male,70-,Aboriginal,Top End,37
2011,Final,Male,70-,Non-Aboriginal,Barkly,59
2011,Final,Male,70-,Non-Aboriginal,Big Rivers,145
2011,Final,Male,70-,Non-Aboriginal,Central Australia,244
2011,Final,Male,70-,Non-Aboriginal,East Arnhem,18
2011,Final,Male,70-,Non-Aboriginal,Greater Darwin,1202
2011,Final,Male,70-,Non-Aboriginal,Top End,66
2011,Final,Female,70-,Aboriginal,Barkly,34
2011,Final,Female,70-,Aboriginal,Big Rivers,47
2011,Final,Female,70-,Aboriginal,Central Australia,99
2011,Final,Female,70-,Aboriginal,East Arnhem,35
2011,Final,Female,70-,Aboriginal,Greater Darwin,64
2011,Final,Female,70-,Aboriginal,Top End,46
2011,Final,Female,70-,Non-Aboriginal,Barkly,22
2011,Final,Female,70-,Non-Aboriginal,Big Rivers,80
2011,Final,Female,70-,Non-Aboriginal,Central Australia,162
2011,Final,Female,70-,Non-Aboriginal,East Arnhem,2
2011,Final,Female,70-,Non-Aboriginal,Greater Darwin,911
2011,Final,Female,70-,Non-Aboriginal,Top End,23
2011,Final,Male,75-,Aboriginal,Barkly,6
2011,Final,Male,75-,Aboriginal,Big Rivers,33
2011,Final,Male,75-,Aboriginal,Central Australia,38
2011,Final,Male,75-,Aboriginal,East Arnhem,6
2011,Final,Male,75-,Aboriginal,Greater Darwin,29
2011,Final,Male,75-,Aboriginal,Top End,20
2011,Final,Male,75-,Non-Aboriginal,Barkly,9
2011,Final,Male,75-,Non-Aboriginal,Big Rivers,85
2011,Final,Male,75-,Non-Aboriginal,Central Australia,86
2011,Final,Male,75-,Non-Aboriginal,East Arnhem,2
2011,Final,Male,75-,Non-Aboriginal,Greater Darwin,617
2011,Final,Male,75-,Non-Aboriginal,Top End,16
2011,Final,Female,75-,Aboriginal,Barkly,26
2011,Final,Female,75-,Aboriginal,Big Rivers,29
2011,Final,Female,75-,Aboriginal,Central Australia,77
2011,Final,Female,75-,Aboriginal,East Arnhem,21
2011,Final,Female,75-,Aboriginal,Greater Darwin,42
2011,Final,Female,75-,Aboriginal,Top End,25
2011,Final,Female,75-,Non-Aboriginal,Barkly,9
2011,Final,Female,75-,Non-Aboriginal,Big Rivers,39
2011,Final,Female,75-,Non-Aboriginal,Central Australia,100
2011,Final,Female,75-,Non-Aboriginal,East Arnhem,2
2011,Final,Female,75-,Non-Aboriginal,Greater Darwin,499
2011,Final,Female,75-,Non-Aboriginal,Top End,14
2011,Final,Male,80-,Aboriginal,Barkly,4
2011,Final,Male,80-,Aboriginal,Big Rivers,25
2011,Final,Male,80-,Aboriginal,Central Australia,25
2011,Final,Male,80-,Aboriginal,East Arnhem,0
2011,Final,Male,80-,Aboriginal,Greater Darwin,10
2011,Final,Male,80-,Aboriginal,Top End,19
2011,Final,Male,80-,Non-Aboriginal,Barkly,8
2011,Final,Male,80-,Non-Aboriginal,Big Rivers,33
2011,Final,Male,80-,Non-Aboriginal,Central Australia,85
2011,Final,Male,80-,Non-Aboriginal,East Arnhem,3
2011,Final,Male,80-,Non-Aboriginal,Greater Darwin,340
2011,Final,Male,80-,Non-Aboriginal,Top End,14
2011,Final,Female,80-,Aboriginal,Barkly,14
2011,Final,Female,80-,Aboriginal,Big Rivers,17
2011,Final,Female,80-,Aboriginal,Central Australia,39
2011,Final,Female,80-,Aboriginal,East Arnhem,11
2011,Final,Female,80-,Aboriginal,Greater Darwin,31
2011,Final,Female,80-,Aboriginal,Top End,11
2011,Final,Female,80-,Non-Aboriginal,Barkly,4
2011,Final,Female,80-,Non-Aboriginal,Big Rivers,15
2011,Final,Female,80-,Non-Aboriginal,Central Australia,81
2011,Final,Female,80-,Non-Aboriginal,East Arnhem,0
2011,Final,Female,80-,Non-Aboriginal,Greater Darwin,343
2011,Final,Female,80-,Non-Aboriginal,Top End,8
2011,Final,Male,85+,Aboriginal,Barkly,9
2011,Final,Male,85+,Aboriginal,Big Rivers,10
2011,Final,Male,85+,Aboriginal,Central Australia,21
2011,Final,Male,85+,Aboriginal,East Arnhem,2
2011,Final,Male,85+,Aboriginal,Greater Darwin,0
2011,Final,Male,85+,Aboriginal,Top End,7
2011,Final,Male,85+,Non-Aboriginal,Barkly,0
2011,Final,Male,85+,Non-Aboriginal,Big Rivers,5
2011,Final,Male,85+,Non-Aboriginal,Central Australia,27
2011,Final,Male,85+,Non-Aboriginal,East Arnhem,3
2011,Final,Male,85+,Non-Aboriginal,Greater Darwin,136
2011,Final,Male,85+,Non-Aboriginal,Top End,0
2011,Final,Female,85+,Aboriginal,Barkly,13
2011,Final,Female,85+,Aboriginal,Big Rivers,24
2011,Final,Female,85+,Aboriginal,Central Australia,34
2011,Final,Female,85+,Aboriginal,East Arnhem,9
2011,Final,Female,85+,Aboriginal,Greater Darwin,8
2011,Final,Female,85+,Aboriginal,Top End,5
2011,Final,Female,85+,Non-Aboriginal,Barkly,7
2011,Final,Female,85+,Non-Aboriginal,Big Rivers,14
2011,Final,Female,85+,Non-Aboriginal,Central Australia,60
2011,Final,Female,85+,Non-Aboriginal,East Arnhem,2
2011,Final,Female,85+,Non-Aboriginal,Greater Darwin,227
2011,Final,Female,85+,Non-Aboriginal,Top End,7
2012,Final,Male,0-,Aboriginal,Barkly,329
2012,Final,Male,0-,Aboriginal,Big Rivers,678
2012,Final,Male,0-,Aboriginal,Central Australia,852
2012,Final,Male,0-,Aboriginal,East Arnhem,496
2012,Final,Male,0-,Aboriginal,Greater Darwin,768
2012,Final,Male,0-,Aboriginal,Top End,747
2012,Final,Male,0-,Non-Aboriginal,Barkly,61
2012,Final,Male,0-,Non-Aboriginal,Big Rivers,358
2012,Final,Male,0-,Non-Aboriginal,Central Australia,850
2012,Final,Male,0-,Non-Aboriginal,East Arnhem,328
2012,Final,Male,0-,Non-Aboriginal,Greater Darwin,4080
2012,Final,Male,0-,Non-Aboriginal,Top End,164
2012,Final,Female,0-,Aboriginal,Barkly,295
2012,Final,Female,0-,Aboriginal,Big Rivers,729
2012,Final,Female,0-,Aboriginal,Central Australia,749
2012,Final,Female,0-,Aboriginal,East Arnhem,461
2012,Final,Female,0-,Aboriginal,Greater Darwin,757
2012,Final,Female,0-,Aboriginal,Top End,620
2012,Final,Female,0-,Non-Aboriginal,Barkly,53
2012,Final,Female,0-,Non-Aboriginal,Big Rivers,365
2012,Final,Female,0-,Non-Aboriginal,Central Australia,718
2012,Final,Female,0-,Non-Aboriginal,East Arnhem,282
2012,Final,Female,0-,Non-Aboriginal,Greater Darwin,4004
2012,Final,Female,0-,Non-Aboriginal,Top End,133
2012,Final,Male,10-,Aboriginal,Barkly,236
2012,Final,Male,10-,Aboriginal,Big Rivers,603
2012,Final,Male,10-,Aboriginal,Central Australia,783
2012,Final,Male,10-,Aboriginal,East Arnhem,574
2012,Final,Male,10-,Aboriginal,Greater Darwin,840
2012,Final,Male,10-,Aboriginal,Top End,669
2012,Final,Male,10-,Non-Aboriginal,Barkly,42
2012,Final,Male,10-,Non-Aboriginal,Big Rivers,274
2012,Final,Male,10-,Non-Aboriginal,Central Australia,754
2012,Final,Male,10-,Non-Aboriginal,East Arnhem,201
2012,Final,Male,10-,Non-Aboriginal,Greater Darwin,3470
2012,Final,Male,10-,Non-Aboriginal,Top End,124
2012,Final,Female,10-,Aboriginal,Barkly,263
2012,Final,Female,10-,Aboriginal,Big Rivers,658
2012,Final,Female,10-,Aboriginal,Central Australia,708
2012,Final,Female,10-,Aboriginal,East Arnhem,522
2012,Final,Female,10-,Aboriginal,Greater Darwin,748
2012,Final,Female,10-,Aboriginal,Top End,655
2012,Final,Female,10-,Non-Aboriginal,Barkly,20
2012,Final,Female,10-,Non-Aboriginal,Big Rivers,208
2012,Final,Female,10-,Non-Aboriginal,Central Australia,579
2012,Final,Female,10-,Non-Aboriginal,East Arnhem,171
2012,Final,Female,10-,Non-Aboriginal,Greater Darwin,3363
2012,Final,Female,10-,Non-Aboriginal,Top End,78
2012,Final,Male,15-,Aboriginal,Barkly,268
2012,Final,Male,15-,Aboriginal,Big Rivers,489
2012,Final,Male,15-,Aboriginal,Central Australia,685
2012,Final,Male,15-,Aboriginal,East Arnhem,485
2012,Final,Male,15-,Aboriginal,Greater Darwin,837
2012,Final,Male,15-,Aboriginal,Top End,672
2012,Final,Male,15-,Non-Aboriginal,Barkly,69
2012,Final,Male,15-,Non-Aboriginal,Big Rivers,270
2012,Final,Male,15-,Non-Aboriginal,Central Australia,763
2012,Final,Male,15-,Non-Aboriginal,East Arnhem,149
2012,Final,Male,15-,Non-Aboriginal,Greater Darwin,3647
2012,Final,Male,15-,Non-Aboriginal,Top End,114
2012,Final,Female,15-,Aboriginal,Barkly,289
2012,Final,Female,15-,Aboriginal,Big Rivers,501
2012,Final,Female,15-,Aboriginal,Central Australia,705
2012,Final,Female,15-,Aboriginal,East Arnhem,462
2012,Final,Female,15-,Aboriginal,Greater Darwin,656
2012,Final,Female,15-,Aboriginal,Top End,643
2012,Final,Female,15-,Non-Aboriginal,Barkly,36
2012,Final,Female,15-,Non-Aboriginal,Big Rivers,195
2012,Final,Female,15-,Non-Aboriginal,Central Australia,568
2012,Final,Female,15-,Non-Aboriginal,East Arnhem,72
2012,Final,Female,15-,Non-Aboriginal,Greater Darwin,3277
2012,Final,Female,15-,Non-Aboriginal,Top End,64
2012,Final,Male,20-,Aboriginal,Barkly,251
2012,Final,Male,20-,Aboriginal,Big Rivers,558
2012,Final,Male,20-,Aboriginal,Central Australia,763
2012,Final,Male,20-,Aboriginal,East Arnhem,483
2012,Final,Male,20-,Aboriginal,Greater Darwin,732
2012,Final,Male,20-,Aboriginal,Top End,592
2012,Final,Male,20-,Non-Aboriginal,Barkly,94
2012,Final,Male,20-,Non-Aboriginal,Big Rivers,418
2012,Final,Male,20-,Non-Aboriginal,Central Australia,968
2012,Final,Male,20-,Non-Aboriginal,East Arnhem,197
2012,Final,Male,20-,Non-Aboriginal,Greater Darwin,5443
2012,Final,Male,20-,Non-Aboriginal,Top End,160
2012,Final,Female,20-,Aboriginal,Barkly,245
2012,Final,Female,20-,Aboriginal,Big Rivers,597
2012,Final,Female,20-,Aboriginal,Central Australia,727
2012,Final,Female,20-,Aboriginal,East Arnhem,485
2012,Final,Female,20-,Aboriginal,Greater Darwin,590
2012,Final,Female,20-,Aboriginal,Top End,680
2012,Final,Female,20-,Non-Aboriginal,Barkly,106
2012,Final,Female,20-,Non-Aboriginal,Big Rivers,315
2012,Final,Female,20-,Non-Aboriginal,Central Australia,760
2012,Final,Female,20-,Non-Aboriginal,East Arnhem,123
2012,Final,Female,20-,Non-Aboriginal,Greater Darwin,4270
2012,Final,Female,20-,Non-Aboriginal,Top End,116
2012,Final,Male,25-,Aboriginal,Barkly,244
2012,Final,Male,25-,Aboriginal,Big Rivers,510
2012,Final,Male,25-,Aboriginal,Central Australia,694
2012,Final,Male,25-,Aboriginal,East Arnhem,500
2012,Final,Male,25-,Aboriginal,Greater Darwin,658
2012,Final,Male,25-,Aboriginal,Top End,529
2012,Final,Male,25-,Non-Aboriginal,Barkly,145
2012,Final,Male,25-,Non-Aboriginal,Big Rivers,487
2012,Final,Male,25-,Non-Aboriginal,Central Australia,1285
2012,Final,Male,25-,Non-Aboriginal,East Arnhem,307
2012,Final,Male,25-,Non-Aboriginal,Greater Darwin,6332
2012,Final,Male,25-,Non-Aboriginal,Top End,260
2012,Final,Female,25-,Aboriginal,Barkly,242
2012,Final,Female,25-,Aboriginal,Big Rivers,537
2012,Final,Female,25-,Aboriginal,Central Australia,784
2012,Final,Female,25-,Aboriginal,East Arnhem,526
2012,Final,Female,25-,Aboriginal,Greater Darwin,527
2012,Final,Female,25-,Aboriginal,Top End,590
2012,Final,Female,25-,Non-Aboriginal,Barkly,108
2012,Final,Female,25-,Non-Aboriginal,Big Rivers,412
2012,Final,Female,25-,Non-Aboriginal,Central Australia,1122
2012,Final,Female,25-,Non-Aboriginal,East Arnhem,210
2012,Final,Female,25-,Non-Aboriginal,Greater Darwin,5715
2012,Final,Female,25-,Non-Aboriginal,Top End,189
2012,Final,Male,30-,Aboriginal,Barkly,184
2012,Final,Male,30-,Aboriginal,Big Rivers,384
2012,Final,Male,30-,Aboriginal,Central Australia,578
2012,Final,Male,30-,Aboriginal,East Arnhem,393
2012,Final,Male,30-,Aboriginal,Greater Darwin,549
2012,Final,Male,30-,Aboriginal,Top End,475
2012,Final,Male,30-,Non-Aboriginal,Barkly,116
2012,Final,Male,30-,Non-Aboriginal,Big Rivers,452
2012,Final,Male,30-,Non-Aboriginal,Central Australia,1190
2012,Final,Male,30-,Non-Aboriginal,East Arnhem,315
2012,Final,Male,30-,Non-Aboriginal,Greater Darwin,5485
2012,Final,Male,30-,Non-Aboriginal,Top End,242
2012,Final,Female,30-,Aboriginal,Barkly,197
2012,Final,Female,30-,Aboriginal,Big Rivers,428
2012,Final,Female,30-,Aboriginal,Central Australia,662
2012,Final,Female,30-,Aboriginal,East Arnhem,437
2012,Final,Female,30-,Aboriginal,Greater Darwin,469
2012,Final,Female,30-,Aboriginal,Top End,464
2012,Final,Female,30-,Non-Aboriginal,Barkly,73
2012,Final,Female,30-,Non-Aboriginal,Big Rivers,372
2012,Final,Female,30-,Non-Aboriginal,Central Australia,1044
2012,Final,Female,30-,Non-Aboriginal,East Arnhem,247
2012,Final,Female,30-,Non-Aboriginal,Greater Darwin,5209
2012,Final,Female,30-,Non-Aboriginal,Top End,174
2012,Final,Male,35-,Aboriginal,Barkly,168
2012,Final,Male,35-,Aboriginal,Big Rivers,327
2012,Final,Male,35-,Aboriginal,Central Australia,492
2012,Final,Male,35-,Aboriginal,East Arnhem,360
2012,Final,Male,35-,Aboriginal,Greater Darwin,565
2012,Final,Male,35-,Aboriginal,Top End,401
2012,Final,Male,35-,Non-Aboriginal,Barkly,91
2012,Final,Male,35-,Non-Aboriginal,Big Rivers,358
2012,Final,Male,35-,Non-Aboriginal,Central Australia,1043
2012,Final,Male,35-,Non-Aboriginal,East Arnhem,358
2012,Final,Male,35-,Non-Aboriginal,Greater Darwin,4986
2012,Final,Male,35-,Non-Aboriginal,Top End,249
2012,Final,Female,35-,Aboriginal,Barkly,183
2012,Final,Female,35-,Aboriginal,Big Rivers,383
2012,Final,Female,35-,Aboriginal,Central Australia,611
2012,Final,Female,35-,Aboriginal,East Arnhem,389
2012,Final,Female,35-,Aboriginal,Greater Darwin,477
2012,Final,Female,35-,Aboriginal,Top End,407
2012,Final,Female,35-,Non-Aboriginal,Barkly,67
2012,Final,Female,35-,Non-Aboriginal,Big Rivers,317
2012,Final,Female,35-,Non-Aboriginal,Central Australia,846
2012,Final,Female,35-,Non-Aboriginal,East Arnhem,297
2012,Final,Female,35-,Non-Aboriginal,Greater Darwin,4629
2012,Final,Female,35-,Non-Aboriginal,Top End,187
2012,Final,Male,40-,Aboriginal,Barkly,135
2012,Final,Male,40-,Aboriginal,Big Rivers,339
2012,Final,Male,40-,Aboriginal,Central Australia,506
2012,Final,Male,40-,Aboriginal,East Arnhem,309
2012,Final,Male,40-,Aboriginal,Greater Darwin,497
2012,Final,Male,40-,Aboriginal,Top End,401
2012,Final,Male,40-,Non-Aboriginal,Barkly,98
2012,Final,Male,40-,Non-Aboriginal,Big Rivers,401
2012,Final,Male,40-,Non-Aboriginal,Central Australia,1090
2012,Final,Male,40-,Non-Aboriginal,East Arnhem,318
2012,Final,Male,40-,Non-Aboriginal,Greater Darwin,4975
2012,Final,Male,40-,Non-Aboriginal,Top End,269
2012,Final,Female,40-,Aboriginal,Barkly,199
2012,Final,Female,40-,Aboriginal,Big Rivers,448
2012,Final,Female,40-,Aboriginal,Central Australia,577
2012,Final,Female,40-,Aboriginal,East Arnhem,331
2012,Final,Female,40-,Aboriginal,Greater Darwin,504
2012,Final,Female,40-,Aboriginal,Top End,391
2012,Final,Female,40-,Non-Aboriginal,Barkly,66
2012,Final,Female,40-,Non-Aboriginal,Big Rivers,316
2012,Final,Female,40-,Non-Aboriginal,Central Australia,937
2012,Final,Female,40-,Non-Aboriginal,East Arnhem,261
2012,Final,Female,40-,Non-Aboriginal,Greater Darwin,4586
2012,Final,Female,40-,Non-Aboriginal,Top End,162
2012,Final,Male,45-,Aboriginal,Barkly,123
2012,Final,Male,45-,Aboriginal,Big Rivers,289
2012,Final,Male,45-,Aboriginal,Central Australia,359
2012,Final,Male,45-,Aboriginal,East Arnhem,256
2012,Final,Male,45-,Aboriginal,Greater Darwin,389
2012,Final,Male,45-,Aboriginal,Top End,304
2012,Final,Male,45-,Non-Aboriginal,Barkly,102
2012,Final,Male,45-,Non-Aboriginal,Big Rivers,366
2012,Final,Male,45-,Non-Aboriginal,Central Australia,1156
2012,Final,Male,45-,Non-Aboriginal,East Arnhem,303
2012,Final,Male,45-,Non-Aboriginal,Greater Darwin,4442
2012,Final,Male,45-,Non-Aboriginal,Top End,258
2012,Final,Female,45-,Aboriginal,Barkly,143
2012,Final,Female,45-,Aboriginal,Big Rivers,295
2012,Final,Female,45-,Aboriginal,Central Australia,423
2012,Final,Female,45-,Aboriginal,East Arnhem,274
2012,Final,Female,45-,Aboriginal,Greater Darwin,375
2012,Final,Female,45-,Aboriginal,Top End,285
2012,Final,Female,45-,Non-Aboriginal,Barkly,92
2012,Final,Female,45-,Non-Aboriginal,Big Rivers,320
2012,Final,Female,45-,Non-Aboriginal,Central Australia,926
2012,Final,Female,45-,Non-Aboriginal,East Arnhem,206
2012,Final,Female,45-,Non-Aboriginal,Greater Darwin,4207
2012,Final,Female,45-,Non-Aboriginal,Top End,195
2012,Final,Male,5-,Aboriginal,Barkly,338
2012,Final,Male,5-,Aboriginal,Big Rivers,718
2012,Final,Male,5-,Aboriginal,Central Australia,766
2012,Final,Male,5-,Aboriginal,East Arnhem,640
2012,Final,Male,5-,Aboriginal,Greater Darwin,764
2012,Final,Male,5-,Aboriginal,Top End,794
2012,Final,Male,5-,Non-Aboriginal,Barkly,49
2012,Final,Male,5-,Non-Aboriginal,Big Rivers,283
2012,Final,Male,5-,Non-Aboriginal,Central Australia,752
2012,Final,Male,5-,Non-Aboriginal,East Arnhem,267
2012,Final,Male,5-,Non-Aboriginal,Greater Darwin,3567
2012,Final,Male,5-,Non-Aboriginal,Top End,114
2012,Final,Female,5-,Aboriginal,Barkly,284
2012,Final,Female,5-,Aboriginal,Big Rivers,641
2012,Final,Female,5-,Aboriginal,Central Australia,805
2012,Final,Female,5-,Aboriginal,East Arnhem,571
2012,Final,Female,5-,Aboriginal,Greater Darwin,700
2012,Final,Female,5-,Aboriginal,Top End,699
2012,Final,Female,5-,Non-Aboriginal,Barkly,57
2012,Final,Female,5-,Non-Aboriginal,Big Rivers,252
2012,Final,Female,5-,Non-Aboriginal,Central Australia,567
2012,Final,Female,5-,Non-Aboriginal,East Arnhem,238
2012,Final,Female,5-,Non-Aboriginal,Greater Darwin,3608
2012,Final,Female,5-,Non-Aboriginal,Top End,69
2012,Final,Male,50-,Aboriginal,Barkly,59
2012,Final,Male,50-,Aboriginal,Big Rivers,221
2012,Final,Male,50-,Aboriginal,Central Australia,329
2012,Final,Male,50-,Aboriginal,East Arnhem,240
2012,Final,Male,50-,Aboriginal,Greater Darwin,347
2012,Final,Male,50-,Aboriginal,Top End,250
2012,Final,Male,50-,Non-Aboriginal,Barkly,120
2012,Final,Male,50-,Non-Aboriginal,Big Rivers,430
2012,Final,Male,50-,Non-Aboriginal,Central Australia,1093
2012,Final,Male,50-,Non-Aboriginal,East Arnhem,272
2012,Final,Male,50-,Non-Aboriginal,Greater Darwin,4317
2012,Final,Male,50-,Non-Aboriginal,Top End,269
2012,Final,Female,50-,Aboriginal,Barkly,102
2012,Final,Female,50-,Aboriginal,Big Rivers,232
2012,Final,Female,50-,Aboriginal,Central Australia,421
2012,Final,Female,50-,Aboriginal,East Arnhem,208
2012,Final,Female,50-,Aboriginal,Greater Darwin,334
2012,Final,Female,50-,Aboriginal,Top End,263
2012,Final,Female,50-,Non-Aboriginal,Barkly,118
2012,Final,Female,50-,Non-Aboriginal,Big Rivers,334
2012,Final,Female,50-,Non-Aboriginal,Central Australia,933
2012,Final,Female,50-,Non-Aboriginal,East Arnhem,191
2012,Final,Female,50-,Non-Aboriginal,Greater Darwin,3964
2012,Final,Female,50-,Non-Aboriginal,Top End,215
2012,Final,Male,55-,Aboriginal,Barkly,59
2012,Final,Male,55-,Aboriginal,Big Rivers,206
2012,Final,Male,55-,Aboriginal,Central Australia,271
2012,Final,Male,55-,Aboriginal,East Arnhem,142
2012,Final,Male,55-,Aboriginal,Greater Darwin,219
2012,Final,Male,55-,Aboriginal,Top End,189
2012,Final,Male,55-,Non-Aboriginal,Barkly,118
2012,Final,Male,55-,Non-Aboriginal,Big Rivers,407
2012,Final,Male,55-,Non-Aboriginal,Central Australia,989
2012,Final,Male,55-,Non-Aboriginal,East Arnhem,190
2012,Final,Male,55-,Non-Aboriginal,Greater Darwin,3715
2012,Final,Male,55-,Non-Aboriginal,Top End,295
2012,Final,Female,55-,Aboriginal,Barkly,82
2012,Final,Female,55-,Aboriginal,Big Rivers,162
2012,Final,Female,55-,Aboriginal,Central Australia,289
2012,Final,Female,55-,Aboriginal,East Arnhem,166
2012,Final,Female,55-,Aboriginal,Greater Darwin,270
2012,Final,Female,55-,Aboriginal,Top End,153
2012,Final,Female,55-,Non-Aboriginal,Barkly,111
2012,Final,Female,55-,Non-Aboriginal,Big Rivers,311
2012,Final,Female,55-,Non-Aboriginal,Central Australia,853
2012,Final,Female,55-,Non-Aboriginal,East Arnhem,160
2012,Final,Female,55-,Non-Aboriginal,Greater Darwin,3388
2012,Final,Female,55-,Non-Aboriginal,Top End,201
2012,Final,Male,60-,Aboriginal,Barkly,59
2012,Final,Male,60-,Aboriginal,Big Rivers,117
2012,Final,Male,60-,Aboriginal,Central Australia,185
2012,Final,Male,60-,Aboriginal,East Arnhem,81
2012,Final,Male,60-,Aboriginal,Greater Darwin,140
2012,Final,Male,60-,Aboriginal,Top End,95
2012,Final,Male,60-,Non-Aboriginal,Barkly,130
2012,Final,Male,60-,Non-Aboriginal,Big Rivers,366
2012,Final,Male,60-,Non-Aboriginal,Central Australia,711
2012,Final,Male,60-,Non-Aboriginal,East Arnhem,161
2012,Final,Male,60-,Non-Aboriginal,Greater Darwin,3189
2012,Final,Male,60-,Non-Aboriginal,Top End,250
2012,Final,Female,60-,Aboriginal,Barkly,73
2012,Final,Female,60-,Aboriginal,Big Rivers,135
2012,Final,Female,60-,Aboriginal,Central Australia,216
2012,Final,Female,60-,Aboriginal,East Arnhem,95
2012,Final,Female,60-,Aboriginal,Greater Darwin,194
2012,Final,Female,60-,Aboriginal,Top End,124
2012,Final,Female,60-,Non-Aboriginal,Barkly,87
2012,Final,Female,60-,Non-Aboriginal,Big Rivers,225
2012,Final,Female,60-,Non-Aboriginal,Central Australia,484
2012,Final,Female,60-,Non-Aboriginal,East Arnhem,75
2012,Final,Female,60-,Non-Aboriginal,Greater Darwin,2542
2012,Final,Female,60-,Non-Aboriginal,Top End,142
2012,Final,Male,65-,Aboriginal,Barkly,54
2012,Final,Male,65-,Aboriginal,Big Rivers,92
2012,Final,Male,65-,Aboriginal,Central Australia,101
2012,Final,Male,65-,Aboriginal,East Arnhem,57
2012,Final,Male,65-,Aboriginal,Greater Darwin,83
2012,Final,Male,65-,Aboriginal,Top End,61
2012,Final,Male,65-,Non-Aboriginal,Barkly,88
2012,Final,Male,65-,Non-Aboriginal,Big Rivers,237
2012,Final,Male,65-,Non-Aboriginal,Central Australia,408
2012,Final,Male,65-,Non-Aboriginal,East Arnhem,65
2012,Final,Male,65-,Non-Aboriginal,Greater Darwin,2107
2012,Final,Male,65-,Non-Aboriginal,Top End,162
2012,Final,Female,65-,Aboriginal,Barkly,31
2012,Final,Female,65-,Aboriginal,Big Rivers,82
2012,Final,Female,65-,Aboriginal,Central Australia,166
2012,Final,Female,65-,Aboriginal,East Arnhem,53
2012,Final,Female,65-,Aboriginal,Greater Darwin,113
2012,Final,Female,65-,Aboriginal,Top End,78
2012,Final,Female,65-,Non-Aboriginal,Barkly,34
2012,Final,Female,65-,Non-Aboriginal,Big Rivers,140
2012,Final,Female,65-,Non-Aboriginal,Central Australia,293
2012,Final,Female,65-,Non-Aboriginal,East Arnhem,24
2012,Final,Female,65-,Non-Aboriginal,Greater Darwin,1661
2012,Final,Female,65-,Non-Aboriginal,Top End,76
2012,Final,Male,70-,Aboriginal,Barkly,33
2012,Final,Male,70-,Aboriginal,Big Rivers,33
2012,Final,Male,70-,Aboriginal,Central Australia,59
2012,Final,Male,70-,Aboriginal,East Arnhem,34
2012,Final,Male,70-,Aboriginal,Greater Darwin,47
2012,Final,Male,70-,Aboriginal,Top End,39
2012,Final,Male,70-,Non-Aboriginal,Barkly,62
2012,Final,Male,70-,Non-Aboriginal,Big Rivers,154
2012,Final,Male,70-,Non-Aboriginal,Central Australia,258
2012,Final,Male,70-,Non-Aboriginal,East Arnhem,19
2012,Final,Male,70-,Non-Aboriginal,Greater Darwin,1295
2012,Final,Male,70-,Non-Aboriginal,Top End,70
2012,Final,Female,70-,Aboriginal,Barkly,38
2012,Final,Female,70-,Aboriginal,Big Rivers,51
2012,Final,Female,70-,Aboriginal,Central Australia,108
2012,Final,Female,70-,Aboriginal,East Arnhem,38
2012,Final,Female,70-,Aboriginal,Greater Darwin,69
2012,Final,Female,70-,Aboriginal,Top End,49
2012,Final,Female,70-,Non-Aboriginal,Barkly,24
2012,Final,Female,70-,Non-Aboriginal,Big Rivers,86
2012,Final,Female,70-,Non-Aboriginal,Central Australia,175
2012,Final,Female,70-,Non-Aboriginal,East Arnhem,2
2012,Final,Female,70-,Non-Aboriginal,Greater Darwin,985
2012,Final,Female,70-,Non-Aboriginal,Top End,25
2012,Final,Male,75-,Aboriginal,Barkly,7
2012,Final,Male,75-,Aboriginal,Big Rivers,35
2012,Final,Male,75-,Aboriginal,Central Australia,41
2012,Final,Male,75-,Aboriginal,East Arnhem,6
2012,Final,Male,75-,Aboriginal,Greater Darwin,31
2012,Final,Male,75-,Aboriginal,Top End,22
2012,Final,Male,75-,Non-Aboriginal,Barkly,9
2012,Final,Male,75-,Non-Aboriginal,Big Rivers,91
2012,Final,Male,75-,Non-Aboriginal,Central Australia,92
2012,Final,Male,75-,Non-Aboriginal,East Arnhem,2
2012,Final,Male,75-,Non-Aboriginal,Greater Darwin,653
2012,Final,Male,75-,Non-Aboriginal,Top End,17
2012,Final,Female,75-,Aboriginal,Barkly,27
2012,Final,Female,75-,Aboriginal,Big Rivers,30
2012,Final,Female,75-,Aboriginal,Central Australia,80
2012,Final,Female,75-,Aboriginal,East Arnhem,22
2012,Final,Female,75-,Aboriginal,Greater Darwin,44
2012,Final,Female,75-,Aboriginal,Top End,26
2012,Final,Female,75-,Non-Aboriginal,Barkly,10
2012,Final,Female,75-,Non-Aboriginal,Big Rivers,41
2012,Final,Female,75-,Non-Aboriginal,Central Australia,104
2012,Final,Female,75-,Non-Aboriginal,East Arnhem,2
2012,Final,Female,75-,Non-Aboriginal,Greater Darwin,527
2012,Final,Female,75-,Non-Aboriginal,Top End,14
2012,Final,Male,80-,Aboriginal,Barkly,4
2012,Final,Male,80-,Aboriginal,Big Rivers,25
2012,Final,Male,80-,Aboriginal,Central Australia,24
2012,Final,Male,80-,Aboriginal,East Arnhem,1
2012,Final,Male,80-,Aboriginal,Greater Darwin,11
2012,Final,Male,80-,Aboriginal,Top End,19
2012,Final,Male,80-,Non-Aboriginal,Barkly,8
2012,Final,Male,80-,Non-Aboriginal,Big Rivers,32
2012,Final,Male,80-,Non-Aboriginal,Central Australia,84
2012,Final,Male,80-,Non-Aboriginal,East Arnhem,2
2012,Final,Male,80-,Non-Aboriginal,Greater Darwin,354
2012,Final,Male,80-,Non-Aboriginal,Top End,13
2012,Final,Female,80-,Aboriginal,Barkly,15
2012,Final,Female,80-,Aboriginal,Big Rivers,18
2012,Final,Female,80-,Aboriginal,Central Australia,42
2012,Final,Female,80-,Aboriginal,East Arnhem,12
2012,Final,Female,80-,Aboriginal,Greater Darwin,32
2012,Final,Female,80-,Aboriginal,Top End,12
2012,Final,Female,80-,Non-Aboriginal,Barkly,4
2012,Final,Female,80-,Non-Aboriginal,Big Rivers,16
2012,Final,Female,80-,Non-Aboriginal,Central Australia,87
2012,Final,Female,80-,Non-Aboriginal,East Arnhem,0
2012,Final,Female,80-,Non-Aboriginal,Greater Darwin,351
2012,Final,Female,80-,Non-Aboriginal,Top End,9
2012,Final,Male,85+,Aboriginal,Barkly,11
2012,Final,Male,85+,Aboriginal,Big Rivers,12
2012,Final,Male,85+,Aboriginal,Central Australia,26
2012,Final,Male,85+,Aboriginal,East Arnhem,2
2012,Final,Male,85+,Aboriginal,Greater Darwin,0
2012,Final,Male,85+,Aboriginal,Top End,9
2012,Final,Male,85+,Non-Aboriginal,Barkly,0
2012,Final,Male,85+,Non-Aboriginal,Big Rivers,7
2012,Final,Male,85+,Non-Aboriginal,Central Australia,32
2012,Final,Male,85+,Non-Aboriginal,East Arnhem,3
2012,Final,Male,85+,Non-Aboriginal,Greater Darwin,161
2012,Final,Male,85+,Non-Aboriginal,Top End,1
2012,Final,Female,85+,Aboriginal,Barkly,13
2012,Final,Female,85+,Aboriginal,Big Rivers,24
2012,Final,Female,85+,Aboriginal,Central Australia,34
2012,Final,Female,85+,Aboriginal,East Arnhem,9
2012,Final,Female,85+,Aboriginal,Greater Darwin,9
2012,Final,Female,85+,Aboriginal,Top End,5
2012,Final,Female,85+,Non-Aboriginal,Barkly,7
2012,Final,Female,85+,Non-Aboriginal,Big Rivers,15
2012,Final,Female,85+,Non-Aboriginal,Central Australia,60
2012,Final,Female,85+,Non-Aboriginal,East Arnhem,2
2012,Final,Female,85+,Non-Aboriginal,Greater Darwin,256
2012,Final,Female,85+,Non-Aboriginal,Top End,7
2013,Final,Male,0-,Aboriginal,Barkly,326
2013,Final,Male,0-,Aboriginal,Big Rivers,674
2013,Final,Male,0-,Aboriginal,Central Australia,848
2013,Final,Male,0-,Aboriginal,East Arnhem,493
2013,Final,Male,0-,Aboriginal,Greater Darwin,801
2013,Final,Male,0-,Aboriginal,Top End,743
2013,Final,Male,0-,Non-Aboriginal,Barkly,61
2013,Final,Male,0-,Non-Aboriginal,Big Rivers,356
2013,Final,Male,0-,Non-Aboriginal,Central Australia,846
2013,Final,Male,0-,Non-Aboriginal,East Arnhem,326
2013,Final,Male,0-,Non-Aboriginal,Greater Darwin,4254
2013,Final,Male,0-,Non-Aboriginal,Top End,162
2013,Final,Female,0-,Aboriginal,Barkly,292
2013,Final,Female,0-,Aboriginal,Big Rivers,723
2013,Final,Female,0-,Aboriginal,Central Australia,743
2013,Final,Female,0-,Aboriginal,East Arnhem,457
2013,Final,Female,0-,Aboriginal,Greater Darwin,794
2013,Final,Female,0-,Aboriginal,Top End,615
2013,Final,Female,0-,Non-Aboriginal,Barkly,53
2013,Final,Female,0-,Non-Aboriginal,Big Rivers,362
2013,Final,Female,0-,Non-Aboriginal,Central Australia,713
2013,Final,Female,0-,Non-Aboriginal,East Arnhem,280
2013,Final,Female,0-,Non-Aboriginal,Greater Darwin,4198
2013,Final,Female,0-,Non-Aboriginal,Top End,132
2013,Final,Male,10-,Aboriginal,Barkly,236
2013,Final,Male,10-,Aboriginal,Big Rivers,604
2013,Final,Male,10-,Aboriginal,Central Australia,784
2013,Final,Male,10-,Aboriginal,East Arnhem,575
2013,Final,Male,10-,Aboriginal,Greater Darwin,835
2013,Final,Male,10-,Aboriginal,Top End,670
2013,Final,Male,10-,Non-Aboriginal,Barkly,42
2013,Final,Male,10-,Non-Aboriginal,Big Rivers,274
2013,Final,Male,10-,Non-Aboriginal,Central Australia,755
2013,Final,Male,10-,Non-Aboriginal,East Arnhem,201
2013,Final,Male,10-,Non-Aboriginal,Greater Darwin,3449
2013,Final,Male,10-,Non-Aboriginal,Top End,124
2013,Final,Female,10-,Aboriginal,Barkly,266
2013,Final,Female,10-,Aboriginal,Big Rivers,664
2013,Final,Female,10-,Aboriginal,Central Australia,715
2013,Final,Female,10-,Aboriginal,East Arnhem,526
2013,Final,Female,10-,Aboriginal,Greater Darwin,760
2013,Final,Female,10-,Aboriginal,Top End,661
2013,Final,Female,10-,Non-Aboriginal,Barkly,21
2013,Final,Female,10-,Non-Aboriginal,Big Rivers,210
2013,Final,Female,10-,Non-Aboriginal,Central Australia,584
2013,Final,Female,10-,Non-Aboriginal,East Arnhem,172
2013,Final,Female,10-,Non-Aboriginal,Greater Darwin,3421
2013,Final,Female,10-,Non-Aboriginal,Top End,78
2013,Final,Male,15-,Aboriginal,Barkly,266
2013,Final,Male,15-,Aboriginal,Big Rivers,486
2013,Final,Male,15-,Aboriginal,Central Australia,681
2013,Final,Male,15-,Aboriginal,East Arnhem,482
2013,Final,Male,15-,Aboriginal,Greater Darwin,844
2013,Final,Male,15-,Aboriginal,Top End,667
2013,Final,Male,15-,Non-Aboriginal,Barkly,68
2013,Final,Male,15-,Non-Aboriginal,Big Rivers,269
2013,Final,Male,15-,Non-Aboriginal,Central Australia,758
2013,Final,Male,15-,Non-Aboriginal,East Arnhem,148
2013,Final,Male,15-,Non-Aboriginal,Greater Darwin,3676
2013,Final,Male,15-,Non-Aboriginal,Top End,113
2013,Final,Female,15-,Aboriginal,Barkly,283
2013,Final,Female,15-,Aboriginal,Big Rivers,492
2013,Final,Female,15-,Aboriginal,Central Australia,691
2013,Final,Female,15-,Aboriginal,East Arnhem,454
2013,Final,Female,15-,Aboriginal,Greater Darwin,653
2013,Final,Female,15-,Aboriginal,Top End,632
2013,Final,Female,15-,Non-Aboriginal,Barkly,35
2013,Final,Female,15-,Non-Aboriginal,Big Rivers,192
2013,Final,Female,15-,Non-Aboriginal,Central Australia,558
2013,Final,Female,15-,Non-Aboriginal,East Arnhem,70
2013,Final,Female,15-,Non-Aboriginal,Greater Darwin,3266
2013,Final,Female,15-,Non-Aboriginal,Top End,63
2013,Final,Male,20-,Aboriginal,Barkly,252
2013,Final,Male,20-,Aboriginal,Big Rivers,560
2013,Final,Male,20-,Aboriginal,Central Australia,764
2013,Final,Male,20-,Aboriginal,East Arnhem,485
2013,Final,Male,20-,Aboriginal,Greater Darwin,761
2013,Final,Male,20-,Aboriginal,Top End,594
2013,Final,Male,20-,Non-Aboriginal,Barkly,94
2013,Final,Male,20-,Non-Aboriginal,Big Rivers,418
2013,Final,Male,20-,Non-Aboriginal,Central Australia,971
2013,Final,Male,20-,Non-Aboriginal,East Arnhem,198
2013,Final,Male,20-,Non-Aboriginal,Greater Darwin,5658
2013,Final,Male,20-,Non-Aboriginal,Top End,160
2013,Final,Female,20-,Aboriginal,Barkly,246
2013,Final,Female,20-,Aboriginal,Big Rivers,601
2013,Final,Female,20-,Aboriginal,Central Australia,732
2013,Final,Female,20-,Aboriginal,East Arnhem,488
2013,Final,Female,20-,Aboriginal,Greater Darwin,618
2013,Final,Female,20-,Aboriginal,Top End,685
2013,Final,Female,20-,Non-Aboriginal,Barkly,108
2013,Final,Female,20-,Non-Aboriginal,Big Rivers,318
2013,Final,Female,20-,Non-Aboriginal,Central Australia,766
2013,Final,Female,20-,Non-Aboriginal,East Arnhem,124
2013,Final,Female,20-,Non-Aboriginal,Greater Darwin,4478
2013,Final,Female,20-,Non-Aboriginal,Top End,117
2013,Final,Male,25-,Aboriginal,Barkly,244
2013,Final,Male,25-,Aboriginal,Big Rivers,509
2013,Final,Male,25-,Aboriginal,Central Australia,693
2013,Final,Male,25-,Aboriginal,East Arnhem,499
2013,Final,Male,25-,Aboriginal,Greater Darwin,720
2013,Final,Male,25-,Aboriginal,Top End,528
2013,Final,Male,25-,Non-Aboriginal,Barkly,144
2013,Final,Male,25-,Non-Aboriginal,Big Rivers,486
2013,Final,Male,25-,Non-Aboriginal,Central Australia,1283
2013,Final,Male,25-,Non-Aboriginal,East Arnhem,306
2013,Final,Male,25-,Non-Aboriginal,Greater Darwin,6933
2013,Final,Male,25-,Non-Aboriginal,Top End,259
2013,Final,Female,25-,Aboriginal,Barkly,244
2013,Final,Female,25-,Aboriginal,Big Rivers,542
2013,Final,Female,25-,Aboriginal,Central Australia,790
2013,Final,Female,25-,Aboriginal,East Arnhem,529
2013,Final,Female,25-,Aboriginal,Greater Darwin,557
2013,Final,Female,25-,Aboriginal,Top End,594
2013,Final,Female,25-,Non-Aboriginal,Barkly,110
2013,Final,Female,25-,Non-Aboriginal,Big Rivers,415
2013,Final,Female,25-,Non-Aboriginal,Central Australia,1131
2013,Final,Female,25-,Non-Aboriginal,East Arnhem,212
2013,Final,Female,25-,Non-Aboriginal,Greater Darwin,6048
2013,Final,Female,25-,Non-Aboriginal,Top End,190
2013,Final,Male,30-,Aboriginal,Barkly,192
2013,Final,Male,30-,Aboriginal,Big Rivers,399
2013,Final,Male,30-,Aboriginal,Central Australia,604
2013,Final,Male,30-,Aboriginal,East Arnhem,410
2013,Final,Male,30-,Aboriginal,Greater Darwin,617
2013,Final,Male,30-,Aboriginal,Top End,496
2013,Final,Male,30-,Non-Aboriginal,Barkly,121
2013,Final,Male,30-,Non-Aboriginal,Big Rivers,472
2013,Final,Male,30-,Non-Aboriginal,Central Australia,1241
2013,Final,Male,30-,Non-Aboriginal,East Arnhem,328
2013,Final,Male,30-,Non-Aboriginal,Greater Darwin,6169
2013,Final,Male,30-,Non-Aboriginal,Top End,253
2013,Final,Female,30-,Aboriginal,Barkly,201
2013,Final,Female,30-,Aboriginal,Big Rivers,438
2013,Final,Female,30-,Aboriginal,Central Australia,678
2013,Final,Female,30-,Aboriginal,East Arnhem,447
2013,Final,Female,30-,Aboriginal,Greater Darwin,501
2013,Final,Female,30-,Aboriginal,Top End,474
2013,Final,Female,30-,Non-Aboriginal,Barkly,74
2013,Final,Female,30-,Non-Aboriginal,Big Rivers,381
2013,Final,Female,30-,Non-Aboriginal,Central Australia,1067
2013,Final,Female,30-,Non-Aboriginal,East Arnhem,253
2013,Final,Female,30-,Non-Aboriginal,Greater Darwin,5571
2013,Final,Female,30-,Non-Aboriginal,Top End,177
2013,Final,Male,35-,Aboriginal,Barkly,165
2013,Final,Male,35-,Aboriginal,Big Rivers,324
2013,Final,Male,35-,Aboriginal,Central Australia,486
2013,Final,Male,35-,Aboriginal,East Arnhem,357
2013,Final,Male,35-,Aboriginal,Greater Darwin,590
2013,Final,Male,35-,Aboriginal,Top End,397
2013,Final,Male,35-,Non-Aboriginal,Barkly,90
2013,Final,Male,35-,Non-Aboriginal,Big Rivers,354
2013,Final,Male,35-,Non-Aboriginal,Central Australia,1031
2013,Final,Male,35-,Non-Aboriginal,East Arnhem,355
2013,Final,Male,35-,Non-Aboriginal,Greater Darwin,5204
2013,Final,Male,35-,Non-Aboriginal,Top End,246
2013,Final,Female,35-,Aboriginal,Barkly,181
2013,Final,Female,35-,Aboriginal,Big Rivers,379
2013,Final,Female,35-,Aboriginal,Central Australia,604
2013,Final,Female,35-,Aboriginal,East Arnhem,384
2013,Final,Female,35-,Aboriginal,Greater Darwin,495
2013,Final,Female,35-,Aboriginal,Top End,402
2013,Final,Female,35-,Non-Aboriginal,Barkly,66
2013,Final,Female,35-,Non-Aboriginal,Big Rivers,312
2013,Final,Female,35-,Non-Aboriginal,Central Australia,835
2013,Final,Female,35-,Non-Aboriginal,East Arnhem,294
2013,Final,Female,35-,Non-Aboriginal,Greater Darwin,4798
2013,Final,Female,35-,Non-Aboriginal,Top End,185
2013,Final,Male,40-,Aboriginal,Barkly,132
2013,Final,Male,40-,Aboriginal,Big Rivers,331
2013,Final,Male,40-,Aboriginal,Central Australia,493
2013,Final,Male,40-,Aboriginal,East Arnhem,302
2013,Final,Male,40-,Aboriginal,Greater Darwin,524
2013,Final,Male,40-,Aboriginal,Top End,392
2013,Final,Male,40-,Non-Aboriginal,Barkly,95
2013,Final,Male,40-,Non-Aboriginal,Big Rivers,392
2013,Final,Male,40-,Non-Aboriginal,Central Australia,1064
2013,Final,Male,40-,Non-Aboriginal,East Arnhem,311
2013,Final,Male,40-,Non-Aboriginal,Greater Darwin,5244
2013,Final,Male,40-,Non-Aboriginal,Top End,263
2013,Final,Female,40-,Aboriginal,Barkly,200
2013,Final,Female,40-,Aboriginal,Big Rivers,451
2013,Final,Female,40-,Aboriginal,Central Australia,579
2013,Final,Female,40-,Aboriginal,East Arnhem,332
2013,Final,Female,40-,Aboriginal,Greater Darwin,506
2013,Final,Female,40-,Aboriginal,Top End,393
2013,Final,Female,40-,Non-Aboriginal,Barkly,66
2013,Final,Female,40-,Non-Aboriginal,Big Rivers,318
2013,Final,Female,40-,Non-Aboriginal,Central Australia,943
2013,Final,Female,40-,Non-Aboriginal,East Arnhem,262
2013,Final,Female,40-,Non-Aboriginal,Greater Darwin,4603
2013,Final,Female,40-,Non-Aboriginal,Top End,163
2013,Final,Male,45-,Aboriginal,Barkly,121
2013,Final,Male,45-,Aboriginal,Big Rivers,286
2013,Final,Male,45-,Aboriginal,Central Australia,354
2013,Final,Male,45-,Aboriginal,East Arnhem,253
2013,Final,Male,45-,Aboriginal,Greater Darwin,399
2013,Final,Male,45-,Aboriginal,Top End,301
2013,Final,Male,45-,Non-Aboriginal,Barkly,101
2013,Final,Male,45-,Non-Aboriginal,Big Rivers,363
2013,Final,Male,45-,Non-Aboriginal,Central Australia,1143
2013,Final,Male,45-,Non-Aboriginal,East Arnhem,300
2013,Final,Male,45-,Non-Aboriginal,Greater Darwin,4547
2013,Final,Male,45-,Non-Aboriginal,Top End,256
2013,Final,Female,45-,Aboriginal,Barkly,146
2013,Final,Female,45-,Aboriginal,Big Rivers,300
2013,Final,Female,45-,Aboriginal,Central Australia,429
2013,Final,Female,45-,Aboriginal,East Arnhem,278
2013,Final,Female,45-,Aboriginal,Greater Darwin,375
2013,Final,Female,45-,Aboriginal,Top End,290
2013,Final,Female,45-,Non-Aboriginal,Barkly,94
2013,Final,Female,45-,Non-Aboriginal,Big Rivers,325
2013,Final,Female,45-,Non-Aboriginal,Central Australia,941
2013,Final,Female,45-,Non-Aboriginal,East Arnhem,209
2013,Final,Female,45-,Non-Aboriginal,Greater Darwin,4199
2013,Final,Female,45-,Non-Aboriginal,Top End,198
2013,Final,Male,5-,Aboriginal,Barkly,324
2013,Final,Male,5-,Aboriginal,Big Rivers,687
2013,Final,Male,5-,Aboriginal,Central Australia,733
2013,Final,Male,5-,Aboriginal,East Arnhem,612
2013,Final,Male,5-,Aboriginal,Greater Darwin,804
2013,Final,Male,5-,Aboriginal,Top End,760
2013,Final,Male,5-,Non-Aboriginal,Barkly,47
2013,Final,Male,5-,Non-Aboriginal,Big Rivers,271
2013,Final,Male,5-,Non-Aboriginal,Central Australia,720
2013,Final,Male,5-,Non-Aboriginal,East Arnhem,256
2013,Final,Male,5-,Non-Aboriginal,Greater Darwin,3754
2013,Final,Male,5-,Non-Aboriginal,Top End,109
2013,Final,Female,5-,Aboriginal,Barkly,277
2013,Final,Female,5-,Aboriginal,Big Rivers,623
2013,Final,Female,5-,Aboriginal,Central Australia,782
2013,Final,Female,5-,Aboriginal,East Arnhem,555
2013,Final,Female,5-,Aboriginal,Greater Darwin,725
2013,Final,Female,5-,Aboriginal,Top End,679
2013,Final,Female,5-,Non-Aboriginal,Barkly,55
2013,Final,Female,5-,Non-Aboriginal,Big Rivers,245
2013,Final,Female,5-,Non-Aboriginal,Central Australia,552
2013,Final,Female,5-,Non-Aboriginal,East Arnhem,232
2013,Final,Female,5-,Non-Aboriginal,Greater Darwin,3741
2013,Final,Female,5-,Non-Aboriginal,Top End,67
2013,Final,Male,50-,Aboriginal,Barkly,60
2013,Final,Male,50-,Aboriginal,Big Rivers,225
2013,Final,Male,50-,Aboriginal,Central Australia,335
2013,Final,Male,50-,Aboriginal,East Arnhem,244
2013,Final,Male,50-,Aboriginal,Greater Darwin,356
2013,Final,Male,50-,Aboriginal,Top End,255
2013,Final,Male,50-,Non-Aboriginal,Barkly,122
2013,Final,Male,50-,Non-Aboriginal,Big Rivers,437
2013,Final,Male,50-,Non-Aboriginal,Central Australia,1111
2013,Final,Male,50-,Non-Aboriginal,East Arnhem,276
2013,Final,Male,50-,Non-Aboriginal,Greater Darwin,4433
2013,Final,Male,50-,Non-Aboriginal,Top End,274
2013,Final,Female,50-,Aboriginal,Barkly,103
2013,Final,Female,50-,Aboriginal,Big Rivers,235
2013,Final,Female,50-,Aboriginal,Central Australia,426
2013,Final,Female,50-,Aboriginal,East Arnhem,210
2013,Final,Female,50-,Aboriginal,Greater Darwin,342
2013,Final,Female,50-,Aboriginal,Top End,267
2013,Final,Female,50-,Non-Aboriginal,Barkly,119
2013,Final,Female,50-,Non-Aboriginal,Big Rivers,337
2013,Final,Female,50-,Non-Aboriginal,Central Australia,943
2013,Final,Female,50-,Non-Aboriginal,East Arnhem,193
2013,Final,Female,50-,Non-Aboriginal,Greater Darwin,4058
2013,Final,Female,50-,Non-Aboriginal,Top End,217
2013,Final,Male,55-,Aboriginal,Barkly,59
2013,Final,Male,55-,Aboriginal,Big Rivers,209
2013,Final,Male,55-,Aboriginal,Central Australia,274
2013,Final,Male,55-,Aboriginal,East Arnhem,143
2013,Final,Male,55-,Aboriginal,Greater Darwin,220
2013,Final,Male,55-,Aboriginal,Top End,190
2013,Final,Male,55-,Non-Aboriginal,Barkly,120
2013,Final,Male,55-,Non-Aboriginal,Big Rivers,410
2013,Final,Male,55-,Non-Aboriginal,Central Australia,999
2013,Final,Male,55-,Non-Aboriginal,East Arnhem,192
2013,Final,Male,55-,Non-Aboriginal,Greater Darwin,3726
2013,Final,Male,55-,Non-Aboriginal,Top End,297
2013,Final,Female,55-,Aboriginal,Barkly,85
2013,Final,Female,55-,Aboriginal,Big Rivers,168
2013,Final,Female,55-,Aboriginal,Central Australia,299
2013,Final,Female,55-,Aboriginal,East Arnhem,171
2013,Final,Female,55-,Aboriginal,Greater Darwin,273
2013,Final,Female,55-,Aboriginal,Top End,158
2013,Final,Female,55-,Non-Aboriginal,Barkly,116
2013,Final,Female,55-,Non-Aboriginal,Big Rivers,321
2013,Final,Female,55-,Non-Aboriginal,Central Australia,883
2013,Final,Female,55-,Non-Aboriginal,East Arnhem,165
2013,Final,Female,55-,Non-Aboriginal,Greater Darwin,3427
2013,Final,Female,55-,Non-Aboriginal,Top End,208
2013,Final,Male,60-,Aboriginal,Barkly,60
2013,Final,Male,60-,Aboriginal,Big Rivers,119
2013,Final,Male,60-,Aboriginal,Central Australia,188
2013,Final,Male,60-,Aboriginal,East Arnhem,83
2013,Final,Male,60-,Aboriginal,Greater Darwin,142
2013,Final,Male,60-,Aboriginal,Top End,96
2013,Final,Male,60-,Non-Aboriginal,Barkly,132
2013,Final,Male,60-,Non-Aboriginal,Big Rivers,373
2013,Final,Male,60-,Non-Aboriginal,Central Australia,723
2013,Final,Male,60-,Non-Aboriginal,East Arnhem,164
2013,Final,Male,60-,Non-Aboriginal,Greater Darwin,3227
2013,Final,Male,60-,Non-Aboriginal,Top End,255
2013,Final,Female,60-,Aboriginal,Barkly,77
2013,Final,Female,60-,Aboriginal,Big Rivers,143
2013,Final,Female,60-,Aboriginal,Central Australia,229
2013,Final,Female,60-,Aboriginal,East Arnhem,101
2013,Final,Female,60-,Aboriginal,Greater Darwin,202
2013,Final,Female,60-,Aboriginal,Top End,131
2013,Final,Female,60-,Non-Aboriginal,Barkly,92
2013,Final,Female,60-,Non-Aboriginal,Big Rivers,239
2013,Final,Female,60-,Non-Aboriginal,Central Australia,512
2013,Final,Female,60-,Non-Aboriginal,East Arnhem,79
2013,Final,Female,60-,Non-Aboriginal,Greater Darwin,2656
2013,Final,Female,60-,Non-Aboriginal,Top End,150
2013,Final,Male,65-,Aboriginal,Barkly,58
2013,Final,Male,65-,Aboriginal,Big Rivers,98
2013,Final,Male,65-,Aboriginal,Central Australia,108
2013,Final,Male,65-,Aboriginal,East Arnhem,62
2013,Final,Male,65-,Aboriginal,Greater Darwin,90
2013,Final,Male,65-,Aboriginal,Top End,65
2013,Final,Male,65-,Non-Aboriginal,Barkly,94
2013,Final,Male,65-,Non-Aboriginal,Big Rivers,253
2013,Final,Male,65-,Non-Aboriginal,Central Australia,434
2013,Final,Male,65-,Non-Aboriginal,East Arnhem,69
2013,Final,Male,65-,Non-Aboriginal,Greater Darwin,2291
2013,Final,Male,65-,Non-Aboriginal,Top End,173
2013,Final,Female,65-,Aboriginal,Barkly,33
2013,Final,Female,65-,Aboriginal,Big Rivers,87
2013,Final,Female,65-,Aboriginal,Central Australia,175
2013,Final,Female,65-,Aboriginal,East Arnhem,56
2013,Final,Female,65-,Aboriginal,Greater Darwin,123
2013,Final,Female,65-,Aboriginal,Top End,82
2013,Final,Female,65-,Non-Aboriginal,Barkly,36
2013,Final,Female,65-,Non-Aboriginal,Big Rivers,148
2013,Final,Female,65-,Non-Aboriginal,Central Australia,310
2013,Final,Female,65-,Non-Aboriginal,East Arnhem,26
2013,Final,Female,65-,Non-Aboriginal,Greater Darwin,1809
2013,Final,Female,65-,Non-Aboriginal,Top End,80
2013,Final,Male,70-,Aboriginal,Barkly,35
2013,Final,Male,70-,Aboriginal,Big Rivers,35
2013,Final,Male,70-,Aboriginal,Central Australia,63
2013,Final,Male,70-,Aboriginal,East Arnhem,35
2013,Final,Male,70-,Aboriginal,Greater Darwin,48
2013,Final,Male,70-,Aboriginal,Top End,41
2013,Final,Male,70-,Non-Aboriginal,Barkly,67
2013,Final,Male,70-,Non-Aboriginal,Big Rivers,163
2013,Final,Male,70-,Non-Aboriginal,Central Australia,275
2013,Final,Male,70-,Non-Aboriginal,East Arnhem,20
2013,Final,Male,70-,Non-Aboriginal,Greater Darwin,1322
2013,Final,Male,70-,Non-Aboriginal,Top End,75
2013,Final,Female,70-,Aboriginal,Barkly,40
2013,Final,Female,70-,Aboriginal,Big Rivers,56
2013,Final,Female,70-,Aboriginal,Central Australia,117
2013,Final,Female,70-,Aboriginal,East Arnhem,41
2013,Final,Female,70-,Aboriginal,Greater Darwin,71
2013,Final,Female,70-,Aboriginal,Top End,53
2013,Final,Female,70-,Non-Aboriginal,Barkly,26
2013,Final,Female,70-,Non-Aboriginal,Big Rivers,94
2013,Final,Female,70-,Non-Aboriginal,Central Australia,191
2013,Final,Female,70-,Non-Aboriginal,East Arnhem,2
2013,Final,Female,70-,Non-Aboriginal,Greater Darwin,1015
2013,Final,Female,70-,Non-Aboriginal,Top End,28
2013,Final,Male,75-,Aboriginal,Barkly,8
2013,Final,Male,75-,Aboriginal,Big Rivers,41
2013,Final,Male,75-,Aboriginal,Central Australia,48
2013,Final,Male,75-,Aboriginal,East Arnhem,7
2013,Final,Male,75-,Aboriginal,Greater Darwin,32
2013,Final,Male,75-,Aboriginal,Top End,26
2013,Final,Male,75-,Non-Aboriginal,Barkly,10
2013,Final,Male,75-,Non-Aboriginal,Big Rivers,107
2013,Final,Male,75-,Non-Aboriginal,Central Australia,108
2013,Final,Male,75-,Non-Aboriginal,East Arnhem,3
2013,Final,Male,75-,Non-Aboriginal,Greater Darwin,669
2013,Final,Male,75-,Non-Aboriginal,Top End,20
2013,Final,Female,75-,Aboriginal,Barkly,28
2013,Final,Female,75-,Aboriginal,Big Rivers,31
2013,Final,Female,75-,Aboriginal,Central Australia,84
2013,Final,Female,75-,Aboriginal,East Arnhem,23
2013,Final,Female,75-,Aboriginal,Greater Darwin,48
2013,Final,Female,75-,Aboriginal,Top End,27
2013,Final,Female,75-,Non-Aboriginal,Barkly,10
2013,Final,Female,75-,Non-Aboriginal,Big Rivers,43
2013,Final,Female,75-,Non-Aboriginal,Central Australia,108
2013,Final,Female,75-,Non-Aboriginal,East Arnhem,2
2013,Final,Female,75-,Non-Aboriginal,Greater Darwin,574
2013,Final,Female,75-,Non-Aboriginal,Top End,15
2013,Final,Male,80-,Aboriginal,Barkly,4
2013,Final,Male,80-,Aboriginal,Big Rivers,23
2013,Final,Male,80-,Aboriginal,Central Australia,23
2013,Final,Male,80-,Aboriginal,East Arnhem,1
2013,Final,Male,80-,Aboriginal,Greater Darwin,11
2013,Final,Male,80-,Aboriginal,Top End,17
2013,Final,Male,80-,Non-Aboriginal,Barkly,8
2013,Final,Male,80-,Non-Aboriginal,Big Rivers,31
2013,Final,Male,80-,Non-Aboriginal,Central Australia,78
2013,Final,Male,80-,Non-Aboriginal,East Arnhem,2
2013,Final,Male,80-,Non-Aboriginal,Greater Darwin,373
2013,Final,Male,80-,Non-Aboriginal,Top End,12
2013,Final,Female,80-,Aboriginal,Barkly,16
2013,Final,Female,80-,Aboriginal,Big Rivers,19
2013,Final,Female,80-,Aboriginal,Central Australia,45
2013,Final,Female,80-,Aboriginal,East Arnhem,13
2013,Final,Female,80-,Aboriginal,Greater Darwin,31
2013,Final,Female,80-,Aboriginal,Top End,13
2013,Final,Female,80-,Non-Aboriginal,Barkly,5
2013,Final,Female,80-,Non-Aboriginal,Big Rivers,17
2013,Final,Female,80-,Non-Aboriginal,Central Australia,92
2013,Final,Female,80-,Non-Aboriginal,East Arnhem,0
2013,Final,Female,80-,Non-Aboriginal,Greater Darwin,348
2013,Final,Female,80-,Non-Aboriginal,Top End,9
2013,Final,Male,85+,Aboriginal,Barkly,13
2013,Final,Male,85+,Aboriginal,Big Rivers,14
2013,Final,Male,85+,Aboriginal,Central Australia,29
2013,Final,Male,85+,Aboriginal,East Arnhem,3
2013,Final,Male,85+,Aboriginal,Greater Darwin,0
2013,Final,Male,85+,Aboriginal,Top End,11
2013,Final,Male,85+,Non-Aboriginal,Barkly,1
2013,Final,Male,85+,Non-Aboriginal,Big Rivers,8
2013,Final,Male,85+,Non-Aboriginal,Central Australia,37
2013,Final,Male,85+,Non-Aboriginal,East Arnhem,4
2013,Final,Male,85+,Non-Aboriginal,Greater Darwin,189
2013,Final,Male,85+,Non-Aboriginal,Top End,0
2013,Final,Female,85+,Aboriginal,Barkly,13
2013,Final,Female,85+,Aboriginal,Big Rivers,23
2013,Final,Female,85+,Aboriginal,Central Australia,34
2013,Final,Female,85+,Aboriginal,East Arnhem,10
2013,Final,Female,85+,Aboriginal,Greater Darwin,10
2013,Final,Female,85+,Aboriginal,Top End,5
2013,Final,Female,85+,Non-Aboriginal,Barkly,7
2013,Final,Female,85+,Non-Aboriginal,Big Rivers,15
2013,Final,Female,85+,Non-Aboriginal,Central Australia,60
2013,Final,Female,85+,Non-Aboriginal,East Arnhem,1
2013,Final,Female,85+,Non-Aboriginal,Greater Darwin,265
2013,Final,Female,85+,Non-Aboriginal,Top End,7
2014,Final,Male,0-,Aboriginal,Barkly,315
2014,Final,Male,0-,Aboriginal,Big Rivers,650
2014,Final,Male,0-,Aboriginal,Central Australia,818
2014,Final,Male,0-,Aboriginal,East Arnhem,475
2014,Final,Male,0-,Aboriginal,Greater Darwin,829
2014,Final,Male,0-,Aboriginal,Top End,717
2014,Final,Male,0-,Non-Aboriginal,Barkly,58
2014,Final,Male,0-,Non-Aboriginal,Big Rivers,343
2014,Final,Male,0-,Non-Aboriginal,Central Australia,815
2014,Final,Male,0-,Non-Aboriginal,East Arnhem,315
2014,Final,Male,0-,Non-Aboriginal,Greater Darwin,4402
2014,Final,Male,0-,Non-Aboriginal,Top End,157
2014,Final,Female,0-,Aboriginal,Barkly,287
2014,Final,Female,0-,Aboriginal,Big Rivers,706
2014,Final,Female,0-,Aboriginal,Central Australia,726
2014,Final,Female,0-,Aboriginal,East Arnhem,447
2014,Final,Female,0-,Aboriginal,Greater Darwin,812
2014,Final,Female,0-,Aboriginal,Top End,601
2014,Final,Female,0-,Non-Aboriginal,Barkly,51
2014,Final,Female,0-,Non-Aboriginal,Big Rivers,354
2014,Final,Female,0-,Non-Aboriginal,Central Australia,697
2014,Final,Female,0-,Non-Aboriginal,East Arnhem,273
2014,Final,Female,0-,Non-Aboriginal,Greater Darwin,4290
2014,Final,Female,0-,Non-Aboriginal,Top End,129
2014,Final,Male,10-,Aboriginal,Barkly,229
2014,Final,Male,10-,Aboriginal,Big Rivers,587
2014,Final,Male,10-,Aboriginal,Central Australia,762
2014,Final,Male,10-,Aboriginal,East Arnhem,559
2014,Final,Male,10-,Aboriginal,Greater Darwin,826
2014,Final,Male,10-,Aboriginal,Top End,650
2014,Final,Male,10-,Non-Aboriginal,Barkly,40
2014,Final,Male,10-,Non-Aboriginal,Big Rivers,267
2014,Final,Male,10-,Non-Aboriginal,Central Australia,734
2014,Final,Male,10-,Non-Aboriginal,East Arnhem,196
2014,Final,Male,10-,Non-Aboriginal,Greater Darwin,3411
2014,Final,Male,10-,Non-Aboriginal,Top End,121
2014,Final,Female,10-,Aboriginal,Barkly,257
2014,Final,Female,10-,Aboriginal,Big Rivers,644
2014,Final,Female,10-,Aboriginal,Central Australia,693
2014,Final,Female,10-,Aboriginal,East Arnhem,510
2014,Final,Female,10-,Aboriginal,Greater Darwin,755
2014,Final,Female,10-,Aboriginal,Top End,641
2014,Final,Female,10-,Non-Aboriginal,Barkly,21
2014,Final,Female,10-,Non-Aboriginal,Big Rivers,204
2014,Final,Female,10-,Non-Aboriginal,Central Australia,566
2014,Final,Female,10-,Non-Aboriginal,East Arnhem,166
2014,Final,Female,10-,Non-Aboriginal,Greater Darwin,3396
2014,Final,Female,10-,Non-Aboriginal,Top End,76
2014,Final,Male,15-,Aboriginal,Barkly,261
2014,Final,Male,15-,Aboriginal,Big Rivers,476
2014,Final,Male,15-,Aboriginal,Central Australia,666
2014,Final,Male,15-,Aboriginal,East Arnhem,471
2014,Final,Male,15-,Aboriginal,Greater Darwin,799
2014,Final,Male,15-,Aboriginal,Top End,653
2014,Final,Male,15-,Non-Aboriginal,Barkly,67
2014,Final,Male,15-,Non-Aboriginal,Big Rivers,263
2014,Final,Male,15-,Non-Aboriginal,Central Australia,741
2014,Final,Male,15-,Non-Aboriginal,East Arnhem,145
2014,Final,Male,15-,Non-Aboriginal,Greater Darwin,3480
2014,Final,Male,15-,Non-Aboriginal,Top End,110
2014,Final,Female,15-,Aboriginal,Barkly,277
2014,Final,Female,15-,Aboriginal,Big Rivers,479
2014,Final,Female,15-,Aboriginal,Central Australia,674
2014,Final,Female,15-,Aboriginal,East Arnhem,443
2014,Final,Female,15-,Aboriginal,Greater Darwin,638
2014,Final,Female,15-,Aboriginal,Top End,615
2014,Final,Female,15-,Non-Aboriginal,Barkly,35
2014,Final,Female,15-,Non-Aboriginal,Big Rivers,186
2014,Final,Female,15-,Non-Aboriginal,Central Australia,544
2014,Final,Female,15-,Non-Aboriginal,East Arnhem,69
2014,Final,Female,15-,Non-Aboriginal,Greater Darwin,3188
2014,Final,Female,15-,Non-Aboriginal,Top End,61
2014,Final,Male,20-,Aboriginal,Barkly,240
2014,Final,Male,20-,Aboriginal,Big Rivers,534
2014,Final,Male,20-,Aboriginal,Central Australia,729
2014,Final,Male,20-,Aboriginal,East Arnhem,462
2014,Final,Male,20-,Aboriginal,Greater Darwin,730
2014,Final,Male,20-,Aboriginal,Top End,566
2014,Final,Male,20-,Non-Aboriginal,Barkly,89
2014,Final,Male,20-,Non-Aboriginal,Big Rivers,399
2014,Final,Male,20-,Non-Aboriginal,Central Australia,927
2014,Final,Male,20-,Non-Aboriginal,East Arnhem,189
2014,Final,Male,20-,Non-Aboriginal,Greater Darwin,5431
2014,Final,Male,20-,Non-Aboriginal,Top End,153
2014,Final,Female,20-,Aboriginal,Barkly,241
2014,Final,Female,20-,Aboriginal,Big Rivers,587
2014,Final,Female,20-,Aboriginal,Central Australia,715
2014,Final,Female,20-,Aboriginal,East Arnhem,476
2014,Final,Female,20-,Aboriginal,Greater Darwin,627
2014,Final,Female,20-,Aboriginal,Top End,668
2014,Final,Female,20-,Non-Aboriginal,Barkly,104
2014,Final,Female,20-,Non-Aboriginal,Big Rivers,310
2014,Final,Female,20-,Non-Aboriginal,Central Australia,748
2014,Final,Female,20-,Non-Aboriginal,East Arnhem,121
2014,Final,Female,20-,Non-Aboriginal,Greater Darwin,4542
2014,Final,Female,20-,Non-Aboriginal,Top End,115
2014,Final,Male,25-,Aboriginal,Barkly,244
2014,Final,Male,25-,Aboriginal,Big Rivers,508
2014,Final,Male,25-,Aboriginal,Central Australia,692
2014,Final,Male,25-,Aboriginal,East Arnhem,498
2014,Final,Male,25-,Aboriginal,Greater Darwin,748
2014,Final,Male,25-,Aboriginal,Top End,528
2014,Final,Male,25-,Non-Aboriginal,Barkly,144
2014,Final,Male,25-,Non-Aboriginal,Big Rivers,484
2014,Final,Male,25-,Non-Aboriginal,Central Australia,1281
2014,Final,Male,25-,Non-Aboriginal,East Arnhem,305
2014,Final,Male,25-,Non-Aboriginal,Greater Darwin,7197
2014,Final,Male,25-,Non-Aboriginal,Top End,259
2014,Final,Female,25-,Aboriginal,Barkly,239
2014,Final,Female,25-,Aboriginal,Big Rivers,531
2014,Final,Female,25-,Aboriginal,Central Australia,773
2014,Final,Female,25-,Aboriginal,East Arnhem,519
2014,Final,Female,25-,Aboriginal,Greater Darwin,569
2014,Final,Female,25-,Aboriginal,Top End,582
2014,Final,Female,25-,Non-Aboriginal,Barkly,107
2014,Final,Female,25-,Non-Aboriginal,Big Rivers,407
2014,Final,Female,25-,Non-Aboriginal,Central Australia,1108
2014,Final,Female,25-,Non-Aboriginal,East Arnhem,208
2014,Final,Female,25-,Non-Aboriginal,Greater Darwin,6170
2014,Final,Female,25-,Non-Aboriginal,Top End,186
2014,Final,Male,30-,Aboriginal,Barkly,189
2014,Final,Male,30-,Aboriginal,Big Rivers,395
2014,Final,Male,30-,Aboriginal,Central Australia,595
2014,Final,Male,30-,Aboriginal,East Arnhem,405
2014,Final,Male,30-,Aboriginal,Greater Darwin,644
2014,Final,Male,30-,Aboriginal,Top End,489
2014,Final,Male,30-,Non-Aboriginal,Barkly,119
2014,Final,Male,30-,Non-Aboriginal,Big Rivers,466
2014,Final,Male,30-,Non-Aboriginal,Central Australia,1225
2014,Final,Male,30-,Non-Aboriginal,East Arnhem,323
2014,Final,Male,30-,Non-Aboriginal,Greater Darwin,6429
2014,Final,Male,30-,Non-Aboriginal,Top End,249
2014,Final,Female,30-,Aboriginal,Barkly,206
2014,Final,Female,30-,Aboriginal,Big Rivers,448
2014,Final,Female,30-,Aboriginal,Central Australia,693
2014,Final,Female,30-,Aboriginal,East Arnhem,458
2014,Final,Female,30-,Aboriginal,Greater Darwin,524
2014,Final,Female,30-,Aboriginal,Top End,485
2014,Final,Female,30-,Non-Aboriginal,Barkly,76
2014,Final,Female,30-,Non-Aboriginal,Big Rivers,390
2014,Final,Female,30-,Non-Aboriginal,Central Australia,1093
2014,Final,Female,30-,Non-Aboriginal,East Arnhem,259
2014,Final,Female,30-,Non-Aboriginal,Greater Darwin,5821
2014,Final,Female,30-,Non-Aboriginal,Top End,182
2014,Final,Male,35-,Aboriginal,Barkly,160
2014,Final,Male,35-,Aboriginal,Big Rivers,314
2014,Final,Male,35-,Aboriginal,Central Australia,471
2014,Final,Male,35-,Aboriginal,East Arnhem,345
2014,Final,Male,35-,Aboriginal,Greater Darwin,602
2014,Final,Male,35-,Aboriginal,Top End,384
2014,Final,Male,35-,Non-Aboriginal,Barkly,87
2014,Final,Male,35-,Non-Aboriginal,Big Rivers,343
2014,Final,Male,35-,Non-Aboriginal,Central Australia,999
2014,Final,Male,35-,Non-Aboriginal,East Arnhem,343
2014,Final,Male,35-,Non-Aboriginal,Greater Darwin,5317
2014,Final,Male,35-,Non-Aboriginal,Top End,239
2014,Final,Female,35-,Aboriginal,Barkly,178
2014,Final,Female,35-,Aboriginal,Big Rivers,373
2014,Final,Female,35-,Aboriginal,Central Australia,595
2014,Final,Female,35-,Aboriginal,East Arnhem,379
2014,Final,Female,35-,Aboriginal,Greater Darwin,502
2014,Final,Female,35-,Aboriginal,Top End,396
2014,Final,Female,35-,Non-Aboriginal,Barkly,66
2014,Final,Female,35-,Non-Aboriginal,Big Rivers,308
2014,Final,Female,35-,Non-Aboriginal,Central Australia,823
2014,Final,Female,35-,Non-Aboriginal,East Arnhem,289
2014,Final,Female,35-,Non-Aboriginal,Greater Darwin,4870
2014,Final,Female,35-,Non-Aboriginal,Top End,183
2014,Final,Male,40-,Aboriginal,Barkly,130
2014,Final,Male,40-,Aboriginal,Big Rivers,325
2014,Final,Male,40-,Aboriginal,Central Australia,485
2014,Final,Male,40-,Aboriginal,East Arnhem,297
2014,Final,Male,40-,Aboriginal,Greater Darwin,535
2014,Final,Male,40-,Aboriginal,Top End,385
2014,Final,Male,40-,Non-Aboriginal,Barkly,93
2014,Final,Male,40-,Non-Aboriginal,Big Rivers,384
2014,Final,Male,40-,Non-Aboriginal,Central Australia,1045
2014,Final,Male,40-,Non-Aboriginal,East Arnhem,305
2014,Final,Male,40-,Non-Aboriginal,Greater Darwin,5357
2014,Final,Male,40-,Non-Aboriginal,Top End,258
2014,Final,Female,40-,Aboriginal,Barkly,195
2014,Final,Female,40-,Aboriginal,Big Rivers,439
2014,Final,Female,40-,Aboriginal,Central Australia,566
2014,Final,Female,40-,Aboriginal,East Arnhem,325
2014,Final,Female,40-,Aboriginal,Greater Darwin,504
2014,Final,Female,40-,Aboriginal,Top End,383
2014,Final,Female,40-,Non-Aboriginal,Barkly,65
2014,Final,Female,40-,Non-Aboriginal,Big Rivers,310
2014,Final,Female,40-,Non-Aboriginal,Central Australia,920
2014,Final,Female,40-,Non-Aboriginal,East Arnhem,257
2014,Final,Female,40-,Non-Aboriginal,Greater Darwin,4592
2014,Final,Female,40-,Non-Aboriginal,Top End,159
2014,Final,Male,45-,Aboriginal,Barkly,119
2014,Final,Male,45-,Aboriginal,Big Rivers,282
2014,Final,Male,45-,Aboriginal,Central Australia,348
2014,Final,Male,45-,Aboriginal,East Arnhem,248
2014,Final,Male,45-,Aboriginal,Greater Darwin,408
2014,Final,Male,45-,Aboriginal,Top End,296
2014,Final,Male,45-,Non-Aboriginal,Barkly,99
2014,Final,Male,45-,Non-Aboriginal,Big Rivers,356
2014,Final,Male,45-,Non-Aboriginal,Central Australia,1123
2014,Final,Male,45-,Non-Aboriginal,East Arnhem,295
2014,Final,Male,45-,Non-Aboriginal,Greater Darwin,4656
2014,Final,Male,45-,Non-Aboriginal,Top End,251
2014,Final,Female,45-,Aboriginal,Barkly,146
2014,Final,Female,45-,Aboriginal,Big Rivers,302
2014,Final,Female,45-,Aboriginal,Central Australia,433
2014,Final,Female,45-,Aboriginal,East Arnhem,281
2014,Final,Female,45-,Aboriginal,Greater Darwin,386
2014,Final,Female,45-,Aboriginal,Top End,293
2014,Final,Female,45-,Non-Aboriginal,Barkly,95
2014,Final,Female,45-,Non-Aboriginal,Big Rivers,327
2014,Final,Female,45-,Non-Aboriginal,Central Australia,950
2014,Final,Female,45-,Non-Aboriginal,East Arnhem,211
2014,Final,Female,45-,Non-Aboriginal,Greater Darwin,4320
2014,Final,Female,45-,Non-Aboriginal,Top End,199
2014,Final,Male,5-,Aboriginal,Barkly,316
2014,Final,Male,5-,Aboriginal,Big Rivers,670
2014,Final,Male,5-,Aboriginal,Central Australia,715
2014,Final,Male,5-,Aboriginal,East Arnhem,598
2014,Final,Male,5-,Aboriginal,Greater Darwin,830
2014,Final,Male,5-,Aboriginal,Top End,742
2014,Final,Male,5-,Non-Aboriginal,Barkly,46
2014,Final,Male,5-,Non-Aboriginal,Big Rivers,264
2014,Final,Male,5-,Non-Aboriginal,Central Australia,703
2014,Final,Male,5-,Non-Aboriginal,East Arnhem,250
2014,Final,Male,5-,Non-Aboriginal,Greater Darwin,3876
2014,Final,Male,5-,Non-Aboriginal,Top End,107
2014,Final,Female,5-,Aboriginal,Barkly,273
2014,Final,Female,5-,Aboriginal,Big Rivers,616
2014,Final,Female,5-,Aboriginal,Central Australia,773
2014,Final,Female,5-,Aboriginal,East Arnhem,548
2014,Final,Female,5-,Aboriginal,Greater Darwin,746
2014,Final,Female,5-,Aboriginal,Top End,670
2014,Final,Female,5-,Non-Aboriginal,Barkly,54
2014,Final,Female,5-,Non-Aboriginal,Big Rivers,242
2014,Final,Female,5-,Non-Aboriginal,Central Australia,545
2014,Final,Female,5-,Non-Aboriginal,East Arnhem,228
2014,Final,Female,5-,Non-Aboriginal,Greater Darwin,3850
2014,Final,Female,5-,Non-Aboriginal,Top End,66
2014,Final,Male,50-,Aboriginal,Barkly,58
2014,Final,Male,50-,Aboriginal,Big Rivers,218
2014,Final,Male,50-,Aboriginal,Central Australia,324
2014,Final,Male,50-,Aboriginal,East Arnhem,236
2014,Final,Male,50-,Aboriginal,Greater Darwin,368
2014,Final,Male,50-,Aboriginal,Top End,246
2014,Final,Male,50-,Non-Aboriginal,Barkly,119
2014,Final,Male,50-,Non-Aboriginal,Big Rivers,423
2014,Final,Male,50-,Non-Aboriginal,Central Australia,1077
2014,Final,Male,50-,Non-Aboriginal,East Arnhem,268
2014,Final,Male,50-,Non-Aboriginal,Greater Darwin,4578
2014,Final,Male,50-,Non-Aboriginal,Top End,265
2014,Final,Female,50-,Aboriginal,Barkly,104
2014,Final,Female,50-,Aboriginal,Big Rivers,237
2014,Final,Female,50-,Aboriginal,Central Australia,429
2014,Final,Female,50-,Aboriginal,East Arnhem,211
2014,Final,Female,50-,Aboriginal,Greater Darwin,345
2014,Final,Female,50-,Aboriginal,Top End,268
2014,Final,Female,50-,Non-Aboriginal,Barkly,120
2014,Final,Female,50-,Non-Aboriginal,Big Rivers,339
2014,Final,Female,50-,Non-Aboriginal,Central Australia,949
2014,Final,Female,50-,Non-Aboriginal,East Arnhem,194
2014,Final,Female,50-,Non-Aboriginal,Greater Darwin,4090
2014,Final,Female,50-,Non-Aboriginal,Top End,218
2014,Final,Male,55-,Aboriginal,Barkly,58
2014,Final,Male,55-,Aboriginal,Big Rivers,205
2014,Final,Male,55-,Aboriginal,Central Australia,269
2014,Final,Male,55-,Aboriginal,East Arnhem,141
2014,Final,Male,55-,Aboriginal,Greater Darwin,225
2014,Final,Male,55-,Aboriginal,Top End,186
2014,Final,Male,55-,Non-Aboriginal,Barkly,117
2014,Final,Male,55-,Non-Aboriginal,Big Rivers,403
2014,Final,Male,55-,Non-Aboriginal,Central Australia,981
2014,Final,Male,55-,Non-Aboriginal,East Arnhem,188
2014,Final,Male,55-,Non-Aboriginal,Greater Darwin,3815
2014,Final,Male,55-,Non-Aboriginal,Top End,292
2014,Final,Female,55-,Aboriginal,Barkly,88
2014,Final,Female,55-,Aboriginal,Big Rivers,173
2014,Final,Female,55-,Aboriginal,Central Australia,308
2014,Final,Female,55-,Aboriginal,East Arnhem,176
2014,Final,Female,55-,Aboriginal,Greater Darwin,273
2014,Final,Female,55-,Aboriginal,Top End,163
2014,Final,Female,55-,Non-Aboriginal,Barkly,119
2014,Final,Female,55-,Non-Aboriginal,Big Rivers,330
2014,Final,Female,55-,Non-Aboriginal,Central Australia,907
2014,Final,Female,55-,Non-Aboriginal,East Arnhem,170
2014,Final,Female,55-,Non-Aboriginal,Greater Darwin,3433
2014,Final,Female,55-,Non-Aboriginal,Top End,214
2014,Final,Male,60-,Aboriginal,Barkly,58
2014,Final,Male,60-,Aboriginal,Big Rivers,116
2014,Final,Male,60-,Aboriginal,Central Australia,183
2014,Final,Male,60-,Aboriginal,East Arnhem,81
2014,Final,Male,60-,Aboriginal,Greater Darwin,145
2014,Final,Male,60-,Aboriginal,Top End,94
2014,Final,Male,60-,Non-Aboriginal,Barkly,128
2014,Final,Male,60-,Non-Aboriginal,Big Rivers,364
2014,Final,Male,60-,Non-Aboriginal,Central Australia,707
2014,Final,Male,60-,Non-Aboriginal,East Arnhem,160
2014,Final,Male,60-,Non-Aboriginal,Greater Darwin,3300
2014,Final,Male,60-,Non-Aboriginal,Top End,249
2014,Final,Female,60-,Aboriginal,Barkly,79
2014,Final,Female,60-,Aboriginal,Big Rivers,147
2014,Final,Female,60-,Aboriginal,Central Australia,235
2014,Final,Female,60-,Aboriginal,East Arnhem,104
2014,Final,Female,60-,Aboriginal,Greater Darwin,212
2014,Final,Female,60-,Aboriginal,Top End,135
2014,Final,Female,60-,Non-Aboriginal,Barkly,95
2014,Final,Female,60-,Non-Aboriginal,Big Rivers,246
2014,Final,Female,60-,Non-Aboriginal,Central Australia,527
2014,Final,Female,60-,Non-Aboriginal,East Arnhem,81
2014,Final,Female,60-,Non-Aboriginal,Greater Darwin,2786
2014,Final,Female,60-,Non-Aboriginal,Top End,154
2014,Final,Male,65-,Aboriginal,Barkly,59
2014,Final,Male,65-,Aboriginal,Big Rivers,99
2014,Final,Male,65-,Aboriginal,Central Australia,109
2014,Final,Male,65-,Aboriginal,East Arnhem,62
2014,Final,Male,65-,Aboriginal,Greater Darwin,97
2014,Final,Male,65-,Aboriginal,Top End,65
2014,Final,Male,65-,Non-Aboriginal,Barkly,95
2014,Final,Male,65-,Non-Aboriginal,Big Rivers,256
2014,Final,Male,65-,Non-Aboriginal,Central Australia,440
2014,Final,Male,65-,Non-Aboriginal,East Arnhem,71
2014,Final,Male,65-,Non-Aboriginal,Greater Darwin,2479
2014,Final,Male,65-,Non-Aboriginal,Top End,176
2014,Final,Female,65-,Aboriginal,Barkly,34
2014,Final,Female,65-,Aboriginal,Big Rivers,92
2014,Final,Female,65-,Aboriginal,Central Australia,185
2014,Final,Female,65-,Aboriginal,East Arnhem,59
2014,Final,Female,65-,Aboriginal,Greater Darwin,127
2014,Final,Female,65-,Aboriginal,Top End,87
2014,Final,Female,65-,Non-Aboriginal,Barkly,38
2014,Final,Female,65-,Non-Aboriginal,Big Rivers,156
2014,Final,Female,65-,Non-Aboriginal,Central Australia,328
2014,Final,Female,65-,Non-Aboriginal,East Arnhem,28
2014,Final,Female,65-,Non-Aboriginal,Greater Darwin,1873
2014,Final,Female,65-,Non-Aboriginal,Top End,84
2014,Final,Male,70-,Aboriginal,Barkly,36
2014,Final,Male,70-,Aboriginal,Big Rivers,36
2014,Final,Male,70-,Aboriginal,Central Australia,65
2014,Final,Male,70-,Aboriginal,East Arnhem,36
2014,Final,Male,70-,Aboriginal,Greater Darwin,52
2014,Final,Male,70-,Aboriginal,Top End,43
2014,Final,Male,70-,Non-Aboriginal,Barkly,69
2014,Final,Male,70-,Non-Aboriginal,Big Rivers,169
2014,Final,Male,70-,Non-Aboriginal,Central Australia,285
2014,Final,Male,70-,Non-Aboriginal,East Arnhem,21
2014,Final,Male,70-,Non-Aboriginal,Greater Darwin,1425
2014,Final,Male,70-,Non-Aboriginal,Top End,78
2014,Final,Female,70-,Aboriginal,Barkly,42
2014,Final,Female,70-,Aboriginal,Big Rivers,58
2014,Final,Female,70-,Aboriginal,Central Australia,122
2014,Final,Female,70-,Aboriginal,East Arnhem,43
2014,Final,Female,70-,Aboriginal,Greater Darwin,80
2014,Final,Female,70-,Aboriginal,Top End,56
2014,Final,Female,70-,Non-Aboriginal,Barkly,27
2014,Final,Female,70-,Non-Aboriginal,Big Rivers,99
2014,Final,Female,70-,Non-Aboriginal,Central Australia,199
2014,Final,Female,70-,Non-Aboriginal,East Arnhem,2
2014,Final,Female,70-,Non-Aboriginal,Greater Darwin,1141
2014,Final,Female,70-,Non-Aboriginal,Top End,29
2014,Final,Male,75-,Aboriginal,Barkly,8
2014,Final,Male,75-,Aboriginal,Big Rivers,42
2014,Final,Male,75-,Aboriginal,Central Australia,49
2014,Final,Male,75-,Aboriginal,East Arnhem,7
2014,Final,Male,75-,Aboriginal,Greater Darwin,33
2014,Final,Male,75-,Aboriginal,Top End,27
2014,Final,Male,75-,Non-Aboriginal,Barkly,11
2014,Final,Male,75-,Non-Aboriginal,Big Rivers,111
2014,Final,Male,75-,Non-Aboriginal,Central Australia,111
2014,Final,Male,75-,Non-Aboriginal,East Arnhem,3
2014,Final,Male,75-,Non-Aboriginal,Greater Darwin,708
2014,Final,Male,75-,Non-Aboriginal,Top End,20
2014,Final,Female,75-,Aboriginal,Barkly,27
2014,Final,Female,75-,Aboriginal,Big Rivers,30
2014,Final,Female,75-,Aboriginal,Central Australia,80
2014,Final,Female,75-,Aboriginal,East Arnhem,22
2014,Final,Female,75-,Aboriginal,Greater Darwin,51
2014,Final,Female,75-,Aboriginal,Top End,25
2014,Final,Female,75-,Non-Aboriginal,Barkly,10
2014,Final,Female,75-,Non-Aboriginal,Big Rivers,41
2014,Final,Female,75-,Non-Aboriginal,Central Australia,104
2014,Final,Female,75-,Non-Aboriginal,East Arnhem,2
2014,Final,Female,75-,Non-Aboriginal,Greater Darwin,609
2014,Final,Female,75-,Non-Aboriginal,Top End,14
2014,Final,Male,80-,Aboriginal,Barkly,4
2014,Final,Male,80-,Aboriginal,Big Rivers,20
2014,Final,Male,80-,Aboriginal,Central Australia,20
2014,Final,Male,80-,Aboriginal,East Arnhem,0
2014,Final,Male,80-,Aboriginal,Greater Darwin,12
2014,Final,Male,80-,Aboriginal,Top End,15
2014,Final,Male,80-,Non-Aboriginal,Barkly,7
2014,Final,Male,80-,Non-Aboriginal,Big Rivers,27
2014,Final,Male,80-,Non-Aboriginal,Central Australia,70
2014,Final,Male,80-,Non-Aboriginal,East Arnhem,2
2014,Final,Male,80-,Non-Aboriginal,Greater Darwin,386
2014,Final,Male,80-,Non-Aboriginal,Top End,11
2014,Final,Female,80-,Aboriginal,Barkly,17
2014,Final,Female,80-,Aboriginal,Big Rivers,21
2014,Final,Female,80-,Aboriginal,Central Australia,49
2014,Final,Female,80-,Aboriginal,East Arnhem,14
2014,Final,Female,80-,Aboriginal,Greater Darwin,31
2014,Final,Female,80-,Aboriginal,Top End,14
2014,Final,Female,80-,Non-Aboriginal,Barkly,5
2014,Final,Female,80-,Non-Aboriginal,Big Rivers,19
2014,Final,Female,80-,Non-Aboriginal,Central Australia,101
2014,Final,Female,80-,Non-Aboriginal,East Arnhem,0
2014,Final,Female,80-,Non-Aboriginal,Greater Darwin,349
2014,Final,Female,80-,Non-Aboriginal,Top End,9
2014,Final,Male,85+,Aboriginal,Barkly,13
2014,Final,Male,85+,Aboriginal,Big Rivers,13
2014,Final,Male,85+,Aboriginal,Central Australia,30
2014,Final,Male,85+,Aboriginal,East Arnhem,2
2014,Final,Male,85+,Aboriginal,Greater Darwin,0
2014,Final,Male,85+,Aboriginal,Top End,10
2014,Final,Male,85+,Non-Aboriginal,Barkly,0
2014,Final,Male,85+,Non-Aboriginal,Big Rivers,8
2014,Final,Male,85+,Non-Aboriginal,Central Australia,36
2014,Final,Male,85+,Non-Aboriginal,East Arnhem,4
2014,Final,Male,85+,Non-Aboriginal,Greater Darwin,216
2014,Final,Male,85+,Non-Aboriginal,Top End,1
2014,Final,Female,85+,Aboriginal,Barkly,13
2014,Final,Female,85+,Aboriginal,Big Rivers,24
2014,Final,Female,85+,Aboriginal,Central Australia,34
2014,Final,Female,85+,Aboriginal,East Arnhem,9
2014,Final,Female,85+,Aboriginal,Greater Darwin,11
2014,Final,Female,85+,Aboriginal,Top End,6
2014,Final,Female,85+,Non-Aboriginal,Barkly,7
2014,Final,Female,85+,Non-Aboriginal,Big Rivers,14
2014,Final,Female,85+,Non-Aboriginal,Central Australia,58
2014,Final,Female,85+,Non-Aboriginal,East Arnhem,1
2014,Final,Female,85+,Non-Aboriginal,Greater Darwin,310
2014,Final,Female,85+,Non-Aboriginal,Top End,6
2015,Final,Male,0-,Aboriginal,Barkly,302
2015,Final,Male,0-,Aboriginal,Big Rivers,622
2015,Final,Male,0-,Aboriginal,Central Australia,783
2015,Final,Male,0-,Aboriginal,East Arnhem,455
2015,Final,Male,0-,Aboriginal,Greater Darwin,859
2015,Final,Male,0-,Aboriginal,Top End,686
2015,Final,Male,0-,Non-Aboriginal,Barkly,56
2015,Final,Male,0-,Non-Aboriginal,Big Rivers,328
2015,Final,Male,0-,Non-Aboriginal,Central Australia,781
2015,Final,Male,0-,Non-Aboriginal,East Arnhem,301
2015,Final,Male,0-,Non-Aboriginal,Greater Darwin,4560
2015,Final,Male,0-,Non-Aboriginal,Top End,150
2015,Final,Female,0-,Aboriginal,Barkly,275
2015,Final,Female,0-,Aboriginal,Big Rivers,680
2015,Final,Female,0-,Aboriginal,Central Australia,699
2015,Final,Female,0-,Aboriginal,East Arnhem,430
2015,Final,Female,0-,Aboriginal,Greater Darwin,832
2015,Final,Female,0-,Aboriginal,Top End,579
2015,Final,Female,0-,Non-Aboriginal,Barkly,50
2015,Final,Female,0-,Non-Aboriginal,Big Rivers,341
2015,Final,Female,0-,Non-Aboriginal,Central Australia,670
2015,Final,Female,0-,Non-Aboriginal,East Arnhem,263
2015,Final,Female,0-,Non-Aboriginal,Greater Darwin,4396
2015,Final,Female,0-,Non-Aboriginal,Top End,125
2015,Final,Male,10-,Aboriginal,Barkly,222
2015,Final,Male,10-,Aboriginal,Big Rivers,569
2015,Final,Male,10-,Aboriginal,Central Australia,738
2015,Final,Male,10-,Aboriginal,East Arnhem,542
2015,Final,Male,10-,Aboriginal,Greater Darwin,839
2015,Final,Male,10-,Aboriginal,Top End,631
2015,Final,Male,10-,Non-Aboriginal,Barkly,39
2015,Final,Male,10-,Non-Aboriginal,Big Rivers,259
2015,Final,Male,10-,Non-Aboriginal,Central Australia,711
2015,Final,Male,10-,Non-Aboriginal,East Arnhem,190
2015,Final,Male,10-,Non-Aboriginal,Greater Darwin,3466
2015,Final,Male,10-,Non-Aboriginal,Top End,117
2015,Final,Female,10-,Aboriginal,Barkly,250
2015,Final,Female,10-,Aboriginal,Big Rivers,624
2015,Final,Female,10-,Aboriginal,Central Australia,671
2015,Final,Female,10-,Aboriginal,East Arnhem,495
2015,Final,Female,10-,Aboriginal,Greater Darwin,750
2015,Final,Female,10-,Aboriginal,Top End,621
2015,Final,Female,10-,Non-Aboriginal,Barkly,20
2015,Final,Female,10-,Non-Aboriginal,Big Rivers,198
2015,Final,Female,10-,Non-Aboriginal,Central Australia,549
2015,Final,Female,10-,Non-Aboriginal,East Arnhem,161
2015,Final,Female,10-,Non-Aboriginal,Greater Darwin,3373
2015,Final,Female,10-,Non-Aboriginal,Top End,73
2015,Final,Male,15-,Aboriginal,Barkly,253
2015,Final,Male,15-,Aboriginal,Big Rivers,462
2015,Final,Male,15-,Aboriginal,Central Australia,647
2015,Final,Male,15-,Aboriginal,East Arnhem,459
2015,Final,Male,15-,Aboriginal,Greater Darwin,779
2015,Final,Male,15-,Aboriginal,Top End,636
2015,Final,Male,15-,Non-Aboriginal,Barkly,65
2015,Final,Male,15-,Non-Aboriginal,Big Rivers,256
2015,Final,Male,15-,Non-Aboriginal,Central Australia,722
2015,Final,Male,15-,Non-Aboriginal,East Arnhem,141
2015,Final,Male,15-,Non-Aboriginal,Greater Darwin,3394
2015,Final,Male,15-,Non-Aboriginal,Top End,108
2015,Final,Female,15-,Aboriginal,Barkly,267
2015,Final,Female,15-,Aboriginal,Big Rivers,464
2015,Final,Female,15-,Aboriginal,Central Australia,652
2015,Final,Female,15-,Aboriginal,East Arnhem,429
2015,Final,Female,15-,Aboriginal,Greater Darwin,629
2015,Final,Female,15-,Aboriginal,Top End,596
2015,Final,Female,15-,Non-Aboriginal,Barkly,34
2015,Final,Female,15-,Non-Aboriginal,Big Rivers,181
2015,Final,Female,15-,Non-Aboriginal,Central Australia,526
2015,Final,Female,15-,Non-Aboriginal,East Arnhem,66
2015,Final,Female,15-,Non-Aboriginal,Greater Darwin,3143
2015,Final,Female,15-,Non-Aboriginal,Top End,59
2015,Final,Male,20-,Aboriginal,Barkly,239
2015,Final,Male,20-,Aboriginal,Big Rivers,532
2015,Final,Male,20-,Aboriginal,Central Australia,726
2015,Final,Male,20-,Aboriginal,East Arnhem,460
2015,Final,Male,20-,Aboriginal,Greater Darwin,740
2015,Final,Male,20-,Aboriginal,Top End,564
2015,Final,Male,20-,Non-Aboriginal,Barkly,89
2015,Final,Male,20-,Non-Aboriginal,Big Rivers,398
2015,Final,Male,20-,Non-Aboriginal,Central Australia,923
2015,Final,Male,20-,Non-Aboriginal,East Arnhem,188
2015,Final,Male,20-,Non-Aboriginal,Greater Darwin,5507
2015,Final,Male,20-,Non-Aboriginal,Top End,152
2015,Final,Female,20-,Aboriginal,Barkly,232
2015,Final,Female,20-,Aboriginal,Big Rivers,568
2015,Final,Female,20-,Aboriginal,Central Australia,692
2015,Final,Female,20-,Aboriginal,East Arnhem,461
2015,Final,Female,20-,Aboriginal,Greater Darwin,613
2015,Final,Female,20-,Aboriginal,Top End,647
2015,Final,Female,20-,Non-Aboriginal,Barkly,102
2015,Final,Female,20-,Non-Aboriginal,Big Rivers,300
2015,Final,Female,20-,Non-Aboriginal,Central Australia,723
2015,Final,Female,20-,Non-Aboriginal,East Arnhem,118
2015,Final,Female,20-,Non-Aboriginal,Greater Darwin,4434
2015,Final,Female,20-,Non-Aboriginal,Top End,110
2015,Final,Male,25-,Aboriginal,Barkly,237
2015,Final,Male,25-,Aboriginal,Big Rivers,495
2015,Final,Male,25-,Aboriginal,Central Australia,674
2015,Final,Male,25-,Aboriginal,East Arnhem,486
2015,Final,Male,25-,Aboriginal,Greater Darwin,768
2015,Final,Male,25-,Aboriginal,Top End,514
2015,Final,Male,25-,Non-Aboriginal,Barkly,141
2015,Final,Male,25-,Non-Aboriginal,Big Rivers,472
2015,Final,Male,25-,Non-Aboriginal,Central Australia,1248
2015,Final,Male,25-,Non-Aboriginal,East Arnhem,298
2015,Final,Male,25-,Non-Aboriginal,Greater Darwin,7389
2015,Final,Male,25-,Non-Aboriginal,Top End,252
2015,Final,Female,25-,Aboriginal,Barkly,237
2015,Final,Female,25-,Aboriginal,Big Rivers,526
2015,Final,Female,25-,Aboriginal,Central Australia,767
2015,Final,Female,25-,Aboriginal,East Arnhem,514
2015,Final,Female,25-,Aboriginal,Greater Darwin,589
2015,Final,Female,25-,Aboriginal,Top End,577
2015,Final,Female,25-,Non-Aboriginal,Barkly,106
2015,Final,Female,25-,Non-Aboriginal,Big Rivers,403
2015,Final,Female,25-,Non-Aboriginal,Central Australia,1097
2015,Final,Female,25-,Non-Aboriginal,East Arnhem,205
2015,Final,Female,25-,Non-Aboriginal,Greater Darwin,6388
2015,Final,Female,25-,Non-Aboriginal,Top End,184
2015,Final,Male,30-,Aboriginal,Barkly,186
2015,Final,Male,30-,Aboriginal,Big Rivers,388
2015,Final,Male,30-,Aboriginal,Central Australia,585
2015,Final,Male,30-,Aboriginal,East Arnhem,397
2015,Final,Male,30-,Aboriginal,Greater Darwin,678
2015,Final,Male,30-,Aboriginal,Top End,480
2015,Final,Male,30-,Non-Aboriginal,Barkly,117
2015,Final,Male,30-,Non-Aboriginal,Big Rivers,457
2015,Final,Male,30-,Non-Aboriginal,Central Australia,1203
2015,Final,Male,30-,Non-Aboriginal,East Arnhem,318
2015,Final,Male,30-,Non-Aboriginal,Greater Darwin,6777
2015,Final,Male,30-,Non-Aboriginal,Top End,245
2015,Final,Female,30-,Aboriginal,Barkly,211
2015,Final,Female,30-,Aboriginal,Big Rivers,460
2015,Final,Female,30-,Aboriginal,Central Australia,711
2015,Final,Female,30-,Aboriginal,East Arnhem,470
2015,Final,Female,30-,Aboriginal,Greater Darwin,548
2015,Final,Female,30-,Aboriginal,Top End,498
2015,Final,Female,30-,Non-Aboriginal,Barkly,78
2015,Final,Female,30-,Non-Aboriginal,Big Rivers,400
2015,Final,Female,30-,Non-Aboriginal,Central Australia,1121
2015,Final,Female,30-,Non-Aboriginal,East Arnhem,266
2015,Final,Female,30-,Non-Aboriginal,Greater Darwin,6099
2015,Final,Female,30-,Non-Aboriginal,Top End,186
2015,Final,Male,35-,Aboriginal,Barkly,154
2015,Final,Male,35-,Aboriginal,Big Rivers,301
2015,Final,Male,35-,Aboriginal,Central Australia,452
2015,Final,Male,35-,Aboriginal,East Arnhem,331
2015,Final,Male,35-,Aboriginal,Greater Darwin,629
2015,Final,Male,35-,Aboriginal,Top End,368
2015,Final,Male,35-,Non-Aboriginal,Barkly,84
2015,Final,Male,35-,Non-Aboriginal,Big Rivers,329
2015,Final,Male,35-,Non-Aboriginal,Central Australia,958
2015,Final,Male,35-,Non-Aboriginal,East Arnhem,330
2015,Final,Male,35-,Non-Aboriginal,Greater Darwin,5556
2015,Final,Male,35-,Non-Aboriginal,Top End,229
2015,Final,Female,35-,Aboriginal,Barkly,175
2015,Final,Female,35-,Aboriginal,Big Rivers,368
2015,Final,Female,35-,Aboriginal,Central Australia,587
2015,Final,Female,35-,Aboriginal,East Arnhem,374
2015,Final,Female,35-,Aboriginal,Greater Darwin,519
2015,Final,Female,35-,Aboriginal,Top End,391
2015,Final,Female,35-,Non-Aboriginal,Barkly,64
2015,Final,Female,35-,Non-Aboriginal,Big Rivers,304
2015,Final,Female,35-,Non-Aboriginal,Central Australia,812
2015,Final,Female,35-,Non-Aboriginal,East Arnhem,286
2015,Final,Female,35-,Non-Aboriginal,Greater Darwin,5030
2015,Final,Female,35-,Non-Aboriginal,Top End,181
2015,Final,Male,40-,Aboriginal,Barkly,123
2015,Final,Male,40-,Aboriginal,Big Rivers,308
2015,Final,Male,40-,Aboriginal,Central Australia,460
2015,Final,Male,40-,Aboriginal,East Arnhem,282
2015,Final,Male,40-,Aboriginal,Greater Darwin,541
2015,Final,Male,40-,Aboriginal,Top End,365
2015,Final,Male,40-,Non-Aboriginal,Barkly,89
2015,Final,Male,40-,Non-Aboriginal,Big Rivers,366
2015,Final,Male,40-,Non-Aboriginal,Central Australia,993
2015,Final,Male,40-,Non-Aboriginal,East Arnhem,290
2015,Final,Male,40-,Non-Aboriginal,Greater Darwin,5408
2015,Final,Male,40-,Non-Aboriginal,Top End,244
2015,Final,Female,40-,Aboriginal,Barkly,185
2015,Final,Female,40-,Aboriginal,Big Rivers,418
2015,Final,Female,40-,Aboriginal,Central Australia,537
2015,Final,Female,40-,Aboriginal,East Arnhem,309
2015,Final,Female,40-,Aboriginal,Greater Darwin,509
2015,Final,Female,40-,Aboriginal,Top End,365
2015,Final,Female,40-,Non-Aboriginal,Barkly,61
2015,Final,Female,40-,Non-Aboriginal,Big Rivers,295
2015,Final,Female,40-,Non-Aboriginal,Central Australia,874
2015,Final,Female,40-,Non-Aboriginal,East Arnhem,244
2015,Final,Female,40-,Non-Aboriginal,Greater Darwin,4634
2015,Final,Female,40-,Non-Aboriginal,Top End,151
2015,Final,Male,45-,Aboriginal,Barkly,116
2015,Final,Male,45-,Aboriginal,Big Rivers,272
2015,Final,Male,45-,Aboriginal,Central Australia,335
2015,Final,Male,45-,Aboriginal,East Arnhem,240
2015,Final,Male,45-,Aboriginal,Greater Darwin,429
2015,Final,Male,45-,Aboriginal,Top End,286
2015,Final,Male,45-,Non-Aboriginal,Barkly,96
2015,Final,Male,45-,Non-Aboriginal,Big Rivers,343
2015,Final,Male,45-,Non-Aboriginal,Central Australia,1083
2015,Final,Male,45-,Non-Aboriginal,East Arnhem,284
2015,Final,Male,45-,Non-Aboriginal,Greater Darwin,4896
2015,Final,Male,45-,Non-Aboriginal,Top End,242
2015,Final,Female,45-,Aboriginal,Barkly,151
2015,Final,Female,45-,Aboriginal,Big Rivers,312
2015,Final,Female,45-,Aboriginal,Central Australia,446
2015,Final,Female,45-,Aboriginal,East Arnhem,289
2015,Final,Female,45-,Aboriginal,Greater Darwin,394
2015,Final,Female,45-,Aboriginal,Top End,302
2015,Final,Female,45-,Non-Aboriginal,Barkly,98
2015,Final,Female,45-,Non-Aboriginal,Big Rivers,337
2015,Final,Female,45-,Non-Aboriginal,Central Australia,977
2015,Final,Female,45-,Non-Aboriginal,East Arnhem,217
2015,Final,Female,45-,Non-Aboriginal,Greater Darwin,4416
2015,Final,Female,45-,Non-Aboriginal,Top End,205
2015,Final,Male,5-,Aboriginal,Barkly,310
2015,Final,Male,5-,Aboriginal,Big Rivers,657
2015,Final,Male,5-,Aboriginal,Central Australia,702
2015,Final,Male,5-,Aboriginal,East Arnhem,586
2015,Final,Male,5-,Aboriginal,Greater Darwin,866
2015,Final,Male,5-,Aboriginal,Top End,727
2015,Final,Male,5-,Non-Aboriginal,Barkly,45
2015,Final,Male,5-,Non-Aboriginal,Big Rivers,260
2015,Final,Male,5-,Non-Aboriginal,Central Australia,689
2015,Final,Male,5-,Non-Aboriginal,East Arnhem,245
2015,Final,Male,5-,Non-Aboriginal,Greater Darwin,4046
2015,Final,Male,5-,Non-Aboriginal,Top End,105
2015,Final,Female,5-,Aboriginal,Barkly,274
2015,Final,Female,5-,Aboriginal,Big Rivers,617
2015,Final,Female,5-,Aboriginal,Central Australia,776
2015,Final,Female,5-,Aboriginal,East Arnhem,550
2015,Final,Female,5-,Aboriginal,Greater Darwin,765
2015,Final,Female,5-,Aboriginal,Top End,673
2015,Final,Female,5-,Non-Aboriginal,Barkly,54
2015,Final,Female,5-,Non-Aboriginal,Big Rivers,242
2015,Final,Female,5-,Non-Aboriginal,Central Australia,547
2015,Final,Female,5-,Non-Aboriginal,East Arnhem,230
2015,Final,Female,5-,Non-Aboriginal,Greater Darwin,3947
2015,Final,Female,5-,Non-Aboriginal,Top End,66
2015,Final,Male,50-,Aboriginal,Barkly,56
2015,Final,Male,50-,Aboriginal,Big Rivers,209
2015,Final,Male,50-,Aboriginal,Central Australia,310
2015,Final,Male,50-,Aboriginal,East Arnhem,226
2015,Final,Male,50-,Aboriginal,Greater Darwin,377
2015,Final,Male,50-,Aboriginal,Top End,236
2015,Final,Male,50-,Non-Aboriginal,Barkly,113
2015,Final,Male,50-,Non-Aboriginal,Big Rivers,406
2015,Final,Male,50-,Non-Aboriginal,Central Australia,1031
2015,Final,Male,50-,Non-Aboriginal,East Arnhem,256
2015,Final,Male,50-,Non-Aboriginal,Greater Darwin,4697
2015,Final,Male,50-,Non-Aboriginal,Top End,253
2015,Final,Female,50-,Aboriginal,Barkly,102
2015,Final,Female,50-,Aboriginal,Big Rivers,233
2015,Final,Female,50-,Aboriginal,Central Australia,422
2015,Final,Female,50-,Aboriginal,East Arnhem,208
2015,Final,Female,50-,Aboriginal,Greater Darwin,344
2015,Final,Female,50-,Aboriginal,Top End,264
2015,Final,Female,50-,Non-Aboriginal,Barkly,118
2015,Final,Female,50-,Non-Aboriginal,Big Rivers,334
2015,Final,Female,50-,Non-Aboriginal,Central Australia,935
2015,Final,Female,50-,Non-Aboriginal,East Arnhem,192
2015,Final,Female,50-,Non-Aboriginal,Greater Darwin,4082
2015,Final,Female,50-,Non-Aboriginal,Top End,215
2015,Final,Male,55-,Aboriginal,Barkly,55
2015,Final,Male,55-,Aboriginal,Big Rivers,194
2015,Final,Male,55-,Aboriginal,Central Australia,254
2015,Final,Male,55-,Aboriginal,East Arnhem,133
2015,Final,Male,55-,Aboriginal,Greater Darwin,236
2015,Final,Male,55-,Aboriginal,Top End,177
2015,Final,Male,55-,Non-Aboriginal,Barkly,112
2015,Final,Male,55-,Non-Aboriginal,Big Rivers,382
2015,Final,Male,55-,Non-Aboriginal,Central Australia,929
2015,Final,Male,55-,Non-Aboriginal,East Arnhem,178
2015,Final,Male,55-,Non-Aboriginal,Greater Darwin,4000
2015,Final,Male,55-,Non-Aboriginal,Top End,277
2015,Final,Female,55-,Aboriginal,Barkly,87
2015,Final,Female,55-,Aboriginal,Big Rivers,173
2015,Final,Female,55-,Aboriginal,Central Australia,309
2015,Final,Female,55-,Aboriginal,East Arnhem,177
2015,Final,Female,55-,Aboriginal,Greater Darwin,280
2015,Final,Female,55-,Aboriginal,Top End,162
2015,Final,Female,55-,Non-Aboriginal,Barkly,119
2015,Final,Female,55-,Non-Aboriginal,Big Rivers,331
2015,Final,Female,55-,Non-Aboriginal,Central Australia,909
2015,Final,Female,55-,Non-Aboriginal,East Arnhem,170
2015,Final,Female,55-,Non-Aboriginal,Greater Darwin,3522
2015,Final,Female,55-,Non-Aboriginal,Top End,214
2015,Final,Male,60-,Aboriginal,Barkly,57
2015,Final,Male,60-,Aboriginal,Big Rivers,112
2015,Final,Male,60-,Aboriginal,Central Australia,177
2015,Final,Male,60-,Aboriginal,East Arnhem,79
2015,Final,Male,60-,Aboriginal,Greater Darwin,149
2015,Final,Male,60-,Aboriginal,Top End,91
2015,Final,Male,60-,Non-Aboriginal,Barkly,125
2015,Final,Male,60-,Non-Aboriginal,Big Rivers,353
2015,Final,Male,60-,Non-Aboriginal,Central Australia,684
2015,Final,Male,60-,Non-Aboriginal,East Arnhem,155
2015,Final,Male,60-,Non-Aboriginal,Greater Darwin,3395
2015,Final,Male,60-,Non-Aboriginal,Top End,241
2015,Final,Female,60-,Aboriginal,Barkly,82
2015,Final,Female,60-,Aboriginal,Big Rivers,154
2015,Final,Female,60-,Aboriginal,Central Australia,246
2015,Final,Female,60-,Aboriginal,East Arnhem,109
2015,Final,Female,60-,Aboriginal,Greater Darwin,217
2015,Final,Female,60-,Aboriginal,Top End,140
2015,Final,Female,60-,Non-Aboriginal,Barkly,99
2015,Final,Female,60-,Non-Aboriginal,Big Rivers,257
2015,Final,Female,60-,Non-Aboriginal,Central Australia,550
2015,Final,Female,60-,Non-Aboriginal,East Arnhem,85
2015,Final,Female,60-,Non-Aboriginal,Greater Darwin,2856
2015,Final,Female,60-,Non-Aboriginal,Top End,162
2015,Final,Male,65-,Aboriginal,Barkly,58
2015,Final,Male,65-,Aboriginal,Big Rivers,99
2015,Final,Male,65-,Aboriginal,Central Australia,108
2015,Final,Male,65-,Aboriginal,East Arnhem,61
2015,Final,Male,65-,Aboriginal,Greater Darwin,102
2015,Final,Male,65-,Aboriginal,Top End,65
2015,Final,Male,65-,Non-Aboriginal,Barkly,94
2015,Final,Male,65-,Non-Aboriginal,Big Rivers,252
2015,Final,Male,65-,Non-Aboriginal,Central Australia,434
2015,Final,Male,65-,Non-Aboriginal,East Arnhem,69
2015,Final,Male,65-,Non-Aboriginal,Greater Darwin,2610
2015,Final,Male,65-,Non-Aboriginal,Top End,173
2015,Final,Female,65-,Aboriginal,Barkly,36
2015,Final,Female,65-,Aboriginal,Big Rivers,96
2015,Final,Female,65-,Aboriginal,Central Australia,193
2015,Final,Female,65-,Aboriginal,East Arnhem,61
2015,Final,Female,65-,Aboriginal,Greater Darwin,134
2015,Final,Female,65-,Aboriginal,Top End,91
2015,Final,Female,65-,Non-Aboriginal,Barkly,40
2015,Final,Female,65-,Non-Aboriginal,Big Rivers,164
2015,Final,Female,65-,Non-Aboriginal,Central Australia,343
2015,Final,Female,65-,Non-Aboriginal,East Arnhem,29
2015,Final,Female,65-,Non-Aboriginal,Greater Darwin,1978
2015,Final,Female,65-,Non-Aboriginal,Top End,89
2015,Final,Male,70-,Aboriginal,Barkly,36
2015,Final,Male,70-,Aboriginal,Big Rivers,36
2015,Final,Male,70-,Aboriginal,Central Australia,63
2015,Final,Male,70-,Aboriginal,East Arnhem,35
2015,Final,Male,70-,Aboriginal,Greater Darwin,56
2015,Final,Male,70-,Aboriginal,Top End,42
2015,Final,Male,70-,Non-Aboriginal,Barkly,66
2015,Final,Male,70-,Non-Aboriginal,Big Rivers,164
2015,Final,Male,70-,Non-Aboriginal,Central Australia,276
2015,Final,Male,70-,Non-Aboriginal,East Arnhem,21
2015,Final,Male,70-,Non-Aboriginal,Greater Darwin,1526
2015,Final,Male,70-,Non-Aboriginal,Top End,75
2015,Final,Female,70-,Aboriginal,Barkly,43
2015,Final,Female,70-,Aboriginal,Big Rivers,58
2015,Final,Female,70-,Aboriginal,Central Australia,124
2015,Final,Female,70-,Aboriginal,East Arnhem,43
2015,Final,Female,70-,Aboriginal,Greater Darwin,85
2015,Final,Female,70-,Aboriginal,Top End,57
2015,Final,Female,70-,Non-Aboriginal,Barkly,27
2015,Final,Female,70-,Non-Aboriginal,Big Rivers,100
2015,Final,Female,70-,Non-Aboriginal,Central Australia,201
2015,Final,Female,70-,Non-Aboriginal,East Arnhem,2
2015,Final,Female,70-,Non-Aboriginal,Greater Darwin,1218
2015,Final,Female,70-,Non-Aboriginal,Top End,29
2015,Final,Male,75-,Aboriginal,Barkly,9
2015,Final,Male,75-,Aboriginal,Big Rivers,47
2015,Final,Male,75-,Aboriginal,Central Australia,53
2015,Final,Male,75-,Aboriginal,East Arnhem,7
2015,Final,Male,75-,Aboriginal,Greater Darwin,37
2015,Final,Male,75-,Aboriginal,Top End,29
2015,Final,Male,75-,Non-Aboriginal,Barkly,12
2015,Final,Male,75-,Non-Aboriginal,Big Rivers,121
2015,Final,Male,75-,Non-Aboriginal,Central Australia,123
2015,Final,Male,75-,Non-Aboriginal,East Arnhem,4
2015,Final,Male,75-,Non-Aboriginal,Greater Darwin,781
2015,Final,Male,75-,Non-Aboriginal,Top End,22
2015,Final,Female,75-,Aboriginal,Barkly,31
2015,Final,Female,75-,Aboriginal,Big Rivers,33
2015,Final,Female,75-,Aboriginal,Central Australia,91
2015,Final,Female,75-,Aboriginal,East Arnhem,26
2015,Final,Female,75-,Aboriginal,Greater Darwin,56
2015,Final,Female,75-,Aboriginal,Top End,29
2015,Final,Female,75-,Non-Aboriginal,Barkly,11
2015,Final,Female,75-,Non-Aboriginal,Big Rivers,46
2015,Final,Female,75-,Non-Aboriginal,Central Australia,117
2015,Final,Female,75-,Non-Aboriginal,East Arnhem,2
2015,Final,Female,75-,Non-Aboriginal,Greater Darwin,660
2015,Final,Female,75-,Non-Aboriginal,Top End,16
2015,Final,Male,80-,Aboriginal,Barkly,3
2015,Final,Male,80-,Aboriginal,Big Rivers,19
2015,Final,Male,80-,Aboriginal,Central Australia,18
2015,Final,Male,80-,Aboriginal,East Arnhem,0
2015,Final,Male,80-,Aboriginal,Greater Darwin,12
2015,Final,Male,80-,Aboriginal,Top End,15
2015,Final,Male,80-,Non-Aboriginal,Barkly,6
2015,Final,Male,80-,Non-Aboriginal,Big Rivers,25
2015,Final,Male,80-,Non-Aboriginal,Central Australia,65
2015,Final,Male,80-,Non-Aboriginal,East Arnhem,2
2015,Final,Male,80-,Non-Aboriginal,Greater Darwin,386
2015,Final,Male,80-,Non-Aboriginal,Top End,11
2015,Final,Female,80-,Aboriginal,Barkly,18
2015,Final,Female,80-,Aboriginal,Big Rivers,22
2015,Final,Female,80-,Aboriginal,Central Australia,50
2015,Final,Female,80-,Aboriginal,East Arnhem,14
2015,Final,Female,80-,Aboriginal,Greater Darwin,34
2015,Final,Female,80-,Aboriginal,Top End,14
2015,Final,Female,80-,Non-Aboriginal,Barkly,5
2015,Final,Female,80-,Non-Aboriginal,Big Rivers,20
2015,Final,Female,80-,Non-Aboriginal,Central Australia,103
2015,Final,Female,80-,Non-Aboriginal,East Arnhem,0
2015,Final,Female,80-,Non-Aboriginal,Greater Darwin,380
2015,Final,Female,80-,Non-Aboriginal,Top End,10
2015,Final,Male,85+,Aboriginal,Barkly,14
2015,Final,Male,85+,Aboriginal,Big Rivers,14
2015,Final,Male,85+,Aboriginal,Central Australia,32
2015,Final,Male,85+,Aboriginal,East Arnhem,3
2015,Final,Male,85+,Aboriginal,Greater Darwin,0
2015,Final,Male,85+,Aboriginal,Top End,11
2015,Final,Male,85+,Non-Aboriginal,Barkly,1
2015,Final,Male,85+,Non-Aboriginal,Big Rivers,8
2015,Final,Male,85+,Non-Aboriginal,Central Australia,39
2015,Final,Male,85+,Non-Aboriginal,East Arnhem,4
2015,Final,Male,85+,Non-Aboriginal,Greater Darwin,243
2015,Final,Male,85+,Non-Aboriginal,Top End,1
2015,Final,Female,85+,Aboriginal,Barkly,15
2015,Final,Female,85+,Aboriginal,Big Rivers,26
2015,Final,Female,85+,Aboriginal,Central Australia,38
2015,Final,Female,85+,Aboriginal,East Arnhem,10
2015,Final,Female,85+,Aboriginal,Greater Darwin,12
2015,Final,Female,85+,Aboriginal,Top End,6
2015,Final,Female,85+,Non-Aboriginal,Barkly,7
2015,Final,Female,85+,Non-Aboriginal,Big Rivers,16
2015,Final,Female,85+,Non-Aboriginal,Central Australia,66
2015,Final,Female,85+,Non-Aboriginal,East Arnhem,2
2015,Final,Female,85+,Non-Aboriginal,Greater Darwin,314
2015,Final,Female,85+,Non-Aboriginal,Top End,8
2016,Final,Male,0-,Aboriginal,Barkly,296
2016,Final,Male,0-,Aboriginal,Big Rivers,706
2016,Final,Male,0-,Aboriginal,Central Australia,716
2016,Final,Male,0-,Aboriginal,East Arnhem,493
2016,Final,Male,0-,Aboriginal,Greater Darwin,896
2016,Final,Male,0-,Aboriginal,Top End,653
2016,Final,Male,0-,Non-Aboriginal,Barkly,74
2016,Final,Male,0-,Non-Aboriginal,Big Rivers,314
2016,Final,Male,0-,Non-Aboriginal,Central Australia,771
2016,Final,Male,0-,Non-Aboriginal,East Arnhem,171
2016,Final,Male,0-,Non-Aboriginal,Greater Darwin,4637
2016,Final,Male,0-,Non-Aboriginal,Top End,117
2016,Final,Female,0-,Aboriginal,Barkly,270
2016,Final,Female,0-,Aboriginal,Big Rivers,616
2016,Final,Female,0-,Aboriginal,Central Australia,711
2016,Final,Female,0-,Aboriginal,East Arnhem,440
2016,Final,Female,0-,Aboriginal,Greater Darwin,829
2016,Final,Female,0-,Aboriginal,Top End,602
2016,Final,Female,0-,Non-Aboriginal,Barkly,76
2016,Final,Female,0-,Non-Aboriginal,Big Rivers,339
2016,Final,Female,0-,Non-Aboriginal,Central Australia,680
2016,Final,Female,0-,Non-Aboriginal,East Arnhem,190
2016,Final,Female,0-,Non-Aboriginal,Greater Darwin,4630
2016,Final,Female,0-,Non-Aboriginal,Top End,129
2016,Final,Male,10-,Aboriginal,Barkly,292
2016,Final,Male,10-,Aboriginal,Big Rivers,632
2016,Final,Male,10-,Aboriginal,Central Australia,684
2016,Final,Male,10-,Aboriginal,East Arnhem,648
2016,Final,Male,10-,Aboriginal,Greater Darwin,935
2016,Final,Male,10-,Aboriginal,Top End,653
2016,Final,Male,10-,Non-Aboriginal,Barkly,27
2016,Final,Male,10-,Non-Aboriginal,Big Rivers,192
2016,Final,Male,10-,Non-Aboriginal,Central Australia,574
2016,Final,Male,10-,Non-Aboriginal,East Arnhem,152
2016,Final,Male,10-,Non-Aboriginal,Greater Darwin,3389
2016,Final,Male,10-,Non-Aboriginal,Top End,70
2016,Final,Female,10-,Aboriginal,Barkly,215
2016,Final,Female,10-,Aboriginal,Big Rivers,637
2016,Final,Female,10-,Aboriginal,Central Australia,695
2016,Final,Female,10-,Aboriginal,East Arnhem,493
2016,Final,Female,10-,Aboriginal,Greater Darwin,872
2016,Final,Female,10-,Aboriginal,Top End,561
2016,Final,Female,10-,Non-Aboriginal,Barkly,40
2016,Final,Female,10-,Non-Aboriginal,Big Rivers,204
2016,Final,Female,10-,Non-Aboriginal,Central Australia,501
2016,Final,Female,10-,Non-Aboriginal,East Arnhem,142
2016,Final,Female,10-,Non-Aboriginal,Greater Darwin,3308
2016,Final,Female,10-,Non-Aboriginal,Top End,88
2016,Final,Male,15-,Aboriginal,Barkly,226
2016,Final,Male,15-,Aboriginal,Big Rivers,656
2016,Final,Male,15-,Aboriginal,Central Australia,712
2016,Final,Male,15-,Aboriginal,East Arnhem,600
2016,Final,Male,15-,Aboriginal,Greater Darwin,808
2016,Final,Male,15-,Aboriginal,Top End,546
2016,Final,Male,15-,Non-Aboriginal,Barkly,49
2016,Final,Male,15-,Non-Aboriginal,Big Rivers,217
2016,Final,Male,15-,Non-Aboriginal,Central Australia,557
2016,Final,Male,15-,Non-Aboriginal,East Arnhem,79
2016,Final,Male,15-,Non-Aboriginal,Greater Darwin,3394
2016,Final,Male,15-,Non-Aboriginal,Top End,68
2016,Final,Female,15-,Aboriginal,Barkly,221
2016,Final,Female,15-,Aboriginal,Big Rivers,538
2016,Final,Female,15-,Aboriginal,Central Australia,629
2016,Final,Female,15-,Aboriginal,East Arnhem,552
2016,Final,Female,15-,Aboriginal,Greater Darwin,722
2016,Final,Female,15-,Aboriginal,Top End,588
2016,Final,Female,15-,Non-Aboriginal,Barkly,31
2016,Final,Female,15-,Non-Aboriginal,Big Rivers,183
2016,Final,Female,15-,Non-Aboriginal,Central Australia,426
2016,Final,Female,15-,Non-Aboriginal,East Arnhem,54
2016,Final,Female,15-,Non-Aboriginal,Greater Darwin,3010
2016,Final,Female,15-,Non-Aboriginal,Top End,55
2016,Final,Male,20-,Aboriginal,Barkly,289
2016,Final,Male,20-,Aboriginal,Big Rivers,530
2016,Final,Male,20-,Aboriginal,Central Australia,821
2016,Final,Male,20-,Aboriginal,East Arnhem,489
2016,Final,Male,20-,Aboriginal,Greater Darwin,870
2016,Final,Male,20-,Aboriginal,Top End,635
2016,Final,Male,20-,Non-Aboriginal,Barkly,104
2016,Final,Male,20-,Non-Aboriginal,Big Rivers,344
2016,Final,Male,20-,Non-Aboriginal,Central Australia,614
2016,Final,Male,20-,Non-Aboriginal,East Arnhem,97
2016,Final,Male,20-,Non-Aboriginal,Greater Darwin,4984
2016,Final,Male,20-,Non-Aboriginal,Top End,96
2016,Final,Female,20-,Aboriginal,Barkly,274
2016,Final,Female,20-,Aboriginal,Big Rivers,518
2016,Final,Female,20-,Aboriginal,Central Australia,755
2016,Final,Female,20-,Aboriginal,East Arnhem,507
2016,Final,Female,20-,Aboriginal,Greater Darwin,644
2016,Final,Female,20-,Aboriginal,Top End,615
2016,Final,Female,20-,Non-Aboriginal,Barkly,67
2016,Final,Female,20-,Non-Aboriginal,Big Rivers,308
2016,Final,Female,20-,Non-Aboriginal,Central Australia,609
2016,Final,Female,20-,Non-Aboriginal,East Arnhem,79
2016,Final,Female,20-,Non-Aboriginal,Greater Darwin,4166
2016,Final,Female,20-,Non-Aboriginal,Top End,91
2016,Final,Male,25-,Aboriginal,Barkly,241
2016,Final,Male,25-,Aboriginal,Big Rivers,598
2016,Final,Male,25-,Aboriginal,Central Australia,742
2016,Final,Male,25-,Aboriginal,East Arnhem,483
2016,Final,Male,25-,Aboriginal,Greater Darwin,863
2016,Final,Male,25-,Aboriginal,Top End,629
2016,Final,Male,25-,Non-Aboriginal,Barkly,103
2016,Final,Male,25-,Non-Aboriginal,Big Rivers,489
2016,Final,Male,25-,Non-Aboriginal,Central Australia,969
2016,Final,Male,25-,Non-Aboriginal,East Arnhem,168
2016,Final,Male,25-,Non-Aboriginal,Greater Darwin,7153
2016,Final,Male,25-,Non-Aboriginal,Top End,146
2016,Final,Female,25-,Aboriginal,Barkly,226
2016,Final,Female,25-,Aboriginal,Big Rivers,564
2016,Final,Female,25-,Aboriginal,Central Australia,671
2016,Final,Female,25-,Aboriginal,East Arnhem,507
2016,Final,Female,25-,Aboriginal,Greater Darwin,670
2016,Final,Female,25-,Aboriginal,Top End,597
2016,Final,Female,25-,Non-Aboriginal,Barkly,111
2016,Final,Female,25-,Non-Aboriginal,Big Rivers,429
2016,Final,Female,25-,Non-Aboriginal,Central Australia,1202
2016,Final,Female,25-,Non-Aboriginal,East Arnhem,160
2016,Final,Female,25-,Non-Aboriginal,Greater Darwin,6479
2016,Final,Female,25-,Non-Aboriginal,Top End,167
2016,Final,Male,30-,Aboriginal,Barkly,204
2016,Final,Male,30-,Aboriginal,Big Rivers,440
2016,Final,Male,30-,Aboriginal,Central Australia,686
2016,Final,Male,30-,Aboriginal,East Arnhem,471
2016,Final,Male,30-,Aboriginal,Greater Darwin,770
2016,Final,Male,30-,Aboriginal,Top End,553
2016,Final,Male,30-,Non-Aboriginal,Barkly,95
2016,Final,Male,30-,Non-Aboriginal,Big Rivers,419
2016,Final,Male,30-,Non-Aboriginal,Central Australia,1053
2016,Final,Male,30-,Non-Aboriginal,East Arnhem,183
2016,Final,Male,30-,Non-Aboriginal,Greater Darwin,6868
2016,Final,Male,30-,Non-Aboriginal,Top End,171
2016,Final,Female,30-,Aboriginal,Barkly,197
2016,Final,Female,30-,Aboriginal,Big Rivers,459
2016,Final,Female,30-,Aboriginal,Central Australia,695
2016,Final,Female,30-,Aboriginal,East Arnhem,450
2016,Final,Female,30-,Aboriginal,Greater Darwin,561
2016,Final,Female,30-,Aboriginal,Top End,605
2016,Final,Female,30-,Non-Aboriginal,Barkly,97
2016,Final,Female,30-,Non-Aboriginal,Big Rivers,423
2016,Final,Female,30-,Non-Aboriginal,Central Australia,1063
2016,Final,Female,30-,Non-Aboriginal,East Arnhem,203
2016,Final,Female,30-,Non-Aboriginal,Greater Darwin,6406
2016,Final,Female,30-,Non-Aboriginal,Top End,190
2016,Final,Male,35-,Aboriginal,Barkly,158
2016,Final,Male,35-,Aboriginal,Big Rivers,346
2016,Final,Male,35-,Aboriginal,Central Australia,513
2016,Final,Male,35-,Aboriginal,East Arnhem,347
2016,Final,Male,35-,Aboriginal,Greater Darwin,659
2016,Final,Male,35-,Aboriginal,Top End,527
2016,Final,Male,35-,Non-Aboriginal,Barkly,73
2016,Final,Male,35-,Non-Aboriginal,Big Rivers,320
2016,Final,Male,35-,Non-Aboriginal,Central Australia,833
2016,Final,Male,35-,Non-Aboriginal,East Arnhem,190
2016,Final,Male,35-,Non-Aboriginal,Greater Darwin,5774
2016,Final,Male,35-,Non-Aboriginal,Top End,163
2016,Final,Female,35-,Aboriginal,Barkly,175
2016,Final,Female,35-,Aboriginal,Big Rivers,387
2016,Final,Female,35-,Aboriginal,Central Australia,566
2016,Final,Female,35-,Aboriginal,East Arnhem,385
2016,Final,Female,35-,Aboriginal,Greater Darwin,530
2016,Final,Female,35-,Aboriginal,Top End,463
2016,Final,Female,35-,Non-Aboriginal,Barkly,60
2016,Final,Female,35-,Non-Aboriginal,Big Rivers,301
2016,Final,Female,35-,Non-Aboriginal,Central Australia,868
2016,Final,Female,35-,Non-Aboriginal,East Arnhem,199
2016,Final,Female,35-,Non-Aboriginal,Greater Darwin,5181
2016,Final,Female,35-,Non-Aboriginal,Top End,150
2016,Final,Male,40-,Aboriginal,Barkly,154
2016,Final,Male,40-,Aboriginal,Big Rivers,337
2016,Final,Male,40-,Aboriginal,Central Australia,580
2016,Final,Male,40-,Aboriginal,East Arnhem,323
2016,Final,Male,40-,Aboriginal,Greater Darwin,625
2016,Final,Male,40-,Aboriginal,Top End,437
2016,Final,Male,40-,Non-Aboriginal,Barkly,75
2016,Final,Male,40-,Non-Aboriginal,Big Rivers,274
2016,Final,Male,40-,Non-Aboriginal,Central Australia,799
2016,Final,Male,40-,Non-Aboriginal,East Arnhem,185
2016,Final,Male,40-,Non-Aboriginal,Greater Darwin,5238
2016,Final,Male,40-,Non-Aboriginal,Top End,190
2016,Final,Female,40-,Aboriginal,Barkly,152
2016,Final,Female,40-,Aboriginal,Big Rivers,328
2016,Final,Female,40-,Aboriginal,Central Australia,643
2016,Final,Female,40-,Aboriginal,East Arnhem,376
2016,Final,Female,40-,Aboriginal,Greater Darwin,563
2016,Final,Female,40-,Aboriginal,Top End,399
2016,Final,Female,40-,Non-Aboriginal,Barkly,61
2016,Final,Female,40-,Non-Aboriginal,Big Rivers,287
2016,Final,Female,40-,Non-Aboriginal,Central Australia,730
2016,Final,Female,40-,Non-Aboriginal,East Arnhem,176
2016,Final,Female,40-,Non-Aboriginal,Greater Darwin,4574
2016,Final,Female,40-,Non-Aboriginal,Top End,152
2016,Final,Male,45-,Aboriginal,Barkly,153
2016,Final,Male,45-,Aboriginal,Big Rivers,340
2016,Final,Male,45-,Aboriginal,Central Australia,524
2016,Final,Male,45-,Aboriginal,East Arnhem,269
2016,Final,Male,45-,Aboriginal,Greater Darwin,532
2016,Final,Male,45-,Aboriginal,Top End,379
2016,Final,Male,45-,Non-Aboriginal,Barkly,93
2016,Final,Male,45-,Non-Aboriginal,Big Rivers,355
2016,Final,Male,45-,Non-Aboriginal,Central Australia,814
2016,Final,Male,45-,Non-Aboriginal,East Arnhem,190
2016,Final,Male,45-,Non-Aboriginal,Greater Darwin,5087
2016,Final,Male,45-,Non-Aboriginal,Top End,195
2016,Final,Female,45-,Aboriginal,Barkly,163
2016,Final,Female,45-,Aboriginal,Big Rivers,413
2016,Final,Female,45-,Aboriginal,Central Australia,578
2016,Final,Female,45-,Aboriginal,East Arnhem,312
2016,Final,Female,45-,Aboriginal,Greater Darwin,526
2016,Final,Female,45-,Aboriginal,Top End,394
2016,Final,Female,45-,Non-Aboriginal,Barkly,65
2016,Final,Female,45-,Non-Aboriginal,Big Rivers,304
2016,Final,Female,45-,Non-Aboriginal,Central Australia,840
2016,Final,Female,45-,Non-Aboriginal,East Arnhem,134
2016,Final,Female,45-,Non-Aboriginal,Greater Darwin,4387
2016,Final,Female,45-,Non-Aboriginal,Top End,202
2016,Final,Male,5-,Aboriginal,Barkly,289
2016,Final,Male,5-,Aboriginal,Big Rivers,670
2016,Final,Male,5-,Aboriginal,Central Australia,787
2016,Final,Male,5-,Aboriginal,East Arnhem,514
2016,Final,Male,5-,Aboriginal,Greater Darwin,947
2016,Final,Male,5-,Aboriginal,Top End,711
2016,Final,Male,5-,Non-Aboriginal,Barkly,58
2016,Final,Male,5-,Non-Aboriginal,Big Rivers,281
2016,Final,Male,5-,Non-Aboriginal,Central Australia,671
2016,Final,Male,5-,Non-Aboriginal,East Arnhem,205
2016,Final,Male,5-,Non-Aboriginal,Greater Darwin,4126
2016,Final,Male,5-,Non-Aboriginal,Top End,146
2016,Final,Female,5-,Aboriginal,Barkly,274
2016,Final,Female,5-,Aboriginal,Big Rivers,647
2016,Final,Female,5-,Aboriginal,Central Australia,752
2016,Final,Female,5-,Aboriginal,East Arnhem,524
2016,Final,Female,5-,Aboriginal,Greater Darwin,865
2016,Final,Female,5-,Aboriginal,Top End,600
2016,Final,Female,5-,Non-Aboriginal,Barkly,68
2016,Final,Female,5-,Non-Aboriginal,Big Rivers,245
2016,Final,Female,5-,Non-Aboriginal,Central Australia,633
2016,Final,Female,5-,Non-Aboriginal,East Arnhem,186
2016,Final,Female,5-,Non-Aboriginal,Greater Darwin,3926
2016,Final,Female,5-,Non-Aboriginal,Top End,113
2016,Final,Male,50-,Aboriginal,Barkly,121
2016,Final,Male,50-,Aboriginal,Big Rivers,267
2016,Final,Male,50-,Aboriginal,Central Australia,362
2016,Final,Male,50-,Aboriginal,East Arnhem,221
2016,Final,Male,50-,Aboriginal,Greater Darwin,429
2016,Final,Male,50-,Aboriginal,Top End,333
2016,Final,Male,50-,Non-Aboriginal,Barkly,93
2016,Final,Male,50-,Non-Aboriginal,Big Rivers,349
2016,Final,Male,50-,Non-Aboriginal,Central Australia,883
2016,Final,Male,50-,Non-Aboriginal,East Arnhem,168
2016,Final,Male,50-,Non-Aboriginal,Greater Darwin,4641
2016,Final,Male,50-,Non-Aboriginal,Top End,253
2016,Final,Female,50-,Aboriginal,Barkly,135
2016,Final,Female,50-,Aboriginal,Big Rivers,291
2016,Final,Female,50-,Aboriginal,Central Australia,469
2016,Final,Female,50-,Aboriginal,East Arnhem,271
2016,Final,Female,50-,Aboriginal,Greater Darwin,443
2016,Final,Female,50-,Aboriginal,Top End,334
2016,Final,Female,50-,Non-Aboriginal,Barkly,76
2016,Final,Female,50-,Non-Aboriginal,Big Rivers,336
2016,Final,Female,50-,Non-Aboriginal,Central Australia,857
2016,Final,Female,50-,Non-Aboriginal,East Arnhem,136
2016,Final,Female,50-,Non-Aboriginal,Greater Darwin,3975
2016,Final,Female,50-,Non-Aboriginal,Top End,186
2016,Final,Male,55-,Aboriginal,Barkly,83
2016,Final,Male,55-,Aboriginal,Big Rivers,202
2016,Final,Male,55-,Aboriginal,Central Australia,295
2016,Final,Male,55-,Aboriginal,East Arnhem,170
2016,Final,Male,55-,Aboriginal,Greater Darwin,344
2016,Final,Male,55-,Aboriginal,Top End,210
2016,Final,Male,55-,Non-Aboriginal,Barkly,90
2016,Final,Male,55-,Non-Aboriginal,Big Rivers,327
2016,Final,Male,55-,Non-Aboriginal,Central Australia,883
2016,Final,Male,55-,Non-Aboriginal,East Arnhem,133
2016,Final,Male,55-,Non-Aboriginal,Greater Darwin,4028
2016,Final,Male,55-,Non-Aboriginal,Top End,232
2016,Final,Female,55-,Aboriginal,Barkly,87
2016,Final,Female,55-,Aboriginal,Big Rivers,217
2016,Final,Female,55-,Aboriginal,Central Australia,395
2016,Final,Female,55-,Aboriginal,East Arnhem,194
2016,Final,Female,55-,Aboriginal,Greater Darwin,347
2016,Final,Female,55-,Aboriginal,Top End,232
2016,Final,Female,55-,Non-Aboriginal,Barkly,79
2016,Final,Female,55-,Non-Aboriginal,Big Rivers,306
2016,Final,Female,55-,Non-Aboriginal,Central Australia,823
2016,Final,Female,55-,Non-Aboriginal,East Arnhem,112
2016,Final,Female,55-,Non-Aboriginal,Greater Darwin,3615
2016,Final,Female,55-,Non-Aboriginal,Top End,174
2016,Final,Male,60-,Aboriginal,Barkly,51
2016,Final,Male,60-,Aboriginal,Big Rivers,146
2016,Final,Male,60-,Aboriginal,Central Australia,193
2016,Final,Male,60-,Aboriginal,East Arnhem,120
2016,Final,Male,60-,Aboriginal,Greater Darwin,273
2016,Final,Male,60-,Aboriginal,Top End,161
2016,Final,Male,60-,Non-Aboriginal,Barkly,77
2016,Final,Male,60-,Non-Aboriginal,Big Rivers,327
2016,Final,Male,60-,Non-Aboriginal,Central Australia,701
2016,Final,Male,60-,Non-Aboriginal,East Arnhem,91
2016,Final,Male,60-,Non-Aboriginal,Greater Darwin,3366
2016,Final,Male,60-,Non-Aboriginal,Top End,231
2016,Final,Female,60-,Aboriginal,Barkly,92
2016,Final,Female,60-,Aboriginal,Big Rivers,140
2016,Final,Female,60-,Aboriginal,Central Australia,281
2016,Final,Female,60-,Aboriginal,East Arnhem,157
2016,Final,Female,60-,Aboriginal,Greater Darwin,289
2016,Final,Female,60-,Aboriginal,Top End,177
2016,Final,Female,60-,Non-Aboriginal,Barkly,71
2016,Final,Female,60-,Non-Aboriginal,Big Rivers,235
2016,Final,Female,60-,Non-Aboriginal,Central Australia,619
2016,Final,Female,60-,Non-Aboriginal,East Arnhem,68
2016,Final,Female,60-,Non-Aboriginal,Greater Darwin,2755
2016,Final,Female,60-,Non-Aboriginal,Top End,165
2016,Final,Male,65-,Aboriginal,Barkly,41
2016,Final,Male,65-,Aboriginal,Big Rivers,77
2016,Final,Male,65-,Aboriginal,Central Australia,118
2016,Final,Male,65-,Aboriginal,East Arnhem,59
2016,Final,Male,65-,Aboriginal,Greater Darwin,158
2016,Final,Male,65-,Aboriginal,Top End,78
2016,Final,Male,65-,Non-Aboriginal,Barkly,64
2016,Final,Male,65-,Non-Aboriginal,Big Rivers,258
2016,Final,Male,65-,Non-Aboriginal,Central Australia,456
2016,Final,Male,65-,Non-Aboriginal,East Arnhem,77
2016,Final,Male,65-,Non-Aboriginal,Greater Darwin,2620
2016,Final,Male,65-,Non-Aboriginal,Top End,188
2016,Final,Female,65-,Aboriginal,Barkly,54
2016,Final,Female,65-,Aboriginal,Big Rivers,102
2016,Final,Female,65-,Aboriginal,Central Australia,188
2016,Final,Female,65-,Aboriginal,East Arnhem,65
2016,Final,Female,65-,Aboriginal,Greater Darwin,173
2016,Final,Female,65-,Aboriginal,Top End,96
2016,Final,Female,65-,Non-Aboriginal,Barkly,33
2016,Final,Female,65-,Non-Aboriginal,Big Rivers,169
2016,Final,Female,65-,Non-Aboriginal,Central Australia,342
2016,Final,Female,65-,Non-Aboriginal,East Arnhem,35
2016,Final,Female,65-,Non-Aboriginal,Greater Darwin,2065
2016,Final,Female,65-,Non-Aboriginal,Top End,125
2016,Final,Male,70-,Aboriginal,Barkly,37
2016,Final,Male,70-,Aboriginal,Big Rivers,55
2016,Final,Male,70-,Aboriginal,Central Australia,71
2016,Final,Male,70-,Aboriginal,East Arnhem,33
2016,Final,Male,70-,Aboriginal,Greater Darwin,72
2016,Final,Male,70-,Aboriginal,Top End,34
2016,Final,Male,70-,Non-Aboriginal,Barkly,33
2016,Final,Male,70-,Non-Aboriginal,Big Rivers,169
2016,Final,Male,70-,Non-Aboriginal,Central Australia,239
2016,Final,Male,70-,Non-Aboriginal,East Arnhem,25
2016,Final,Male,70-,Non-Aboriginal,Greater Darwin,1561
2016,Final,Male,70-,Non-Aboriginal,Top End,123
2016,Final,Female,70-,Aboriginal,Barkly,35
2016,Final,Female,70-,Aboriginal,Big Rivers,71
2016,Final,Female,70-,Aboriginal,Central Australia,162
2016,Final,Female,70-,Aboriginal,East Arnhem,35
2016,Final,Female,70-,Aboriginal,Greater Darwin,78
2016,Final,Female,70-,Aboriginal,Top End,38
2016,Final,Female,70-,Non-Aboriginal,Barkly,19
2016,Final,Female,70-,Non-Aboriginal,Big Rivers,97
2016,Final,Female,70-,Non-Aboriginal,Central Australia,211
2016,Final,Female,70-,Non-Aboriginal,East Arnhem,11
2016,Final,Female,70-,Non-Aboriginal,Greater Darwin,1253
2016,Final,Female,70-,Non-Aboriginal,Top End,48
2016,Final,Male,75-,Aboriginal,Barkly,3
2016,Final,Male,75-,Aboriginal,Big Rivers,18
2016,Final,Male,75-,Aboriginal,Central Australia,51
2016,Final,Male,75-,Aboriginal,East Arnhem,6
2016,Final,Male,75-,Aboriginal,Greater Darwin,38
2016,Final,Male,75-,Aboriginal,Top End,18
2016,Final,Male,75-,Non-Aboriginal,Barkly,33
2016,Final,Male,75-,Non-Aboriginal,Big Rivers,108
2016,Final,Male,75-,Non-Aboriginal,Central Australia,141
2016,Final,Male,75-,Non-Aboriginal,East Arnhem,10
2016,Final,Male,75-,Non-Aboriginal,Greater Darwin,887
2016,Final,Male,75-,Non-Aboriginal,Top End,51
2016,Final,Female,75-,Aboriginal,Barkly,8
2016,Final,Female,75-,Aboriginal,Big Rivers,35
2016,Final,Female,75-,Aboriginal,Central Australia,75
2016,Final,Female,75-,Aboriginal,East Arnhem,16
2016,Final,Female,75-,Aboriginal,Greater Darwin,58
2016,Final,Female,75-,Aboriginal,Top End,30
2016,Final,Female,75-,Non-Aboriginal,Barkly,10
2016,Final,Female,75-,Non-Aboriginal,Big Rivers,63
2016,Final,Female,75-,Non-Aboriginal,Central Australia,137
2016,Final,Female,75-,Non-Aboriginal,East Arnhem,3
2016,Final,Female,75-,Non-Aboriginal,Greater Darwin,763
2016,Final,Female,75-,Non-Aboriginal,Top End,19
2016,Final,Male,80-,Aboriginal,Barkly,10
2016,Final,Male,80-,Aboriginal,Big Rivers,31
2016,Final,Male,80-,Aboriginal,Central Australia,24
2016,Final,Male,80-,Aboriginal,East Arnhem,6
2016,Final,Male,80-,Aboriginal,Greater Darwin,6
2016,Final,Male,80-,Aboriginal,Top End,7
2016,Final,Male,80-,Non-Aboriginal,Barkly,1
2016,Final,Male,80-,Non-Aboriginal,Big Rivers,40
2016,Final,Male,80-,Non-Aboriginal,Central Australia,53
2016,Final,Male,80-,Non-Aboriginal,East Arnhem,1
2016,Final,Male,80-,Non-Aboriginal,Greater Darwin,398
2016,Final,Male,80-,Non-Aboriginal,Top End,10
2016,Final,Female,80-,Aboriginal,Barkly,19
2016,Final,Female,80-,Aboriginal,Big Rivers,30
2016,Final,Female,80-,Aboriginal,Central Australia,82
2016,Final,Female,80-,Aboriginal,East Arnhem,3
2016,Final,Female,80-,Aboriginal,Greater Darwin,27
2016,Final,Female,80-,Aboriginal,Top End,15
2016,Final,Female,80-,Non-Aboriginal,Barkly,0
2016,Final,Female,80-,Non-Aboriginal,Big Rivers,20
2016,Final,Female,80-,Non-Aboriginal,Central Australia,96
2016,Final,Female,80-,Non-Aboriginal,East Arnhem,3
2016,Final,Female,80-,Non-Aboriginal,Greater Darwin,389
2016,Final,Female,80-,Non-Aboriginal,Top End,5
2016,Final,Male,85+,Aboriginal,Barkly,0
2016,Final,Male,85+,Aboriginal,Big Rivers,32
2016,Final,Male,85+,Aboriginal,Central Australia,5
2016,Final,Male,85+,Aboriginal,East Arnhem,0
2016,Final,Male,85+,Aboriginal,Greater Darwin,11
2016,Final,Male,85+,Aboriginal,Top End,3
2016,Final,Male,85+,Non-Aboriginal,Barkly,1
2016,Final,Male,85+,Non-Aboriginal,Big Rivers,22
2016,Final,Male,85+,Non-Aboriginal,Central Australia,34
2016,Final,Male,85+,Non-Aboriginal,East Arnhem,2
2016,Final,Male,85+,Non-Aboriginal,Greater Darwin,272
2016,Final,Male,85+,Non-Aboriginal,Top End,13
2016,Final,Female,85+,Aboriginal,Barkly,0
2016,Final,Female,85+,Aboriginal,Big Rivers,15
2016,Final,Female,85+,Aboriginal,Central Australia,39
2016,Final,Female,85+,Aboriginal,East Arnhem,0
2016,Final,Female,85+,Aboriginal,Greater Darwin,24
2016,Final,Female,85+,Aboriginal,Top End,16
2016,Final,Female,85+,Non-Aboriginal,Barkly,0
2016,Final,Female,85+,Non-Aboriginal,Big Rivers,19
2016,Final,Female,85+,Non-Aboriginal,Central Australia,92
2016,Final,Female,85+,Non-Aboriginal,East Arnhem,0
2016,Final,Female,85+,Non-Aboriginal,Greater Darwin,340
2016,Final,Female,85+,Non-Aboriginal,Top End,8
2017,Final,Male,0-,Aboriginal,Barkly,296
2017,Final,Male,0-,Aboriginal,Big Rivers,648
2017,Final,Male,0-,Aboriginal,Central Australia,728
2017,Final,Male,0-,Aboriginal,East Arnhem,479
2017,Final,Male,0-,Aboriginal,Greater Darwin,954
2017,Final,Male,0-,Aboriginal,Top End,621
2017,Final,Male,0-,Non-Aboriginal,Barkly,68
2017,Final,Male,0-,Non-Aboriginal,Big Rivers,296
2017,Final,Male,0-,Non-Aboriginal,Central Australia,778
2017,Final,Male,0-,Non-Aboriginal,East Arnhem,181
2017,Final,Male,0-,Non-Aboriginal,Greater Darwin,4645
2017,Final,Male,0-,Non-Aboriginal,Top End,126
2017,Final,Female,0-,Aboriginal,Barkly,251
2017,Final,Female,0-,Aboriginal,Big Rivers,627
2017,Final,Female,0-,Aboriginal,Central Australia,707
2017,Final,Female,0-,Aboriginal,East Arnhem,392
2017,Final,Female,0-,Aboriginal,Greater Darwin,894
2017,Final,Female,0-,Aboriginal,Top End,554
2017,Final,Female,0-,Non-Aboriginal,Barkly,65
2017,Final,Female,0-,Non-Aboriginal,Big Rivers,329
2017,Final,Female,0-,Non-Aboriginal,Central Australia,677
2017,Final,Female,0-,Non-Aboriginal,East Arnhem,169
2017,Final,Female,0-,Non-Aboriginal,Greater Darwin,4595
2017,Final,Female,0-,Non-Aboriginal,Top End,119
2017,Final,Male,10-,Aboriginal,Barkly,292
2017,Final,Male,10-,Aboriginal,Big Rivers,624
2017,Final,Male,10-,Aboriginal,Central Australia,690
2017,Final,Male,10-,Aboriginal,East Arnhem,588
2017,Final,Male,10-,Aboriginal,Greater Darwin,971
2017,Final,Male,10-,Aboriginal,Top End,649
2017,Final,Male,10-,Non-Aboriginal,Barkly,28
2017,Final,Male,10-,Non-Aboriginal,Big Rivers,198
2017,Final,Male,10-,Non-Aboriginal,Central Australia,568
2017,Final,Male,10-,Non-Aboriginal,East Arnhem,155
2017,Final,Male,10-,Non-Aboriginal,Greater Darwin,3553
2017,Final,Male,10-,Non-Aboriginal,Top End,71
2017,Final,Female,10-,Aboriginal,Barkly,206
2017,Final,Female,10-,Aboriginal,Big Rivers,617
2017,Final,Female,10-,Aboriginal,Central Australia,703
2017,Final,Female,10-,Aboriginal,East Arnhem,482
2017,Final,Female,10-,Aboriginal,Greater Darwin,910
2017,Final,Female,10-,Aboriginal,Top End,567
2017,Final,Female,10-,Non-Aboriginal,Barkly,31
2017,Final,Female,10-,Non-Aboriginal,Big Rivers,190
2017,Final,Female,10-,Non-Aboriginal,Central Australia,529
2017,Final,Female,10-,Non-Aboriginal,East Arnhem,150
2017,Final,Female,10-,Non-Aboriginal,Greater Darwin,3394
2017,Final,Female,10-,Non-Aboriginal,Top End,81
2017,Final,Male,15-,Aboriginal,Barkly,234
2017,Final,Male,15-,Aboriginal,Big Rivers,650
2017,Final,Male,15-,Aboriginal,Central Australia,715
2017,Final,Male,15-,Aboriginal,East Arnhem,619
2017,Final,Male,15-,Aboriginal,Greater Darwin,834
2017,Final,Male,15-,Aboriginal,Top End,592
2017,Final,Male,15-,Non-Aboriginal,Barkly,51
2017,Final,Male,15-,Non-Aboriginal,Big Rivers,209
2017,Final,Male,15-,Non-Aboriginal,Central Australia,548
2017,Final,Male,15-,Non-Aboriginal,East Arnhem,85
2017,Final,Male,15-,Non-Aboriginal,Greater Darwin,3423
2017,Final,Male,15-,Non-Aboriginal,Top End,71
2017,Final,Female,15-,Aboriginal,Barkly,226
2017,Final,Female,15-,Aboriginal,Big Rivers,581
2017,Final,Female,15-,Aboriginal,Central Australia,632
2017,Final,Female,15-,Aboriginal,East Arnhem,548
2017,Final,Female,15-,Aboriginal,Greater Darwin,747
2017,Final,Female,15-,Aboriginal,Top End,575
2017,Final,Female,15-,Non-Aboriginal,Barkly,38
2017,Final,Female,15-,Non-Aboriginal,Big Rivers,190
2017,Final,Female,15-,Non-Aboriginal,Central Australia,435
2017,Final,Female,15-,Non-Aboriginal,East Arnhem,64
2017,Final,Female,15-,Non-Aboriginal,Greater Darwin,2965
2017,Final,Female,15-,Non-Aboriginal,Top End,55
2017,Final,Male,20-,Aboriginal,Barkly,260
2017,Final,Male,20-,Aboriginal,Big Rivers,543
2017,Final,Male,20-,Aboriginal,Central Australia,802
2017,Final,Male,20-,Aboriginal,East Arnhem,465
2017,Final,Male,20-,Aboriginal,Greater Darwin,880
2017,Final,Male,20-,Aboriginal,Top End,583
2017,Final,Male,20-,Non-Aboriginal,Barkly,108
2017,Final,Male,20-,Non-Aboriginal,Big Rivers,352
2017,Final,Male,20-,Non-Aboriginal,Central Australia,573
2017,Final,Male,20-,Non-Aboriginal,East Arnhem,81
2017,Final,Male,20-,Non-Aboriginal,Greater Darwin,4798
2017,Final,Male,20-,Non-Aboriginal,Top End,88
2017,Final,Female,20-,Aboriginal,Barkly,242
2017,Final,Female,20-,Aboriginal,Big Rivers,538
2017,Final,Female,20-,Aboriginal,Central Australia,742
2017,Final,Female,20-,Aboriginal,East Arnhem,494
2017,Final,Female,20-,Aboriginal,Greater Darwin,660
2017,Final,Female,20-,Aboriginal,Top End,613
2017,Final,Female,20-,Non-Aboriginal,Barkly,70
2017,Final,Female,20-,Non-Aboriginal,Big Rivers,306
2017,Final,Female,20-,Non-Aboriginal,Central Australia,600
2017,Final,Female,20-,Non-Aboriginal,East Arnhem,74
2017,Final,Female,20-,Non-Aboriginal,Greater Darwin,4065
2017,Final,Female,20-,Non-Aboriginal,Top End,89
2017,Final,Male,25-,Aboriginal,Barkly,228
2017,Final,Male,25-,Aboriginal,Big Rivers,576
2017,Final,Male,25-,Aboriginal,Central Australia,732
2017,Final,Male,25-,Aboriginal,East Arnhem,482
2017,Final,Male,25-,Aboriginal,Greater Darwin,898
2017,Final,Male,25-,Aboriginal,Top End,598
2017,Final,Male,25-,Non-Aboriginal,Barkly,103
2017,Final,Male,25-,Non-Aboriginal,Big Rivers,509
2017,Final,Male,25-,Non-Aboriginal,Central Australia,978
2017,Final,Male,25-,Non-Aboriginal,East Arnhem,164
2017,Final,Male,25-,Non-Aboriginal,Greater Darwin,6881
2017,Final,Male,25-,Non-Aboriginal,Top End,142
2017,Final,Female,25-,Aboriginal,Barkly,235
2017,Final,Female,25-,Aboriginal,Big Rivers,556
2017,Final,Female,25-,Aboriginal,Central Australia,688
2017,Final,Female,25-,Aboriginal,East Arnhem,492
2017,Final,Female,25-,Aboriginal,Greater Darwin,715
2017,Final,Female,25-,Aboriginal,Top End,590
2017,Final,Female,25-,Non-Aboriginal,Barkly,115
2017,Final,Female,25-,Non-Aboriginal,Big Rivers,449
2017,Final,Female,25-,Non-Aboriginal,Central Australia,1221
2017,Final,Female,25-,Non-Aboriginal,East Arnhem,164
2017,Final,Female,25-,Non-Aboriginal,Greater Darwin,6498
2017,Final,Female,25-,Non-Aboriginal,Top End,161
2017,Final,Male,30-,Aboriginal,Barkly,211
2017,Final,Male,30-,Aboriginal,Big Rivers,465
2017,Final,Male,30-,Aboriginal,Central Australia,692
2017,Final,Male,30-,Aboriginal,East Arnhem,458
2017,Final,Male,30-,Aboriginal,Greater Darwin,812
2017,Final,Male,30-,Aboriginal,Top End,522
2017,Final,Male,30-,Non-Aboriginal,Barkly,103
2017,Final,Male,30-,Non-Aboriginal,Big Rivers,450
2017,Final,Male,30-,Non-Aboriginal,Central Australia,1110
2017,Final,Male,30-,Non-Aboriginal,East Arnhem,180
2017,Final,Male,30-,Non-Aboriginal,Greater Darwin,6973
2017,Final,Male,30-,Non-Aboriginal,Top End,161
2017,Final,Female,30-,Aboriginal,Barkly,202
2017,Final,Female,30-,Aboriginal,Big Rivers,475
2017,Final,Female,30-,Aboriginal,Central Australia,686
2017,Final,Female,30-,Aboriginal,East Arnhem,469
2017,Final,Female,30-,Aboriginal,Greater Darwin,611
2017,Final,Female,30-,Aboriginal,Top End,579
2017,Final,Female,30-,Non-Aboriginal,Barkly,99
2017,Final,Female,30-,Non-Aboriginal,Big Rivers,435
2017,Final,Female,30-,Non-Aboriginal,Central Australia,1131
2017,Final,Female,30-,Non-Aboriginal,East Arnhem,217
2017,Final,Female,30-,Non-Aboriginal,Greater Darwin,6588
2017,Final,Female,30-,Non-Aboriginal,Top End,184
2017,Final,Male,35-,Aboriginal,Barkly,167
2017,Final,Male,35-,Aboriginal,Big Rivers,369
2017,Final,Male,35-,Aboriginal,Central Australia,536
2017,Final,Male,35-,Aboriginal,East Arnhem,352
2017,Final,Male,35-,Aboriginal,Greater Darwin,672
2017,Final,Male,35-,Aboriginal,Top End,501
2017,Final,Male,35-,Non-Aboriginal,Barkly,77
2017,Final,Male,35-,Non-Aboriginal,Big Rivers,352
2017,Final,Male,35-,Non-Aboriginal,Central Australia,885
2017,Final,Male,35-,Non-Aboriginal,East Arnhem,206
2017,Final,Male,35-,Non-Aboriginal,Greater Darwin,5833
2017,Final,Male,35-,Non-Aboriginal,Top End,160
2017,Final,Female,35-,Aboriginal,Barkly,176
2017,Final,Female,35-,Aboriginal,Big Rivers,405
2017,Final,Female,35-,Aboriginal,Central Australia,583
2017,Final,Female,35-,Aboriginal,East Arnhem,393
2017,Final,Female,35-,Aboriginal,Greater Darwin,556
2017,Final,Female,35-,Aboriginal,Top End,471
2017,Final,Female,35-,Non-Aboriginal,Barkly,64
2017,Final,Female,35-,Non-Aboriginal,Big Rivers,319
2017,Final,Female,35-,Non-Aboriginal,Central Australia,918
2017,Final,Female,35-,Non-Aboriginal,East Arnhem,213
2017,Final,Female,35-,Non-Aboriginal,Greater Darwin,5418
2017,Final,Female,35-,Non-Aboriginal,Top End,151
2017,Final,Male,40-,Aboriginal,Barkly,143
2017,Final,Male,40-,Aboriginal,Big Rivers,337
2017,Final,Male,40-,Aboriginal,Central Australia,555
2017,Final,Male,40-,Aboriginal,East Arnhem,320
2017,Final,Male,40-,Aboriginal,Greater Darwin,615
2017,Final,Male,40-,Aboriginal,Top End,432
2017,Final,Male,40-,Non-Aboriginal,Barkly,65
2017,Final,Male,40-,Non-Aboriginal,Big Rivers,277
2017,Final,Male,40-,Non-Aboriginal,Central Australia,781
2017,Final,Male,40-,Non-Aboriginal,East Arnhem,184
2017,Final,Male,40-,Non-Aboriginal,Greater Darwin,5168
2017,Final,Male,40-,Non-Aboriginal,Top End,172
2017,Final,Female,40-,Aboriginal,Barkly,154
2017,Final,Female,40-,Aboriginal,Big Rivers,320
2017,Final,Female,40-,Aboriginal,Central Australia,615
2017,Final,Female,40-,Aboriginal,East Arnhem,361
2017,Final,Female,40-,Aboriginal,Greater Darwin,552
2017,Final,Female,40-,Aboriginal,Top End,395
2017,Final,Female,40-,Non-Aboriginal,Barkly,62
2017,Final,Female,40-,Non-Aboriginal,Big Rivers,261
2017,Final,Female,40-,Non-Aboriginal,Central Australia,732
2017,Final,Female,40-,Non-Aboriginal,East Arnhem,174
2017,Final,Female,40-,Non-Aboriginal,Greater Darwin,4526
2017,Final,Female,40-,Non-Aboriginal,Top End,147
2017,Final,Male,45-,Aboriginal,Barkly,149
2017,Final,Male,45-,Aboriginal,Big Rivers,361
2017,Final,Male,45-,Aboriginal,Central Australia,533
2017,Final,Male,45-,Aboriginal,East Arnhem,268
2017,Final,Male,45-,Aboriginal,Greater Darwin,557
2017,Final,Male,45-,Aboriginal,Top End,385
2017,Final,Male,45-,Non-Aboriginal,Barkly,86
2017,Final,Male,45-,Non-Aboriginal,Big Rivers,356
2017,Final,Male,45-,Non-Aboriginal,Central Australia,821
2017,Final,Male,45-,Non-Aboriginal,East Arnhem,190
2017,Final,Male,45-,Non-Aboriginal,Greater Darwin,5029
2017,Final,Male,45-,Non-Aboriginal,Top End,197
2017,Final,Female,45-,Aboriginal,Barkly,157
2017,Final,Female,45-,Aboriginal,Big Rivers,422
2017,Final,Female,45-,Aboriginal,Central Australia,570
2017,Final,Female,45-,Aboriginal,East Arnhem,320
2017,Final,Female,45-,Aboriginal,Greater Darwin,546
2017,Final,Female,45-,Aboriginal,Top End,392
2017,Final,Female,45-,Non-Aboriginal,Barkly,62
2017,Final,Female,45-,Non-Aboriginal,Big Rivers,309
2017,Final,Female,45-,Non-Aboriginal,Central Australia,806
2017,Final,Female,45-,Non-Aboriginal,East Arnhem,144
2017,Final,Female,45-,Non-Aboriginal,Greater Darwin,4451
2017,Final,Female,45-,Non-Aboriginal,Top End,192
2017,Final,Male,5-,Aboriginal,Barkly,283
2017,Final,Male,5-,Aboriginal,Big Rivers,691
2017,Final,Male,5-,Aboriginal,Central Australia,785
2017,Final,Male,5-,Aboriginal,East Arnhem,491
2017,Final,Male,5-,Aboriginal,Greater Darwin,979
2017,Final,Male,5-,Aboriginal,Top End,690
2017,Final,Male,5-,Non-Aboriginal,Barkly,50
2017,Final,Male,5-,Non-Aboriginal,Big Rivers,283
2017,Final,Male,5-,Non-Aboriginal,Central Australia,690
2017,Final,Male,5-,Non-Aboriginal,East Arnhem,214
2017,Final,Male,5-,Non-Aboriginal,Greater Darwin,4230
2017,Final,Male,5-,Non-Aboriginal,Top End,131
2017,Final,Female,5-,Aboriginal,Barkly,273
2017,Final,Female,5-,Aboriginal,Big Rivers,641
2017,Final,Female,5-,Aboriginal,Central Australia,737
2017,Final,Female,5-,Aboriginal,East Arnhem,497
2017,Final,Female,5-,Aboriginal,Greater Darwin,906
2017,Final,Female,5-,Aboriginal,Top End,639
2017,Final,Female,5-,Non-Aboriginal,Barkly,56
2017,Final,Female,5-,Non-Aboriginal,Big Rivers,252
2017,Final,Female,5-,Non-Aboriginal,Central Australia,651
2017,Final,Female,5-,Non-Aboriginal,East Arnhem,203
2017,Final,Female,5-,Non-Aboriginal,Greater Darwin,4012
2017,Final,Female,5-,Non-Aboriginal,Top End,120
2017,Final,Male,50-,Aboriginal,Barkly,124
2017,Final,Male,50-,Aboriginal,Big Rivers,277
2017,Final,Male,50-,Aboriginal,Central Australia,372
2017,Final,Male,50-,Aboriginal,East Arnhem,232
2017,Final,Male,50-,Aboriginal,Greater Darwin,443
2017,Final,Male,50-,Aboriginal,Top End,324
2017,Final,Male,50-,Non-Aboriginal,Barkly,92
2017,Final,Male,50-,Non-Aboriginal,Big Rivers,339
2017,Final,Male,50-,Non-Aboriginal,Central Australia,839
2017,Final,Male,50-,Non-Aboriginal,East Arnhem,168
2017,Final,Male,50-,Non-Aboriginal,Greater Darwin,4604
2017,Final,Male,50-,Non-Aboriginal,Top End,234
2017,Final,Female,50-,Aboriginal,Barkly,134
2017,Final,Female,50-,Aboriginal,Big Rivers,303
2017,Final,Female,50-,Aboriginal,Central Australia,473
2017,Final,Female,50-,Aboriginal,East Arnhem,261
2017,Final,Female,50-,Aboriginal,Greater Darwin,456
2017,Final,Female,50-,Aboriginal,Top End,351
2017,Final,Female,50-,Non-Aboriginal,Barkly,70
2017,Final,Female,50-,Non-Aboriginal,Big Rivers,311
2017,Final,Female,50-,Non-Aboriginal,Central Australia,840
2017,Final,Female,50-,Non-Aboriginal,East Arnhem,134
2017,Final,Female,50-,Non-Aboriginal,Greater Darwin,3914
2017,Final,Female,50-,Non-Aboriginal,Top End,193
2017,Final,Male,55-,Aboriginal,Barkly,90
2017,Final,Male,55-,Aboriginal,Big Rivers,213
2017,Final,Male,55-,Aboriginal,Central Australia,300
2017,Final,Male,55-,Aboriginal,East Arnhem,174
2017,Final,Male,55-,Aboriginal,Greater Darwin,361
2017,Final,Male,55-,Aboriginal,Top End,208
2017,Final,Male,55-,Non-Aboriginal,Barkly,90
2017,Final,Male,55-,Non-Aboriginal,Big Rivers,319
2017,Final,Male,55-,Non-Aboriginal,Central Australia,840
2017,Final,Male,55-,Non-Aboriginal,East Arnhem,140
2017,Final,Male,55-,Non-Aboriginal,Greater Darwin,4155
2017,Final,Male,55-,Non-Aboriginal,Top End,228
2017,Final,Female,55-,Aboriginal,Barkly,96
2017,Final,Female,55-,Aboriginal,Big Rivers,235
2017,Final,Female,55-,Aboriginal,Central Australia,396
2017,Final,Female,55-,Aboriginal,East Arnhem,206
2017,Final,Female,55-,Aboriginal,Greater Darwin,372
2017,Final,Female,55-,Aboriginal,Top End,245
2017,Final,Female,55-,Non-Aboriginal,Barkly,78
2017,Final,Female,55-,Non-Aboriginal,Big Rivers,310
2017,Final,Female,55-,Non-Aboriginal,Central Australia,822
2017,Final,Female,55-,Non-Aboriginal,East Arnhem,122
2017,Final,Female,55-,Non-Aboriginal,Greater Darwin,3588
2017,Final,Female,55-,Non-Aboriginal,Top End,185
2017,Final,Male,60-,Aboriginal,Barkly,57
2017,Final,Male,60-,Aboriginal,Big Rivers,153
2017,Final,Male,60-,Aboriginal,Central Australia,208
2017,Final,Male,60-,Aboriginal,East Arnhem,119
2017,Final,Male,60-,Aboriginal,Greater Darwin,274
2017,Final,Male,60-,Aboriginal,Top End,165
2017,Final,Male,60-,Non-Aboriginal,Barkly,78
2017,Final,Male,60-,Non-Aboriginal,Big Rivers,321
2017,Final,Male,60-,Non-Aboriginal,Central Australia,734
2017,Final,Male,60-,Non-Aboriginal,East Arnhem,91
2017,Final,Male,60-,Non-Aboriginal,Greater Darwin,3361
2017,Final,Male,60-,Non-Aboriginal,Top End,234
2017,Final,Female,60-,Aboriginal,Barkly,96
2017,Final,Female,60-,Aboriginal,Big Rivers,155
2017,Final,Female,60-,Aboriginal,Central Australia,292
2017,Final,Female,60-,Aboriginal,East Arnhem,153
2017,Final,Female,60-,Aboriginal,Greater Darwin,304
2017,Final,Female,60-,Aboriginal,Top End,186
2017,Final,Female,60-,Non-Aboriginal,Barkly,79
2017,Final,Female,60-,Non-Aboriginal,Big Rivers,238
2017,Final,Female,60-,Non-Aboriginal,Central Australia,618
2017,Final,Female,60-,Non-Aboriginal,East Arnhem,68
2017,Final,Female,60-,Non-Aboriginal,Greater Darwin,2850
2017,Final,Female,60-,Non-Aboriginal,Top End,170
2017,Final,Male,65-,Aboriginal,Barkly,44
2017,Final,Male,65-,Aboriginal,Big Rivers,90
2017,Final,Male,65-,Aboriginal,Central Australia,122
2017,Final,Male,65-,Aboriginal,East Arnhem,67
2017,Final,Male,65-,Aboriginal,Greater Darwin,163
2017,Final,Male,65-,Aboriginal,Top End,76
2017,Final,Male,65-,Non-Aboriginal,Barkly,61
2017,Final,Male,65-,Non-Aboriginal,Big Rivers,259
2017,Final,Male,65-,Non-Aboriginal,Central Australia,445
2017,Final,Male,65-,Non-Aboriginal,East Arnhem,72
2017,Final,Male,65-,Non-Aboriginal,Greater Darwin,2653
2017,Final,Male,65-,Non-Aboriginal,Top End,179
2017,Final,Female,65-,Aboriginal,Barkly,53
2017,Final,Female,65-,Aboriginal,Big Rivers,107
2017,Final,Female,65-,Aboriginal,Central Australia,197
2017,Final,Female,65-,Aboriginal,East Arnhem,72
2017,Final,Female,65-,Aboriginal,Greater Darwin,189
2017,Final,Female,65-,Aboriginal,Top End,100
2017,Final,Female,65-,Non-Aboriginal,Barkly,35
2017,Final,Female,65-,Non-Aboriginal,Big Rivers,170
2017,Final,Female,65-,Non-Aboriginal,Central Australia,374
2017,Final,Female,65-,Non-Aboriginal,East Arnhem,38
2017,Final,Female,65-,Non-Aboriginal,Greater Darwin,2114
2017,Final,Female,65-,Non-Aboriginal,Top End,128
2017,Final,Male,70-,Aboriginal,Barkly,33
2017,Final,Male,70-,Aboriginal,Big Rivers,55
2017,Final,Male,70-,Aboriginal,Central Australia,72
2017,Final,Male,70-,Aboriginal,East Arnhem,32
2017,Final,Male,70-,Aboriginal,Greater Darwin,78
2017,Final,Male,70-,Aboriginal,Top End,34
2017,Final,Male,70-,Non-Aboriginal,Barkly,33
2017,Final,Male,70-,Non-Aboriginal,Big Rivers,180
2017,Final,Male,70-,Non-Aboriginal,Central Australia,245
2017,Final,Male,70-,Non-Aboriginal,East Arnhem,26
2017,Final,Male,70-,Non-Aboriginal,Greater Darwin,1664
2017,Final,Male,70-,Non-Aboriginal,Top End,127
2017,Final,Female,70-,Aboriginal,Barkly,34
2017,Final,Female,70-,Aboriginal,Big Rivers,68
2017,Final,Female,70-,Aboriginal,Central Australia,154
2017,Final,Female,70-,Aboriginal,East Arnhem,38
2017,Final,Female,70-,Aboriginal,Greater Darwin,93
2017,Final,Female,70-,Aboriginal,Top End,41
2017,Final,Female,70-,Non-Aboriginal,Barkly,16
2017,Final,Female,70-,Non-Aboriginal,Big Rivers,91
2017,Final,Female,70-,Non-Aboriginal,Central Australia,212
2017,Final,Female,70-,Non-Aboriginal,East Arnhem,13
2017,Final,Female,70-,Non-Aboriginal,Greater Darwin,1332
2017,Final,Female,70-,Non-Aboriginal,Top End,54
2017,Final,Male,75-,Aboriginal,Barkly,8
2017,Final,Male,75-,Aboriginal,Big Rivers,23
2017,Final,Male,75-,Aboriginal,Central Australia,50
2017,Final,Male,75-,Aboriginal,East Arnhem,8
2017,Final,Male,75-,Aboriginal,Greater Darwin,42
2017,Final,Male,75-,Aboriginal,Top End,20
2017,Final,Male,75-,Non-Aboriginal,Barkly,29
2017,Final,Male,75-,Non-Aboriginal,Big Rivers,118
2017,Final,Male,75-,Non-Aboriginal,Central Australia,150
2017,Final,Male,75-,Non-Aboriginal,East Arnhem,13
2017,Final,Male,75-,Non-Aboriginal,Greater Darwin,973
2017,Final,Male,75-,Non-Aboriginal,Top End,59
2017,Final,Female,75-,Aboriginal,Barkly,13
2017,Final,Female,75-,Aboriginal,Big Rivers,36
2017,Final,Female,75-,Aboriginal,Central Australia,75
2017,Final,Female,75-,Aboriginal,East Arnhem,18
2017,Final,Female,75-,Aboriginal,Greater Darwin,58
2017,Final,Female,75-,Aboriginal,Top End,29
2017,Final,Female,75-,Non-Aboriginal,Barkly,13
2017,Final,Female,75-,Non-Aboriginal,Big Rivers,60
2017,Final,Female,75-,Non-Aboriginal,Central Australia,139
2017,Final,Female,75-,Non-Aboriginal,East Arnhem,4
2017,Final,Female,75-,Non-Aboriginal,Greater Darwin,833
2017,Final,Female,75-,Non-Aboriginal,Top End,22
2017,Final,Male,80-,Aboriginal,Barkly,10
2017,Final,Male,80-,Aboriginal,Big Rivers,24
2017,Final,Male,80-,Aboriginal,Central Australia,23
2017,Final,Male,80-,Aboriginal,East Arnhem,7
2017,Final,Male,80-,Aboriginal,Greater Darwin,7
2017,Final,Male,80-,Aboriginal,Top End,6
2017,Final,Male,80-,Non-Aboriginal,Barkly,2
2017,Final,Male,80-,Non-Aboriginal,Big Rivers,38
2017,Final,Male,80-,Non-Aboriginal,Central Australia,60
2017,Final,Male,80-,Non-Aboriginal,East Arnhem,2
2017,Final,Male,80-,Non-Aboriginal,Greater Darwin,417
2017,Final,Male,80-,Non-Aboriginal,Top End,11
2017,Final,Female,80-,Aboriginal,Barkly,16
2017,Final,Female,80-,Aboriginal,Big Rivers,28
2017,Final,Female,80-,Aboriginal,Central Australia,74
2017,Final,Female,80-,Aboriginal,East Arnhem,4
2017,Final,Female,80-,Aboriginal,Greater Darwin,28
2017,Final,Female,80-,Aboriginal,Top End,16
2017,Final,Female,80-,Non-Aboriginal,Barkly,2
2017,Final,Female,80-,Non-Aboriginal,Big Rivers,25
2017,Final,Female,80-,Non-Aboriginal,Central Australia,103
2017,Final,Female,80-,Non-Aboriginal,East Arnhem,3
2017,Final,Female,80-,Non-Aboriginal,Greater Darwin,415
2017,Final,Female,80-,Non-Aboriginal,Top End,6
2017,Final,Male,85+,Aboriginal,Barkly,0
2017,Final,Male,85+,Aboriginal,Big Rivers,30
2017,Final,Male,85+,Aboriginal,Central Australia,8
2017,Final,Male,85+,Aboriginal,East Arnhem,1
2017,Final,Male,85+,Aboriginal,Greater Darwin,11
2017,Final,Male,85+,Aboriginal,Top End,5
2017,Final,Male,85+,Non-Aboriginal,Barkly,1
2017,Final,Male,85+,Non-Aboriginal,Big Rivers,25
2017,Final,Male,85+,Non-Aboriginal,Central Australia,37
2017,Final,Male,85+,Non-Aboriginal,East Arnhem,1
2017,Final,Male,85+,Non-Aboriginal,Greater Darwin,297
2017,Final,Male,85+,Non-Aboriginal,Top End,10
2017,Final,Female,85+,Aboriginal,Barkly,0
2017,Final,Female,85+,Aboriginal,Big Rivers,15
2017,Final,Female,85+,Aboriginal,Central Australia,43
2017,Final,Female,85+,Aboriginal,East Arnhem,0
2017,Final,Female,85+,Aboriginal,Greater Darwin,24
2017,Final,Female,85+,Aboriginal,Top End,15
2017,Final,Female,85+,Non-Aboriginal,Barkly,0
2017,Final,Female,85+,Non-Aboriginal,Big Rivers,19
2017,Final,Female,85+,Non-Aboriginal,Central Australia,103
2017,Final,Female,85+,Non-Aboriginal,East Arnhem,0
2017,Final,Female,85+,Non-Aboriginal,Greater Darwin,365
2017,Final,Female,85+,Non-Aboriginal,Top End,5
2018,Final,Male,0-,Aboriginal,Barkly,272
2018,Final,Male,0-,Aboriginal,Big Rivers,630
2018,Final,Male,0-,Aboriginal,Central Australia,725
2018,Final,Male,0-,Aboriginal,East Arnhem,457
2018,Final,Male,0-,Aboriginal,Greater Darwin,947
2018,Final,Male,0-,Aboriginal,Top End,580
2018,Final,Male,0-,Non-Aboriginal,Barkly,63
2018,Final,Male,0-,Non-Aboriginal,Big Rivers,287
2018,Final,Male,0-,Non-Aboriginal,Central Australia,774
2018,Final,Male,0-,Non-Aboriginal,East Arnhem,174
2018,Final,Male,0-,Non-Aboriginal,Greater Darwin,4609
2018,Final,Male,0-,Non-Aboriginal,Top End,118
2018,Final,Female,0-,Aboriginal,Barkly,230
2018,Final,Female,0-,Aboriginal,Big Rivers,603
2018,Final,Female,0-,Aboriginal,Central Australia,687
2018,Final,Female,0-,Aboriginal,East Arnhem,357
2018,Final,Female,0-,Aboriginal,Greater Darwin,868
2018,Final,Female,0-,Aboriginal,Top End,513
2018,Final,Female,0-,Non-Aboriginal,Barkly,60
2018,Final,Female,0-,Non-Aboriginal,Big Rivers,316
2018,Final,Female,0-,Non-Aboriginal,Central Australia,659
2018,Final,Female,0-,Non-Aboriginal,East Arnhem,154
2018,Final,Female,0-,Non-Aboriginal,Greater Darwin,4459
2018,Final,Female,0-,Non-Aboriginal,Top End,111
2018,Final,Male,10-,Aboriginal,Barkly,290
2018,Final,Male,10-,Aboriginal,Big Rivers,637
2018,Final,Male,10-,Aboriginal,Central Australia,710
2018,Final,Male,10-,Aboriginal,East Arnhem,541
2018,Final,Male,10-,Aboriginal,Greater Darwin,999
2018,Final,Male,10-,Aboriginal,Top End,674
2018,Final,Male,10-,Non-Aboriginal,Barkly,28
2018,Final,Male,10-,Non-Aboriginal,Big Rivers,202
2018,Final,Male,10-,Non-Aboriginal,Central Australia,583
2018,Final,Male,10-,Non-Aboriginal,East Arnhem,143
2018,Final,Male,10-,Non-Aboriginal,Greater Darwin,3653
2018,Final,Male,10-,Non-Aboriginal,Top End,74
2018,Final,Female,10-,Aboriginal,Barkly,215
2018,Final,Female,10-,Aboriginal,Big Rivers,619
2018,Final,Female,10-,Aboriginal,Central Australia,719
2018,Final,Female,10-,Aboriginal,East Arnhem,462
2018,Final,Female,10-,Aboriginal,Greater Darwin,941
2018,Final,Female,10-,Aboriginal,Top End,590
2018,Final,Female,10-,Non-Aboriginal,Barkly,33
2018,Final,Female,10-,Non-Aboriginal,Big Rivers,191
2018,Final,Female,10-,Non-Aboriginal,Central Australia,541
2018,Final,Female,10-,Non-Aboriginal,East Arnhem,144
2018,Final,Female,10-,Non-Aboriginal,Greater Darwin,3511
2018,Final,Female,10-,Non-Aboriginal,Top End,85
2018,Final,Male,15-,Aboriginal,Barkly,235
2018,Final,Male,15-,Aboriginal,Big Rivers,642
2018,Final,Male,15-,Aboriginal,Central Australia,702
2018,Final,Male,15-,Aboriginal,East Arnhem,648
2018,Final,Male,15-,Aboriginal,Greater Darwin,819
2018,Final,Male,15-,Aboriginal,Top End,612
2018,Final,Male,15-,Non-Aboriginal,Barkly,51
2018,Final,Male,15-,Non-Aboriginal,Big Rivers,207
2018,Final,Male,15-,Non-Aboriginal,Central Australia,538
2018,Final,Male,15-,Non-Aboriginal,East Arnhem,89
2018,Final,Male,15-,Non-Aboriginal,Greater Darwin,3361
2018,Final,Male,15-,Non-Aboriginal,Top End,74
2018,Final,Female,15-,Aboriginal,Barkly,222
2018,Final,Female,15-,Aboriginal,Big Rivers,588
2018,Final,Female,15-,Aboriginal,Central Australia,655
2018,Final,Female,15-,Aboriginal,East Arnhem,578
2018,Final,Female,15-,Aboriginal,Greater Darwin,748
2018,Final,Female,15-,Aboriginal,Top End,590
2018,Final,Female,15-,Non-Aboriginal,Barkly,37
2018,Final,Female,15-,Non-Aboriginal,Big Rivers,192
2018,Final,Female,15-,Non-Aboriginal,Central Australia,450
2018,Final,Female,15-,Non-Aboriginal,East Arnhem,68
2018,Final,Female,15-,Non-Aboriginal,Greater Darwin,2968
2018,Final,Female,15-,Non-Aboriginal,Top End,56
2018,Final,Male,20-,Aboriginal,Barkly,239
2018,Final,Male,20-,Aboriginal,Big Rivers,561
2018,Final,Male,20-,Aboriginal,Central Australia,791
2018,Final,Male,20-,Aboriginal,East Arnhem,471
2018,Final,Male,20-,Aboriginal,Greater Darwin,877
2018,Final,Male,20-,Aboriginal,Top End,574
2018,Final,Male,20-,Non-Aboriginal,Barkly,99
2018,Final,Male,20-,Non-Aboriginal,Big Rivers,364
2018,Final,Male,20-,Non-Aboriginal,Central Australia,566
2018,Final,Male,20-,Non-Aboriginal,East Arnhem,82
2018,Final,Male,20-,Non-Aboriginal,Greater Darwin,4785
2018,Final,Male,20-,Non-Aboriginal,Top End,87
2018,Final,Female,20-,Aboriginal,Barkly,234
2018,Final,Female,20-,Aboriginal,Big Rivers,548
2018,Final,Female,20-,Aboriginal,Central Australia,731
2018,Final,Female,20-,Aboriginal,East Arnhem,508
2018,Final,Female,20-,Aboriginal,Greater Darwin,642
2018,Final,Female,20-,Aboriginal,Top End,605
2018,Final,Female,20-,Non-Aboriginal,Barkly,67
2018,Final,Female,20-,Non-Aboriginal,Big Rivers,312
2018,Final,Female,20-,Non-Aboriginal,Central Australia,591
2018,Final,Female,20-,Non-Aboriginal,East Arnhem,76
2018,Final,Female,20-,Non-Aboriginal,Greater Darwin,3952
2018,Final,Female,20-,Non-Aboriginal,Top End,87
2018,Final,Male,25-,Aboriginal,Barkly,225
2018,Final,Male,25-,Aboriginal,Big Rivers,552
2018,Final,Male,25-,Aboriginal,Central Australia,712
2018,Final,Male,25-,Aboriginal,East Arnhem,470
2018,Final,Male,25-,Aboriginal,Greater Darwin,850
2018,Final,Male,25-,Aboriginal,Top End,585
2018,Final,Male,25-,Non-Aboriginal,Barkly,101
2018,Final,Male,25-,Non-Aboriginal,Big Rivers,486
2018,Final,Male,25-,Non-Aboriginal,Central Australia,952
2018,Final,Male,25-,Non-Aboriginal,East Arnhem,160
2018,Final,Male,25-,Non-Aboriginal,Greater Darwin,6514
2018,Final,Male,25-,Non-Aboriginal,Top End,140
2018,Final,Female,25-,Aboriginal,Barkly,239
2018,Final,Female,25-,Aboriginal,Big Rivers,562
2018,Final,Female,25-,Aboriginal,Central Australia,686
2018,Final,Female,25-,Aboriginal,East Arnhem,494
2018,Final,Female,25-,Aboriginal,Greater Darwin,696
2018,Final,Female,25-,Aboriginal,Top End,584
2018,Final,Female,25-,Non-Aboriginal,Barkly,117
2018,Final,Female,25-,Non-Aboriginal,Big Rivers,454
2018,Final,Female,25-,Non-Aboriginal,Central Australia,1217
2018,Final,Female,25-,Non-Aboriginal,East Arnhem,165
2018,Final,Female,25-,Non-Aboriginal,Greater Darwin,6326
2018,Final,Female,25-,Non-Aboriginal,Top End,160
2018,Final,Male,30-,Aboriginal,Barkly,207
2018,Final,Male,30-,Aboriginal,Big Rivers,466
2018,Final,Male,30-,Aboriginal,Central Australia,693
2018,Final,Male,30-,Aboriginal,East Arnhem,445
2018,Final,Male,30-,Aboriginal,Greater Darwin,788
2018,Final,Male,30-,Aboriginal,Top End,496
2018,Final,Male,30-,Non-Aboriginal,Barkly,101
2018,Final,Male,30-,Non-Aboriginal,Big Rivers,451
2018,Final,Male,30-,Non-Aboriginal,Central Australia,1110
2018,Final,Male,30-,Non-Aboriginal,East Arnhem,175
2018,Final,Male,30-,Non-Aboriginal,Greater Darwin,6767
2018,Final,Male,30-,Non-Aboriginal,Top End,152
2018,Final,Female,30-,Aboriginal,Barkly,209
2018,Final,Female,30-,Aboriginal,Big Rivers,492
2018,Final,Female,30-,Aboriginal,Central Australia,718
2018,Final,Female,30-,Aboriginal,East Arnhem,480
2018,Final,Female,30-,Aboriginal,Greater Darwin,619
2018,Final,Female,30-,Aboriginal,Top End,574
2018,Final,Female,30-,Non-Aboriginal,Barkly,102
2018,Final,Female,30-,Non-Aboriginal,Big Rivers,452
2018,Final,Female,30-,Non-Aboriginal,Central Australia,1184
2018,Final,Female,30-,Non-Aboriginal,East Arnhem,222
2018,Final,Female,30-,Non-Aboriginal,Greater Darwin,6667
2018,Final,Female,30-,Non-Aboriginal,Top End,182
2018,Final,Male,35-,Aboriginal,Barkly,170
2018,Final,Male,35-,Aboriginal,Big Rivers,382
2018,Final,Male,35-,Aboriginal,Central Australia,565
2018,Final,Male,35-,Aboriginal,East Arnhem,369
2018,Final,Male,35-,Aboriginal,Greater Darwin,675
2018,Final,Male,35-,Aboriginal,Top End,498
2018,Final,Male,35-,Non-Aboriginal,Barkly,79
2018,Final,Male,35-,Non-Aboriginal,Big Rivers,366
2018,Final,Male,35-,Non-Aboriginal,Central Australia,935
2018,Final,Male,35-,Non-Aboriginal,East Arnhem,215
2018,Final,Male,35-,Non-Aboriginal,Greater Darwin,5853
2018,Final,Male,35-,Non-Aboriginal,Top End,159
2018,Final,Female,35-,Aboriginal,Barkly,181
2018,Final,Female,35-,Aboriginal,Big Rivers,425
2018,Final,Female,35-,Aboriginal,Central Australia,603
2018,Final,Female,35-,Aboriginal,East Arnhem,408
2018,Final,Female,35-,Aboriginal,Greater Darwin,568
2018,Final,Female,35-,Aboriginal,Top End,469
2018,Final,Female,35-,Non-Aboriginal,Barkly,66
2018,Final,Female,35-,Non-Aboriginal,Big Rivers,336
2018,Final,Female,35-,Non-Aboriginal,Central Australia,948
2018,Final,Female,35-,Non-Aboriginal,East Arnhem,221
2018,Final,Female,35-,Non-Aboriginal,Greater Darwin,5533
2018,Final,Female,35-,Non-Aboriginal,Top End,150
2018,Final,Male,40-,Aboriginal,Barkly,145
2018,Final,Male,40-,Aboriginal,Big Rivers,334
2018,Final,Male,40-,Aboriginal,Central Australia,542
2018,Final,Male,40-,Aboriginal,East Arnhem,320
2018,Final,Male,40-,Aboriginal,Greater Darwin,600
2018,Final,Male,40-,Aboriginal,Top End,425
2018,Final,Male,40-,Non-Aboriginal,Barkly,67
2018,Final,Male,40-,Non-Aboriginal,Big Rivers,275
2018,Final,Male,40-,Non-Aboriginal,Central Australia,762
2018,Final,Male,40-,Non-Aboriginal,East Arnhem,185
2018,Final,Male,40-,Non-Aboriginal,Greater Darwin,5037
2018,Final,Male,40-,Non-Aboriginal,Top End,169
2018,Final,Female,40-,Aboriginal,Barkly,150
2018,Final,Female,40-,Aboriginal,Big Rivers,320
2018,Final,Female,40-,Aboriginal,Central Australia,624
2018,Final,Female,40-,Aboriginal,East Arnhem,347
2018,Final,Female,40-,Aboriginal,Greater Darwin,556
2018,Final,Female,40-,Aboriginal,Top End,399
2018,Final,Female,40-,Non-Aboriginal,Barkly,61
2018,Final,Female,40-,Non-Aboriginal,Big Rivers,261
2018,Final,Female,40-,Non-Aboriginal,Central Australia,742
2018,Final,Female,40-,Non-Aboriginal,East Arnhem,167
2018,Final,Female,40-,Non-Aboriginal,Greater Darwin,4560
2018,Final,Female,40-,Non-Aboriginal,Top End,148
2018,Final,Male,45-,Aboriginal,Barkly,144
2018,Final,Male,45-,Aboriginal,Big Rivers,349
2018,Final,Male,45-,Aboriginal,Central Australia,537
2018,Final,Male,45-,Aboriginal,East Arnhem,270
2018,Final,Male,45-,Aboriginal,Greater Darwin,556
2018,Final,Male,45-,Aboriginal,Top End,383
2018,Final,Male,45-,Non-Aboriginal,Barkly,83
2018,Final,Male,45-,Non-Aboriginal,Big Rivers,344
2018,Final,Male,45-,Non-Aboriginal,Central Australia,826
2018,Final,Male,45-,Non-Aboriginal,East Arnhem,192
2018,Final,Male,45-,Non-Aboriginal,Greater Darwin,5015
2018,Final,Male,45-,Non-Aboriginal,Top End,196
2018,Final,Female,45-,Aboriginal,Barkly,154
2018,Final,Female,45-,Aboriginal,Big Rivers,413
2018,Final,Female,45-,Aboriginal,Central Australia,559
2018,Final,Female,45-,Aboriginal,East Arnhem,327
2018,Final,Female,45-,Aboriginal,Greater Darwin,537
2018,Final,Female,45-,Aboriginal,Top End,392
2018,Final,Female,45-,Non-Aboriginal,Barkly,61
2018,Final,Female,45-,Non-Aboriginal,Big Rivers,303
2018,Final,Female,45-,Non-Aboriginal,Central Australia,791
2018,Final,Female,45-,Non-Aboriginal,East Arnhem,148
2018,Final,Female,45-,Non-Aboriginal,Greater Darwin,4381
2018,Final,Female,45-,Non-Aboriginal,Top End,192
2018,Final,Male,5-,Aboriginal,Barkly,270
2018,Final,Male,5-,Aboriginal,Big Rivers,675
2018,Final,Male,5-,Aboriginal,Central Australia,787
2018,Final,Male,5-,Aboriginal,East Arnhem,476
2018,Final,Male,5-,Aboriginal,Greater Darwin,980
2018,Final,Male,5-,Aboriginal,Top End,664
2018,Final,Male,5-,Non-Aboriginal,Barkly,47
2018,Final,Male,5-,Non-Aboriginal,Big Rivers,276
2018,Final,Male,5-,Non-Aboriginal,Central Australia,692
2018,Final,Male,5-,Non-Aboriginal,East Arnhem,208
2018,Final,Male,5-,Non-Aboriginal,Greater Darwin,4234
2018,Final,Male,5-,Non-Aboriginal,Top End,126
2018,Final,Female,5-,Aboriginal,Barkly,267
2018,Final,Female,5-,Aboriginal,Big Rivers,644
2018,Final,Female,5-,Aboriginal,Central Australia,728
2018,Final,Female,5-,Aboriginal,East Arnhem,485
2018,Final,Female,5-,Aboriginal,Greater Darwin,905
2018,Final,Female,5-,Aboriginal,Top End,634
2018,Final,Female,5-,Non-Aboriginal,Barkly,54
2018,Final,Female,5-,Non-Aboriginal,Big Rivers,253
2018,Final,Female,5-,Non-Aboriginal,Central Australia,642
2018,Final,Female,5-,Non-Aboriginal,East Arnhem,198
2018,Final,Female,5-,Non-Aboriginal,Greater Darwin,4008
2018,Final,Female,5-,Non-Aboriginal,Top End,120
2018,Final,Male,50-,Aboriginal,Barkly,122
2018,Final,Male,50-,Aboriginal,Big Rivers,278
2018,Final,Male,50-,Aboriginal,Central Australia,365
2018,Final,Male,50-,Aboriginal,East Arnhem,220
2018,Final,Male,50-,Aboriginal,Greater Darwin,428
2018,Final,Male,50-,Aboriginal,Top End,324
2018,Final,Male,50-,Non-Aboriginal,Barkly,92
2018,Final,Male,50-,Non-Aboriginal,Big Rivers,340
2018,Final,Male,50-,Non-Aboriginal,Central Australia,824
2018,Final,Male,50-,Non-Aboriginal,East Arnhem,159
2018,Final,Male,50-,Non-Aboriginal,Greater Darwin,4441
2018,Final,Male,50-,Non-Aboriginal,Top End,234
2018,Final,Female,50-,Aboriginal,Barkly,134
2018,Final,Female,50-,Aboriginal,Big Rivers,308
2018,Final,Female,50-,Aboriginal,Central Australia,474
2018,Final,Female,50-,Aboriginal,East Arnhem,255
2018,Final,Female,50-,Aboriginal,Greater Darwin,453
2018,Final,Female,50-,Aboriginal,Top End,364
2018,Final,Female,50-,Non-Aboriginal,Barkly,71
2018,Final,Female,50-,Non-Aboriginal,Big Rivers,317
2018,Final,Female,50-,Non-Aboriginal,Central Australia,843
2018,Final,Female,50-,Non-Aboriginal,East Arnhem,131
2018,Final,Female,50-,Non-Aboriginal,Greater Darwin,3892
2018,Final,Female,50-,Non-Aboriginal,Top End,201
2018,Final,Male,55-,Aboriginal,Barkly,91
2018,Final,Male,55-,Aboriginal,Big Rivers,217
2018,Final,Male,55-,Aboriginal,Central Australia,294
2018,Final,Male,55-,Aboriginal,East Arnhem,184
2018,Final,Male,55-,Aboriginal,Greater Darwin,363
2018,Final,Male,55-,Aboriginal,Top End,221
2018,Final,Male,55-,Non-Aboriginal,Barkly,90
2018,Final,Male,55-,Non-Aboriginal,Big Rivers,327
2018,Final,Male,55-,Non-Aboriginal,Central Australia,823
2018,Final,Male,55-,Non-Aboriginal,East Arnhem,149
2018,Final,Male,55-,Non-Aboriginal,Greater Darwin,4183
2018,Final,Male,55-,Non-Aboriginal,Top End,242
2018,Final,Female,55-,Aboriginal,Barkly,100
2018,Final,Female,55-,Aboriginal,Big Rivers,247
2018,Final,Female,55-,Aboriginal,Central Australia,393
2018,Final,Female,55-,Aboriginal,East Arnhem,216
2018,Final,Female,55-,Aboriginal,Greater Darwin,382
2018,Final,Female,55-,Aboriginal,Top End,248
2018,Final,Female,55-,Non-Aboriginal,Barkly,82
2018,Final,Female,55-,Non-Aboriginal,Big Rivers,326
2018,Final,Female,55-,Non-Aboriginal,Central Australia,816
2018,Final,Female,55-,Non-Aboriginal,East Arnhem,128
2018,Final,Female,55-,Non-Aboriginal,Greater Darwin,3682
2018,Final,Female,55-,Non-Aboriginal,Top End,187
2018,Final,Male,60-,Aboriginal,Barkly,61
2018,Final,Male,60-,Aboriginal,Big Rivers,149
2018,Final,Male,60-,Aboriginal,Central Australia,208
2018,Final,Male,60-,Aboriginal,East Arnhem,125
2018,Final,Male,60-,Aboriginal,Greater Darwin,271
2018,Final,Male,60-,Aboriginal,Top End,161
2018,Final,Male,60-,Non-Aboriginal,Barkly,83
2018,Final,Male,60-,Non-Aboriginal,Big Rivers,313
2018,Final,Male,60-,Non-Aboriginal,Central Australia,737
2018,Final,Male,60-,Non-Aboriginal,East Arnhem,96
2018,Final,Male,60-,Non-Aboriginal,Greater Darwin,3317
2018,Final,Male,60-,Non-Aboriginal,Top End,227
2018,Final,Female,60-,Aboriginal,Barkly,93
2018,Final,Female,60-,Aboriginal,Big Rivers,160
2018,Final,Female,60-,Aboriginal,Central Australia,301
2018,Final,Female,60-,Aboriginal,East Arnhem,159
2018,Final,Female,60-,Aboriginal,Greater Darwin,301
2018,Final,Female,60-,Aboriginal,Top End,188
2018,Final,Female,60-,Non-Aboriginal,Barkly,76
2018,Final,Female,60-,Non-Aboriginal,Big Rivers,245
2018,Final,Female,60-,Non-Aboriginal,Central Australia,638
2018,Final,Female,60-,Non-Aboriginal,East Arnhem,71
2018,Final,Female,60-,Non-Aboriginal,Greater Darwin,2818
2018,Final,Female,60-,Non-Aboriginal,Top End,172
2018,Final,Male,65-,Aboriginal,Barkly,43
2018,Final,Male,65-,Aboriginal,Big Rivers,92
2018,Final,Male,65-,Aboriginal,Central Australia,131
2018,Final,Male,65-,Aboriginal,East Arnhem,67
2018,Final,Male,65-,Aboriginal,Greater Darwin,164
2018,Final,Male,65-,Aboriginal,Top End,83
2018,Final,Male,65-,Non-Aboriginal,Barkly,59
2018,Final,Male,65-,Non-Aboriginal,Big Rivers,264
2018,Final,Male,65-,Non-Aboriginal,Central Australia,477
2018,Final,Male,65-,Non-Aboriginal,East Arnhem,71
2018,Final,Male,65-,Non-Aboriginal,Greater Darwin,2669
2018,Final,Male,65-,Non-Aboriginal,Top End,195
2018,Final,Female,65-,Aboriginal,Barkly,59
2018,Final,Female,65-,Aboriginal,Big Rivers,110
2018,Final,Female,65-,Aboriginal,Central Australia,211
2018,Final,Female,65-,Aboriginal,East Arnhem,70
2018,Final,Female,65-,Aboriginal,Greater Darwin,198
2018,Final,Female,65-,Aboriginal,Top End,103
2018,Final,Female,65-,Non-Aboriginal,Barkly,39
2018,Final,Female,65-,Non-Aboriginal,Big Rivers,175
2018,Final,Female,65-,Non-Aboriginal,Central Australia,399
2018,Final,Female,65-,Non-Aboriginal,East Arnhem,37
2018,Final,Female,65-,Non-Aboriginal,Greater Darwin,2208
2018,Final,Female,65-,Non-Aboriginal,Top End,132
2018,Final,Male,70-,Aboriginal,Barkly,34
2018,Final,Male,70-,Aboriginal,Big Rivers,55
2018,Final,Male,70-,Aboriginal,Central Australia,71
2018,Final,Male,70-,Aboriginal,East Arnhem,37
2018,Final,Male,70-,Aboriginal,Greater Darwin,85
2018,Final,Male,70-,Aboriginal,Top End,35
2018,Final,Male,70-,Non-Aboriginal,Barkly,35
2018,Final,Male,70-,Non-Aboriginal,Big Rivers,183
2018,Final,Male,70-,Non-Aboriginal,Central Australia,242
2018,Final,Male,70-,Non-Aboriginal,East Arnhem,30
2018,Final,Male,70-,Non-Aboriginal,Greater Darwin,1811
2018,Final,Male,70-,Non-Aboriginal,Top End,130
2018,Final,Female,70-,Aboriginal,Barkly,35
2018,Final,Female,70-,Aboriginal,Big Rivers,68
2018,Final,Female,70-,Aboriginal,Central Australia,158
2018,Final,Female,70-,Aboriginal,East Arnhem,47
2018,Final,Female,70-,Aboriginal,Greater Darwin,101
2018,Final,Female,70-,Aboriginal,Top End,51
2018,Final,Female,70-,Non-Aboriginal,Barkly,16
2018,Final,Female,70-,Non-Aboriginal,Big Rivers,90
2018,Final,Female,70-,Non-Aboriginal,Central Australia,217
2018,Final,Female,70-,Non-Aboriginal,East Arnhem,16
2018,Final,Female,70-,Non-Aboriginal,Greater Darwin,1456
2018,Final,Female,70-,Non-Aboriginal,Top End,66
2018,Final,Male,75-,Aboriginal,Barkly,8
2018,Final,Male,75-,Aboriginal,Big Rivers,23
2018,Final,Male,75-,Aboriginal,Central Australia,55
2018,Final,Male,75-,Aboriginal,East Arnhem,9
2018,Final,Male,75-,Aboriginal,Greater Darwin,44
2018,Final,Male,75-,Aboriginal,Top End,22
2018,Final,Male,75-,Non-Aboriginal,Barkly,30
2018,Final,Male,75-,Non-Aboriginal,Big Rivers,118
2018,Final,Male,75-,Non-Aboriginal,Central Australia,166
2018,Final,Male,75-,Non-Aboriginal,East Arnhem,15
2018,Final,Male,75-,Non-Aboriginal,Greater Darwin,1012
2018,Final,Male,75-,Non-Aboriginal,Top End,63
2018,Final,Female,75-,Aboriginal,Barkly,13
2018,Final,Female,75-,Aboriginal,Big Rivers,36
2018,Final,Female,75-,Aboriginal,Central Australia,81
2018,Final,Female,75-,Aboriginal,East Arnhem,22
2018,Final,Female,75-,Aboriginal,Greater Darwin,61
2018,Final,Female,75-,Aboriginal,Top End,32
2018,Final,Female,75-,Non-Aboriginal,Barkly,14
2018,Final,Female,75-,Non-Aboriginal,Big Rivers,60
2018,Final,Female,75-,Non-Aboriginal,Central Australia,151
2018,Final,Female,75-,Non-Aboriginal,East Arnhem,5
2018,Final,Female,75-,Non-Aboriginal,Greater Darwin,873
2018,Final,Female,75-,Non-Aboriginal,Top End,25
2018,Final,Male,80-,Aboriginal,Barkly,12
2018,Final,Male,80-,Aboriginal,Big Rivers,23
2018,Final,Male,80-,Aboriginal,Central Australia,26
2018,Final,Male,80-,Aboriginal,East Arnhem,9
2018,Final,Male,80-,Aboriginal,Greater Darwin,8
2018,Final,Male,80-,Aboriginal,Top End,8
2018,Final,Male,80-,Non-Aboriginal,Barkly,3
2018,Final,Male,80-,Non-Aboriginal,Big Rivers,37
2018,Final,Male,80-,Non-Aboriginal,Central Australia,68
2018,Final,Male,80-,Non-Aboriginal,East Arnhem,2
2018,Final,Male,80-,Non-Aboriginal,Greater Darwin,477
2018,Final,Male,80-,Non-Aboriginal,Top End,15
2018,Final,Female,80-,Aboriginal,Barkly,14
2018,Final,Female,80-,Aboriginal,Big Rivers,27
2018,Final,Female,80-,Aboriginal,Central Australia,70
2018,Final,Female,80-,Aboriginal,East Arnhem,6
2018,Final,Female,80-,Aboriginal,Greater Darwin,31
2018,Final,Female,80-,Aboriginal,Top End,15
2018,Final,Female,80-,Non-Aboriginal,Barkly,1
2018,Final,Female,80-,Non-Aboriginal,Big Rivers,25
2018,Final,Female,80-,Non-Aboriginal,Central Australia,97
2018,Final,Female,80-,Non-Aboriginal,East Arnhem,3
2018,Final,Female,80-,Non-Aboriginal,Greater Darwin,458
2018,Final,Female,80-,Non-Aboriginal,Top End,6
2018,Final,Male,85+,Aboriginal,Barkly,0
2018,Final,Male,85+,Aboriginal,Big Rivers,30
2018,Final,Male,85+,Aboriginal,Central Australia,9
2018,Final,Male,85+,Aboriginal,East Arnhem,1
2018,Final,Male,85+,Aboriginal,Greater Darwin,12
2018,Final,Male,85+,Aboriginal,Top End,4
2018,Final,Male,85+,Non-Aboriginal,Barkly,2
2018,Final,Male,85+,Non-Aboriginal,Big Rivers,24
2018,Final,Male,85+,Non-Aboriginal,Central Australia,41
2018,Final,Male,85+,Non-Aboriginal,East Arnhem,1
2018,Final,Male,85+,Non-Aboriginal,Greater Darwin,315
2018,Final,Male,85+,Non-Aboriginal,Top End,8
2018,Final,Female,85+,Aboriginal,Barkly,3
2018,Final,Female,85+,Aboriginal,Big Rivers,18
2018,Final,Female,85+,Aboriginal,Central Australia,42
2018,Final,Female,85+,Aboriginal,East Arnhem,0
2018,Final,Female,85+,Aboriginal,Greater Darwin,25
2018,Final,Female,85+,Aboriginal,Top End,14
2018,Final,Female,85+,Non-Aboriginal,Barkly,2
2018,Final,Female,85+,Non-Aboriginal,Big Rivers,21
2018,Final,Female,85+,Non-Aboriginal,Central Australia,101
2018,Final,Female,85+,Non-Aboriginal,East Arnhem,0
2018,Final,Female,85+,Non-Aboriginal,Greater Darwin,370
2018,Final,Female,85+,Non-Aboriginal,Top End,5
2019,Final,Male,0-,Aboriginal,Barkly,261
2019,Final,Male,0-,Aboriginal,Big Rivers,615
2019,Final,Male,0-,Aboriginal,Central Australia,725
2019,Final,Male,0-,Aboriginal,East Arnhem,447
2019,Final,Male,0-,Aboriginal,Greater Darwin,928
2019,Final,Male,0-,Aboriginal,Top End,558
2019,Final,Male,0-,Non-Aboriginal,Barkly,61
2019,Final,Male,0-,Non-Aboriginal,Big Rivers,280
2019,Final,Male,0-,Non-Aboriginal,Central Australia,775
2019,Final,Male,0-,Non-Aboriginal,East Arnhem,169
2019,Final,Male,0-,Non-Aboriginal,Greater Darwin,4521
2019,Final,Male,0-,Non-Aboriginal,Top End,113
2019,Final,Female,0-,Aboriginal,Barkly,224
2019,Final,Female,0-,Aboriginal,Big Rivers,591
2019,Final,Female,0-,Aboriginal,Central Australia,691
2019,Final,Female,0-,Aboriginal,East Arnhem,335
2019,Final,Female,0-,Aboriginal,Greater Darwin,842
2019,Final,Female,0-,Aboriginal,Top End,479
2019,Final,Female,0-,Non-Aboriginal,Barkly,58
2019,Final,Female,0-,Non-Aboriginal,Big Rivers,310
2019,Final,Female,0-,Non-Aboriginal,Central Australia,662
2019,Final,Female,0-,Non-Aboriginal,East Arnhem,144
2019,Final,Female,0-,Non-Aboriginal,Greater Darwin,4329
2019,Final,Female,0-,Non-Aboriginal,Top End,103
2019,Final,Male,10-,Aboriginal,Barkly,273
2019,Final,Male,10-,Aboriginal,Big Rivers,636
2019,Final,Male,10-,Aboriginal,Central Australia,718
2019,Final,Male,10-,Aboriginal,East Arnhem,507
2019,Final,Male,10-,Aboriginal,Greater Darwin,1016
2019,Final,Male,10-,Aboriginal,Top End,685
2019,Final,Male,10-,Non-Aboriginal,Barkly,26
2019,Final,Male,10-,Non-Aboriginal,Big Rivers,201
2019,Final,Male,10-,Non-Aboriginal,Central Australia,590
2019,Final,Male,10-,Non-Aboriginal,East Arnhem,133
2019,Final,Male,10-,Non-Aboriginal,Greater Darwin,3718
2019,Final,Male,10-,Non-Aboriginal,Top End,75
2019,Final,Female,10-,Aboriginal,Barkly,225
2019,Final,Female,10-,Aboriginal,Big Rivers,626
2019,Final,Female,10-,Aboriginal,Central Australia,738
2019,Final,Female,10-,Aboriginal,East Arnhem,465
2019,Final,Female,10-,Aboriginal,Greater Darwin,947
2019,Final,Female,10-,Aboriginal,Top End,600
2019,Final,Female,10-,Non-Aboriginal,Barkly,35
2019,Final,Female,10-,Non-Aboriginal,Big Rivers,192
2019,Final,Female,10-,Non-Aboriginal,Central Australia,554
2019,Final,Female,10-,Non-Aboriginal,East Arnhem,145
2019,Final,Female,10-,Non-Aboriginal,Greater Darwin,3533
2019,Final,Female,10-,Non-Aboriginal,Top End,86
2019,Final,Male,15-,Aboriginal,Barkly,234
2019,Final,Male,15-,Aboriginal,Big Rivers,643
2019,Final,Male,15-,Aboriginal,Central Australia,694
2019,Final,Male,15-,Aboriginal,East Arnhem,654
2019,Final,Male,15-,Aboriginal,Greater Darwin,809
2019,Final,Male,15-,Aboriginal,Top End,654
2019,Final,Male,15-,Non-Aboriginal,Barkly,50
2019,Final,Male,15-,Non-Aboriginal,Big Rivers,207
2019,Final,Male,15-,Non-Aboriginal,Central Australia,531
2019,Final,Male,15-,Non-Aboriginal,East Arnhem,90
2019,Final,Male,15-,Non-Aboriginal,Greater Darwin,3321
2019,Final,Male,15-,Non-Aboriginal,Top End,78
2019,Final,Female,15-,Aboriginal,Barkly,222
2019,Final,Female,15-,Aboriginal,Big Rivers,582
2019,Final,Female,15-,Aboriginal,Central Australia,667
2019,Final,Female,15-,Aboriginal,East Arnhem,574
2019,Final,Female,15-,Aboriginal,Greater Darwin,742
2019,Final,Female,15-,Aboriginal,Top End,611
2019,Final,Female,15-,Non-Aboriginal,Barkly,37
2019,Final,Female,15-,Non-Aboriginal,Big Rivers,190
2019,Final,Female,15-,Non-Aboriginal,Central Australia,458
2019,Final,Female,15-,Non-Aboriginal,East Arnhem,67
2019,Final,Female,15-,Non-Aboriginal,Greater Darwin,2946
2019,Final,Female,15-,Non-Aboriginal,Top End,58
2019,Final,Male,20-,Aboriginal,Barkly,230
2019,Final,Male,20-,Aboriginal,Big Rivers,579
2019,Final,Male,20-,Aboriginal,Central Australia,783
2019,Final,Male,20-,Aboriginal,East Arnhem,486
2019,Final,Male,20-,Aboriginal,Greater Darwin,868
2019,Final,Male,20-,Aboriginal,Top End,569
2019,Final,Male,20-,Non-Aboriginal,Barkly,96
2019,Final,Male,20-,Non-Aboriginal,Big Rivers,376
2019,Final,Male,20-,Non-Aboriginal,Central Australia,560
2019,Final,Male,20-,Non-Aboriginal,East Arnhem,85
2019,Final,Male,20-,Non-Aboriginal,Greater Darwin,4733
2019,Final,Male,20-,Non-Aboriginal,Top End,86
2019,Final,Female,20-,Aboriginal,Barkly,223
2019,Final,Female,20-,Aboriginal,Big Rivers,558
2019,Final,Female,20-,Aboriginal,Central Australia,727
2019,Final,Female,20-,Aboriginal,East Arnhem,524
2019,Final,Female,20-,Aboriginal,Greater Darwin,624
2019,Final,Female,20-,Aboriginal,Top End,608
2019,Final,Female,20-,Non-Aboriginal,Barkly,64
2019,Final,Female,20-,Non-Aboriginal,Big Rivers,318
2019,Final,Female,20-,Non-Aboriginal,Central Australia,587
2019,Final,Female,20-,Non-Aboriginal,East Arnhem,79
2019,Final,Female,20-,Non-Aboriginal,Greater Darwin,3844
2019,Final,Female,20-,Non-Aboriginal,Top End,88
2019,Final,Male,25-,Aboriginal,Barkly,226
2019,Final,Male,25-,Aboriginal,Big Rivers,548
2019,Final,Male,25-,Aboriginal,Central Australia,718
2019,Final,Male,25-,Aboriginal,East Arnhem,464
2019,Final,Male,25-,Aboriginal,Greater Darwin,820
2019,Final,Male,25-,Aboriginal,Top End,586
2019,Final,Male,25-,Non-Aboriginal,Barkly,101
2019,Final,Male,25-,Non-Aboriginal,Big Rivers,483
2019,Final,Male,25-,Non-Aboriginal,Central Australia,960
2019,Final,Male,25-,Non-Aboriginal,East Arnhem,158
2019,Final,Male,25-,Non-Aboriginal,Greater Darwin,6289
2019,Final,Male,25-,Non-Aboriginal,Top End,140
2019,Final,Female,25-,Aboriginal,Barkly,242
2019,Final,Female,25-,Aboriginal,Big Rivers,567
2019,Final,Female,25-,Aboriginal,Central Australia,693
2019,Final,Female,25-,Aboriginal,East Arnhem,493
2019,Final,Female,25-,Aboriginal,Greater Darwin,690
2019,Final,Female,25-,Aboriginal,Top End,594
2019,Final,Female,25-,Non-Aboriginal,Barkly,118
2019,Final,Female,25-,Non-Aboriginal,Big Rivers,459
2019,Final,Female,25-,Non-Aboriginal,Central Australia,1230
2019,Final,Female,25-,Non-Aboriginal,East Arnhem,164
2019,Final,Female,25-,Non-Aboriginal,Greater Darwin,6270
2019,Final,Female,25-,Non-Aboriginal,Top End,163
2019,Final,Male,30-,Aboriginal,Barkly,211
2019,Final,Male,30-,Aboriginal,Big Rivers,475
2019,Final,Male,30-,Aboriginal,Central Australia,702
2019,Final,Male,30-,Aboriginal,East Arnhem,444
2019,Final,Male,30-,Aboriginal,Greater Darwin,766
2019,Final,Male,30-,Aboriginal,Top End,498
2019,Final,Male,30-,Non-Aboriginal,Barkly,102
2019,Final,Male,30-,Non-Aboriginal,Big Rivers,460
2019,Final,Male,30-,Non-Aboriginal,Central Australia,1126
2019,Final,Male,30-,Non-Aboriginal,East Arnhem,174
2019,Final,Male,30-,Non-Aboriginal,Greater Darwin,6580
2019,Final,Male,30-,Non-Aboriginal,Top End,153
2019,Final,Female,30-,Aboriginal,Barkly,208
2019,Final,Female,30-,Aboriginal,Big Rivers,502
2019,Final,Female,30-,Aboriginal,Central Australia,742
2019,Final,Female,30-,Aboriginal,East Arnhem,493
2019,Final,Female,30-,Aboriginal,Greater Darwin,610
2019,Final,Female,30-,Aboriginal,Top End,563
2019,Final,Female,30-,Non-Aboriginal,Barkly,102
2019,Final,Female,30-,Non-Aboriginal,Big Rivers,460
2019,Final,Female,30-,Non-Aboriginal,Central Australia,1223
2019,Final,Female,30-,Non-Aboriginal,East Arnhem,228
2019,Final,Female,30-,Non-Aboriginal,Greater Darwin,6575
2019,Final,Female,30-,Non-Aboriginal,Top End,178
2019,Final,Male,35-,Aboriginal,Barkly,166
2019,Final,Male,35-,Aboriginal,Big Rivers,396
2019,Final,Male,35-,Aboriginal,Central Australia,598
2019,Final,Male,35-,Aboriginal,East Arnhem,383
2019,Final,Male,35-,Aboriginal,Greater Darwin,666
2019,Final,Male,35-,Aboriginal,Top End,475
2019,Final,Male,35-,Non-Aboriginal,Barkly,76
2019,Final,Male,35-,Non-Aboriginal,Big Rivers,379
2019,Final,Male,35-,Non-Aboriginal,Central Australia,988
2019,Final,Male,35-,Non-Aboriginal,East Arnhem,224
2019,Final,Male,35-,Non-Aboriginal,Greater Darwin,5774
2019,Final,Male,35-,Non-Aboriginal,Top End,152
2019,Final,Female,35-,Aboriginal,Barkly,189
2019,Final,Female,35-,Aboriginal,Big Rivers,451
2019,Final,Female,35-,Aboriginal,Central Australia,618
2019,Final,Female,35-,Aboriginal,East Arnhem,424
2019,Final,Female,35-,Aboriginal,Greater Darwin,570
2019,Final,Female,35-,Aboriginal,Top End,473
2019,Final,Female,35-,Non-Aboriginal,Barkly,69
2019,Final,Female,35-,Non-Aboriginal,Big Rivers,355
2019,Final,Female,35-,Non-Aboriginal,Central Australia,973
2019,Final,Female,35-,Non-Aboriginal,East Arnhem,229
2019,Final,Female,35-,Non-Aboriginal,Greater Darwin,5560
2019,Final,Female,35-,Non-Aboriginal,Top End,152
2019,Final,Male,40-,Aboriginal,Barkly,138
2019,Final,Male,40-,Aboriginal,Big Rivers,329
2019,Final,Male,40-,Aboriginal,Central Australia,537
2019,Final,Male,40-,Aboriginal,East Arnhem,318
2019,Final,Male,40-,Aboriginal,Greater Darwin,581
2019,Final,Male,40-,Aboriginal,Top End,418
2019,Final,Male,40-,Non-Aboriginal,Barkly,63
2019,Final,Male,40-,Non-Aboriginal,Big Rivers,270
2019,Final,Male,40-,Non-Aboriginal,Central Australia,755
2019,Final,Male,40-,Non-Aboriginal,East Arnhem,184
2019,Final,Male,40-,Non-Aboriginal,Greater Darwin,4877
2019,Final,Male,40-,Non-Aboriginal,Top End,166
2019,Final,Female,40-,Aboriginal,Barkly,148
2019,Final,Female,40-,Aboriginal,Big Rivers,325
2019,Final,Female,40-,Aboriginal,Central Australia,623
2019,Final,Female,40-,Aboriginal,East Arnhem,347
2019,Final,Female,40-,Aboriginal,Greater Darwin,561
2019,Final,Female,40-,Aboriginal,Top End,400
2019,Final,Female,40-,Non-Aboriginal,Barkly,60
2019,Final,Female,40-,Non-Aboriginal,Big Rivers,264
2019,Final,Female,40-,Non-Aboriginal,Central Australia,741
2019,Final,Female,40-,Non-Aboriginal,East Arnhem,167
2019,Final,Female,40-,Non-Aboriginal,Greater Darwin,4600
2019,Final,Female,40-,Non-Aboriginal,Top End,149
2019,Final,Male,45-,Aboriginal,Barkly,139
2019,Final,Male,45-,Aboriginal,Big Rivers,333
2019,Final,Male,45-,Aboriginal,Central Australia,524
2019,Final,Male,45-,Aboriginal,East Arnhem,274
2019,Final,Male,45-,Aboriginal,Greater Darwin,540
2019,Final,Male,45-,Aboriginal,Top End,385
2019,Final,Male,45-,Non-Aboriginal,Barkly,80
2019,Final,Male,45-,Non-Aboriginal,Big Rivers,328
2019,Final,Male,45-,Non-Aboriginal,Central Australia,808
2019,Final,Male,45-,Non-Aboriginal,East Arnhem,195
2019,Final,Male,45-,Non-Aboriginal,Greater Darwin,4876
2019,Final,Male,45-,Non-Aboriginal,Top End,197
2019,Final,Female,45-,Aboriginal,Barkly,155
2019,Final,Female,45-,Aboriginal,Big Rivers,409
2019,Final,Female,45-,Aboriginal,Central Australia,554
2019,Final,Female,45-,Aboriginal,East Arnhem,333
2019,Final,Female,45-,Aboriginal,Greater Darwin,535
2019,Final,Female,45-,Aboriginal,Top End,383
2019,Final,Female,45-,Non-Aboriginal,Barkly,62
2019,Final,Female,45-,Non-Aboriginal,Big Rivers,299
2019,Final,Female,45-,Non-Aboriginal,Central Australia,784
2019,Final,Female,45-,Non-Aboriginal,East Arnhem,151
2019,Final,Female,45-,Non-Aboriginal,Greater Darwin,4368
2019,Final,Female,45-,Non-Aboriginal,Top End,187
2019,Final,Male,5-,Aboriginal,Barkly,268
2019,Final,Male,5-,Aboriginal,Big Rivers,659
2019,Final,Male,5-,Aboriginal,Central Australia,782
2019,Final,Male,5-,Aboriginal,East Arnhem,466
2019,Final,Male,5-,Aboriginal,Greater Darwin,976
2019,Final,Male,5-,Aboriginal,Top End,633
2019,Final,Male,5-,Non-Aboriginal,Barkly,47
2019,Final,Male,5-,Non-Aboriginal,Big Rivers,270
2019,Final,Male,5-,Non-Aboriginal,Central Australia,688
2019,Final,Male,5-,Non-Aboriginal,East Arnhem,203
2019,Final,Male,5-,Non-Aboriginal,Greater Darwin,4217
2019,Final,Male,5-,Non-Aboriginal,Top End,120
2019,Final,Female,5-,Aboriginal,Barkly,259
2019,Final,Female,5-,Aboriginal,Big Rivers,625
2019,Final,Female,5-,Aboriginal,Central Australia,719
2019,Final,Female,5-,Aboriginal,East Arnhem,463
2019,Final,Female,5-,Aboriginal,Greater Darwin,904
2019,Final,Female,5-,Aboriginal,Top End,629
2019,Final,Female,5-,Non-Aboriginal,Barkly,53
2019,Final,Female,5-,Non-Aboriginal,Big Rivers,246
2019,Final,Female,5-,Non-Aboriginal,Central Australia,635
2019,Final,Female,5-,Non-Aboriginal,East Arnhem,189
2019,Final,Female,5-,Non-Aboriginal,Greater Darwin,4002
2019,Final,Female,5-,Non-Aboriginal,Top End,119
2019,Final,Male,50-,Aboriginal,Barkly,122
2019,Final,Male,50-,Aboriginal,Big Rivers,282
2019,Final,Male,50-,Aboriginal,Central Australia,365
2019,Final,Male,50-,Aboriginal,East Arnhem,214
2019,Final,Male,50-,Aboriginal,Greater Darwin,421
2019,Final,Male,50-,Aboriginal,Top End,320
2019,Final,Male,50-,Non-Aboriginal,Barkly,92
2019,Final,Male,50-,Non-Aboriginal,Big Rivers,347
2019,Final,Male,50-,Non-Aboriginal,Central Australia,822
2019,Final,Male,50-,Non-Aboriginal,East Arnhem,154
2019,Final,Male,50-,Non-Aboriginal,Greater Darwin,4371
2019,Final,Male,50-,Non-Aboriginal,Top End,230
2019,Final,Female,50-,Aboriginal,Barkly,135
2019,Final,Female,50-,Aboriginal,Big Rivers,310
2019,Final,Female,50-,Aboriginal,Central Australia,474
2019,Final,Female,50-,Aboriginal,East Arnhem,263
2019,Final,Female,50-,Aboriginal,Greater Darwin,452
2019,Final,Female,50-,Aboriginal,Top End,375
2019,Final,Female,50-,Non-Aboriginal,Barkly,71
2019,Final,Female,50-,Non-Aboriginal,Big Rivers,318
2019,Final,Female,50-,Non-Aboriginal,Central Australia,844
2019,Final,Female,50-,Non-Aboriginal,East Arnhem,134
2019,Final,Female,50-,Non-Aboriginal,Greater Darwin,3885
2019,Final,Female,50-,Non-Aboriginal,Top End,207
2019,Final,Male,55-,Aboriginal,Barkly,90
2019,Final,Male,55-,Aboriginal,Big Rivers,220
2019,Final,Male,55-,Aboriginal,Central Australia,290
2019,Final,Male,55-,Aboriginal,East Arnhem,191
2019,Final,Male,55-,Aboriginal,Greater Darwin,359
2019,Final,Male,55-,Aboriginal,Top End,229
2019,Final,Male,55-,Non-Aboriginal,Barkly,89
2019,Final,Male,55-,Non-Aboriginal,Big Rivers,330
2019,Final,Male,55-,Non-Aboriginal,Central Australia,812
2019,Final,Male,55-,Non-Aboriginal,East Arnhem,154
2019,Final,Male,55-,Non-Aboriginal,Greater Darwin,4140
2019,Final,Male,55-,Non-Aboriginal,Top End,251
2019,Final,Female,55-,Aboriginal,Barkly,106
2019,Final,Female,55-,Aboriginal,Big Rivers,248
2019,Final,Female,55-,Aboriginal,Central Australia,389
2019,Final,Female,55-,Aboriginal,East Arnhem,221
2019,Final,Female,55-,Aboriginal,Greater Darwin,378
2019,Final,Female,55-,Aboriginal,Top End,247
2019,Final,Female,55-,Non-Aboriginal,Barkly,86
2019,Final,Female,55-,Non-Aboriginal,Big Rivers,327
2019,Final,Female,55-,Non-Aboriginal,Central Australia,809
2019,Final,Female,55-,Non-Aboriginal,East Arnhem,131
2019,Final,Female,55-,Non-Aboriginal,Greater Darwin,3639
2019,Final,Female,55-,Non-Aboriginal,Top End,187
2019,Final,Male,60-,Aboriginal,Barkly,62
2019,Final,Male,60-,Aboriginal,Big Rivers,148
2019,Final,Male,60-,Aboriginal,Central Australia,207
2019,Final,Male,60-,Aboriginal,East Arnhem,131
2019,Final,Male,60-,Aboriginal,Greater Darwin,268
2019,Final,Male,60-,Aboriginal,Top End,161
2019,Final,Male,60-,Non-Aboriginal,Barkly,85
2019,Final,Male,60-,Non-Aboriginal,Big Rivers,309
2019,Final,Male,60-,Non-Aboriginal,Central Australia,732
2019,Final,Male,60-,Non-Aboriginal,East Arnhem,100
2019,Final,Male,60-,Non-Aboriginal,Greater Darwin,3287
2019,Final,Male,60-,Non-Aboriginal,Top End,227
2019,Final,Female,60-,Aboriginal,Barkly,97
2019,Final,Female,60-,Aboriginal,Big Rivers,175
2019,Final,Female,60-,Aboriginal,Central Australia,313
2019,Final,Female,60-,Aboriginal,East Arnhem,164
2019,Final,Female,60-,Aboriginal,Greater Darwin,308
2019,Final,Female,60-,Aboriginal,Top End,192
2019,Final,Female,60-,Non-Aboriginal,Barkly,79
2019,Final,Female,60-,Non-Aboriginal,Big Rivers,268
2019,Final,Female,60-,Non-Aboriginal,Central Australia,663
2019,Final,Female,60-,Non-Aboriginal,East Arnhem,73
2019,Final,Female,60-,Non-Aboriginal,Greater Darwin,2879
2019,Final,Female,60-,Non-Aboriginal,Top End,176
2019,Final,Male,65-,Aboriginal,Barkly,45
2019,Final,Male,65-,Aboriginal,Big Rivers,91
2019,Final,Male,65-,Aboriginal,Central Australia,136
2019,Final,Male,65-,Aboriginal,East Arnhem,68
2019,Final,Male,65-,Aboriginal,Greater Darwin,163
2019,Final,Male,65-,Aboriginal,Top End,91
2019,Final,Male,65-,Non-Aboriginal,Barkly,61
2019,Final,Male,65-,Non-Aboriginal,Big Rivers,262
2019,Final,Male,65-,Non-Aboriginal,Central Australia,497
2019,Final,Male,65-,Non-Aboriginal,East Arnhem,73
2019,Final,Male,65-,Non-Aboriginal,Greater Darwin,2653
2019,Final,Male,65-,Non-Aboriginal,Top End,212
2019,Final,Female,65-,Aboriginal,Barkly,62
2019,Final,Female,65-,Aboriginal,Big Rivers,107
2019,Final,Female,65-,Aboriginal,Central Australia,221
2019,Final,Female,65-,Aboriginal,East Arnhem,77
2019,Final,Female,65-,Aboriginal,Greater Darwin,207
2019,Final,Female,65-,Aboriginal,Top End,109
2019,Final,Female,65-,Non-Aboriginal,Barkly,40
2019,Final,Female,65-,Non-Aboriginal,Big Rivers,170
2019,Final,Female,65-,Non-Aboriginal,Central Australia,419
2019,Final,Female,65-,Non-Aboriginal,East Arnhem,40
2019,Final,Female,65-,Non-Aboriginal,Greater Darwin,2314
2019,Final,Female,65-,Non-Aboriginal,Top End,139
2019,Final,Male,70-,Aboriginal,Barkly,35
2019,Final,Male,70-,Aboriginal,Big Rivers,59
2019,Final,Male,70-,Aboriginal,Central Australia,78
2019,Final,Male,70-,Aboriginal,East Arnhem,41
2019,Final,Male,70-,Aboriginal,Greater Darwin,90
2019,Final,Male,70-,Aboriginal,Top End,35
2019,Final,Male,70-,Non-Aboriginal,Barkly,36
2019,Final,Male,70-,Non-Aboriginal,Big Rivers,193
2019,Final,Male,70-,Non-Aboriginal,Central Australia,265
2019,Final,Male,70-,Non-Aboriginal,East Arnhem,34
2019,Final,Male,70-,Non-Aboriginal,Greater Darwin,1933
2019,Final,Male,70-,Non-Aboriginal,Top End,134
2019,Final,Female,70-,Aboriginal,Barkly,34
2019,Final,Female,70-,Aboriginal,Big Rivers,79
2019,Final,Female,70-,Aboriginal,Central Australia,163
2019,Final,Female,70-,Aboriginal,East Arnhem,43
2019,Final,Female,70-,Aboriginal,Greater Darwin,107
2019,Final,Female,70-,Aboriginal,Top End,59
2019,Final,Female,70-,Non-Aboriginal,Barkly,16
2019,Final,Female,70-,Non-Aboriginal,Big Rivers,105
2019,Final,Female,70-,Non-Aboriginal,Central Australia,223
2019,Final,Female,70-,Non-Aboriginal,East Arnhem,15
2019,Final,Female,70-,Non-Aboriginal,Greater Darwin,1547
2019,Final,Female,70-,Non-Aboriginal,Top End,78
2019,Final,Male,75-,Aboriginal,Barkly,9
2019,Final,Male,75-,Aboriginal,Big Rivers,24
2019,Final,Male,75-,Aboriginal,Central Australia,53
2019,Final,Male,75-,Aboriginal,East Arnhem,7
2019,Final,Male,75-,Aboriginal,Greater Darwin,48
2019,Final,Male,75-,Aboriginal,Top End,26
2019,Final,Male,75-,Non-Aboriginal,Barkly,33
2019,Final,Male,75-,Non-Aboriginal,Big Rivers,122
2019,Final,Male,75-,Non-Aboriginal,Central Australia,157
2019,Final,Male,75-,Non-Aboriginal,East Arnhem,12
2019,Final,Male,75-,Non-Aboriginal,Greater Darwin,1103
2019,Final,Male,75-,Non-Aboriginal,Top End,73
2019,Final,Female,75-,Aboriginal,Barkly,13
2019,Final,Female,75-,Aboriginal,Big Rivers,34
2019,Final,Female,75-,Aboriginal,Central Australia,91
2019,Final,Female,75-,Aboriginal,East Arnhem,28
2019,Final,Female,75-,Aboriginal,Greater Darwin,66
2019,Final,Female,75-,Aboriginal,Top End,36
2019,Final,Female,75-,Non-Aboriginal,Barkly,13
2019,Final,Female,75-,Non-Aboriginal,Big Rivers,58
2019,Final,Female,75-,Non-Aboriginal,Central Australia,168
2019,Final,Female,75-,Non-Aboriginal,East Arnhem,6
2019,Final,Female,75-,Non-Aboriginal,Greater Darwin,946
2019,Final,Female,75-,Non-Aboriginal,Top End,28
2019,Final,Male,80-,Aboriginal,Barkly,12
2019,Final,Male,80-,Aboriginal,Big Rivers,21
2019,Final,Male,80-,Aboriginal,Central Australia,31
2019,Final,Male,80-,Aboriginal,East Arnhem,9
2019,Final,Male,80-,Aboriginal,Greater Darwin,8
2019,Final,Male,80-,Aboriginal,Top End,9
2019,Final,Male,80-,Non-Aboriginal,Barkly,3
2019,Final,Male,80-,Non-Aboriginal,Big Rivers,34
2019,Final,Male,80-,Non-Aboriginal,Central Australia,82
2019,Final,Male,80-,Non-Aboriginal,East Arnhem,2
2019,Final,Male,80-,Non-Aboriginal,Greater Darwin,487
2019,Final,Male,80-,Non-Aboriginal,Top End,16
2019,Final,Female,80-,Aboriginal,Barkly,12
2019,Final,Female,80-,Aboriginal,Big Rivers,31
2019,Final,Female,80-,Aboriginal,Central Australia,66
2019,Final,Female,80-,Aboriginal,East Arnhem,5
2019,Final,Female,80-,Aboriginal,Greater Darwin,33
2019,Final,Female,80-,Aboriginal,Top End,13
2019,Final,Female,80-,Non-Aboriginal,Barkly,1
2019,Final,Female,80-,Non-Aboriginal,Big Rivers,28
2019,Final,Female,80-,Non-Aboriginal,Central Australia,90
2019,Final,Female,80-,Non-Aboriginal,East Arnhem,3
2019,Final,Female,80-,Non-Aboriginal,Greater Darwin,483
2019,Final,Female,80-,Non-Aboriginal,Top End,6
2019,Final,Male,85+,Aboriginal,Barkly,0
2019,Final,Male,85+,Aboriginal,Big Rivers,28
2019,Final,Male,85+,Aboriginal,Central Australia,10
2019,Final,Male,85+,Aboriginal,East Arnhem,1
2019,Final,Male,85+,Aboriginal,Greater Darwin,12
2019,Final,Male,85+,Aboriginal,Top End,3
2019,Final,Male,85+,Non-Aboriginal,Barkly,3
2019,Final,Male,85+,Non-Aboriginal,Big Rivers,22
2019,Final,Male,85+,Non-Aboriginal,Central Australia,48
2019,Final,Male,85+,Non-Aboriginal,East Arnhem,3
2019,Final,Male,85+,Non-Aboriginal,Greater Darwin,321
2019,Final,Male,85+,Non-Aboriginal,Top End,8
2019,Final,Female,85+,Aboriginal,Barkly,6
2019,Final,Female,85+,Aboriginal,Big Rivers,21
2019,Final,Female,85+,Aboriginal,Central Australia,41
2019,Final,Female,85+,Aboriginal,East Arnhem,1
2019,Final,Female,85+,Aboriginal,Greater Darwin,26
2019,Final,Female,85+,Aboriginal,Top End,13
2019,Final,Female,85+,Non-Aboriginal,Barkly,2
2019,Final,Female,85+,Non-Aboriginal,Big Rivers,25
2019,Final,Female,85+,Non-Aboriginal,Central Australia,97
2019,Final,Female,85+,Non-Aboriginal,East Arnhem,0
2019,Final,Female,85+,Non-Aboriginal,Greater Darwin,389
2019,Final,Female,85+,Non-Aboriginal,Top End,4
2020,Final,Male,0-,Aboriginal,Barkly,249
2020,Final,Male,0-,Aboriginal,Big Rivers,608
2020,Final,Male,0-,Aboriginal,Central Australia,717
2020,Final,Male,0-,Aboriginal,East Arnhem,433
2020,Final,Male,0-,Aboriginal,Greater Darwin,910
2020,Final,Male,0-,Aboriginal,Top End,527
2020,Final,Male,0-,Non-Aboriginal,Barkly,58
2020,Final,Male,0-,Non-Aboriginal,Big Rivers,278
2020,Final,Male,0-,Non-Aboriginal,Central Australia,766
2020,Final,Male,0-,Non-Aboriginal,East Arnhem,164
2020,Final,Male,0-,Non-Aboriginal,Greater Darwin,4429
2020,Final,Male,0-,Non-Aboriginal,Top End,107
2020,Final,Female,0-,Aboriginal,Barkly,237
2020,Final,Female,0-,Aboriginal,Big Rivers,569
2020,Final,Female,0-,Aboriginal,Central Australia,694
2020,Final,Female,0-,Aboriginal,East Arnhem,331
2020,Final,Female,0-,Aboriginal,Greater Darwin,823
2020,Final,Female,0-,Aboriginal,Top End,454
2020,Final,Female,0-,Non-Aboriginal,Barkly,61
2020,Final,Female,0-,Non-Aboriginal,Big Rivers,299
2020,Final,Female,0-,Non-Aboriginal,Central Australia,665
2020,Final,Female,0-,Non-Aboriginal,East Arnhem,143
2020,Final,Female,0-,Non-Aboriginal,Greater Darwin,4227
2020,Final,Female,0-,Non-Aboriginal,Top End,98
2020,Final,Male,10-,Aboriginal,Barkly,257
2020,Final,Male,10-,Aboriginal,Big Rivers,653
2020,Final,Male,10-,Aboriginal,Central Australia,733
2020,Final,Male,10-,Aboriginal,East Arnhem,484
2020,Final,Male,10-,Aboriginal,Greater Darwin,1054
2020,Final,Male,10-,Aboriginal,Top End,694
2020,Final,Male,10-,Non-Aboriginal,Barkly,25
2020,Final,Male,10-,Non-Aboriginal,Big Rivers,207
2020,Final,Male,10-,Non-Aboriginal,Central Australia,603
2020,Final,Male,10-,Non-Aboriginal,East Arnhem,127
2020,Final,Male,10-,Non-Aboriginal,Greater Darwin,3858
2020,Final,Male,10-,Non-Aboriginal,Top End,76
2020,Final,Female,10-,Aboriginal,Barkly,233
2020,Final,Female,10-,Aboriginal,Big Rivers,631
2020,Final,Female,10-,Aboriginal,Central Australia,756
2020,Final,Female,10-,Aboriginal,East Arnhem,475
2020,Final,Female,10-,Aboriginal,Greater Darwin,954
2020,Final,Female,10-,Aboriginal,Top End,607
2020,Final,Female,10-,Non-Aboriginal,Barkly,36
2020,Final,Female,10-,Non-Aboriginal,Big Rivers,194
2020,Final,Female,10-,Non-Aboriginal,Central Australia,568
2020,Final,Female,10-,Non-Aboriginal,East Arnhem,148
2020,Final,Female,10-,Non-Aboriginal,Greater Darwin,3561
2020,Final,Female,10-,Non-Aboriginal,Top End,87
2020,Final,Male,15-,Aboriginal,Barkly,234
2020,Final,Male,15-,Aboriginal,Big Rivers,631
2020,Final,Male,15-,Aboriginal,Central Australia,694
2020,Final,Male,15-,Aboriginal,East Arnhem,647
2020,Final,Male,15-,Aboriginal,Greater Darwin,808
2020,Final,Male,15-,Aboriginal,Top End,679
2020,Final,Male,15-,Non-Aboriginal,Barkly,50
2020,Final,Male,15-,Non-Aboriginal,Big Rivers,203
2020,Final,Male,15-,Non-Aboriginal,Central Australia,531
2020,Final,Male,15-,Non-Aboriginal,East Arnhem,89
2020,Final,Male,15-,Non-Aboriginal,Greater Darwin,3315
2020,Final,Male,15-,Non-Aboriginal,Top End,81
2020,Final,Female,15-,Aboriginal,Barkly,221
2020,Final,Female,15-,Aboriginal,Big Rivers,598
2020,Final,Female,15-,Aboriginal,Central Australia,688
2020,Final,Female,15-,Aboriginal,East Arnhem,574
2020,Final,Female,15-,Aboriginal,Greater Darwin,759
2020,Final,Female,15-,Aboriginal,Top End,626
2020,Final,Female,15-,Non-Aboriginal,Barkly,37
2020,Final,Female,15-,Non-Aboriginal,Big Rivers,195
2020,Final,Female,15-,Non-Aboriginal,Central Australia,472
2020,Final,Female,15-,Non-Aboriginal,East Arnhem,67
2020,Final,Female,15-,Non-Aboriginal,Greater Darwin,3015
2020,Final,Female,15-,Non-Aboriginal,Top End,60
2020,Final,Male,20-,Aboriginal,Barkly,211
2020,Final,Male,20-,Aboriginal,Big Rivers,576
2020,Final,Male,20-,Aboriginal,Central Australia,740
2020,Final,Male,20-,Aboriginal,East Arnhem,479
2020,Final,Male,20-,Aboriginal,Greater Darwin,838
2020,Final,Male,20-,Aboriginal,Top End,574
2020,Final,Male,20-,Non-Aboriginal,Barkly,87
2020,Final,Male,20-,Non-Aboriginal,Big Rivers,374
2020,Final,Male,20-,Non-Aboriginal,Central Australia,529
2020,Final,Male,20-,Non-Aboriginal,East Arnhem,83
2020,Final,Male,20-,Non-Aboriginal,Greater Darwin,4573
2020,Final,Male,20-,Non-Aboriginal,Top End,87
2020,Final,Female,20-,Aboriginal,Barkly,212
2020,Final,Female,20-,Aboriginal,Big Rivers,571
2020,Final,Female,20-,Aboriginal,Central Australia,719
2020,Final,Female,20-,Aboriginal,East Arnhem,532
2020,Final,Female,20-,Aboriginal,Greater Darwin,612
2020,Final,Female,20-,Aboriginal,Top End,608
2020,Final,Female,20-,Non-Aboriginal,Barkly,61
2020,Final,Female,20-,Non-Aboriginal,Big Rivers,325
2020,Final,Female,20-,Non-Aboriginal,Central Australia,582
2020,Final,Female,20-,Non-Aboriginal,East Arnhem,80
2020,Final,Female,20-,Non-Aboriginal,Greater Darwin,3771
2020,Final,Female,20-,Non-Aboriginal,Top End,88
2020,Final,Male,25-,Aboriginal,Barkly,228
2020,Final,Male,25-,Aboriginal,Big Rivers,535
2020,Final,Male,25-,Aboriginal,Central Australia,725
2020,Final,Male,25-,Aboriginal,East Arnhem,450
2020,Final,Male,25-,Aboriginal,Greater Darwin,800
2020,Final,Male,25-,Aboriginal,Top End,593
2020,Final,Male,25-,Non-Aboriginal,Barkly,102
2020,Final,Male,25-,Non-Aboriginal,Big Rivers,472
2020,Final,Male,25-,Non-Aboriginal,Central Australia,969
2020,Final,Male,25-,Non-Aboriginal,East Arnhem,154
2020,Final,Male,25-,Non-Aboriginal,Greater Darwin,6128
2020,Final,Male,25-,Non-Aboriginal,Top End,141
2020,Final,Female,25-,Aboriginal,Barkly,242
2020,Final,Female,25-,Aboriginal,Big Rivers,561
2020,Final,Female,25-,Aboriginal,Central Australia,692
2020,Final,Female,25-,Aboriginal,East Arnhem,495
2020,Final,Female,25-,Aboriginal,Greater Darwin,681
2020,Final,Female,25-,Aboriginal,Top End,605
2020,Final,Female,25-,Non-Aboriginal,Barkly,118
2020,Final,Female,25-,Non-Aboriginal,Big Rivers,454
2020,Final,Female,25-,Non-Aboriginal,Central Australia,1227
2020,Final,Female,25-,Non-Aboriginal,East Arnhem,165
2020,Final,Female,25-,Non-Aboriginal,Greater Darwin,6193
2020,Final,Female,25-,Non-Aboriginal,Top End,166
2020,Final,Male,30-,Aboriginal,Barkly,213
2020,Final,Male,30-,Aboriginal,Big Rivers,478
2020,Final,Male,30-,Aboriginal,Central Australia,713
2020,Final,Male,30-,Aboriginal,East Arnhem,446
2020,Final,Male,30-,Aboriginal,Greater Darwin,765
2020,Final,Male,30-,Aboriginal,Top End,499
2020,Final,Male,30-,Non-Aboriginal,Barkly,104
2020,Final,Male,30-,Non-Aboriginal,Big Rivers,464
2020,Final,Male,30-,Non-Aboriginal,Central Australia,1142
2020,Final,Male,30-,Non-Aboriginal,East Arnhem,175
2020,Final,Male,30-,Non-Aboriginal,Greater Darwin,6565
2020,Final,Male,30-,Non-Aboriginal,Top End,154
2020,Final,Female,30-,Aboriginal,Barkly,212
2020,Final,Female,30-,Aboriginal,Big Rivers,515
2020,Final,Female,30-,Aboriginal,Central Australia,750
2020,Final,Female,30-,Aboriginal,East Arnhem,478
2020,Final,Female,30-,Aboriginal,Greater Darwin,602
2020,Final,Female,30-,Aboriginal,Top End,566
2020,Final,Female,30-,Non-Aboriginal,Barkly,104
2020,Final,Female,30-,Non-Aboriginal,Big Rivers,472
2020,Final,Female,30-,Non-Aboriginal,Central Australia,1236
2020,Final,Female,30-,Non-Aboriginal,East Arnhem,221
2020,Final,Female,30-,Non-Aboriginal,Greater Darwin,6483
2020,Final,Female,30-,Non-Aboriginal,Top End,180
2020,Final,Male,35-,Aboriginal,Barkly,172
2020,Final,Male,35-,Aboriginal,Big Rivers,412
2020,Final,Male,35-,Aboriginal,Central Australia,615
2020,Final,Male,35-,Aboriginal,East Arnhem,393
2020,Final,Male,35-,Aboriginal,Greater Darwin,657
2020,Final,Male,35-,Aboriginal,Top End,461
2020,Final,Male,35-,Non-Aboriginal,Barkly,79
2020,Final,Male,35-,Non-Aboriginal,Big Rivers,393
2020,Final,Male,35-,Non-Aboriginal,Central Australia,1017
2020,Final,Male,35-,Non-Aboriginal,East Arnhem,229
2020,Final,Male,35-,Non-Aboriginal,Greater Darwin,5699
2020,Final,Male,35-,Non-Aboriginal,Top End,147
2020,Final,Female,35-,Aboriginal,Barkly,196
2020,Final,Female,35-,Aboriginal,Big Rivers,473
2020,Final,Female,35-,Aboriginal,Central Australia,640
2020,Final,Female,35-,Aboriginal,East Arnhem,446
2020,Final,Female,35-,Aboriginal,Greater Darwin,580
2020,Final,Female,35-,Aboriginal,Top End,485
2020,Final,Female,35-,Non-Aboriginal,Barkly,71
2020,Final,Female,35-,Non-Aboriginal,Big Rivers,373
2020,Final,Female,35-,Non-Aboriginal,Central Australia,1007
2020,Final,Female,35-,Non-Aboriginal,East Arnhem,241
2020,Final,Female,35-,Non-Aboriginal,Greater Darwin,5656
2020,Final,Female,35-,Non-Aboriginal,Top End,155
2020,Final,Male,40-,Aboriginal,Barkly,128
2020,Final,Male,40-,Aboriginal,Big Rivers,328
2020,Final,Male,40-,Aboriginal,Central Australia,537
2020,Final,Male,40-,Aboriginal,East Arnhem,322
2020,Final,Male,40-,Aboriginal,Greater Darwin,569
2020,Final,Male,40-,Aboriginal,Top End,406
2020,Final,Male,40-,Non-Aboriginal,Barkly,59
2020,Final,Male,40-,Non-Aboriginal,Big Rivers,270
2020,Final,Male,40-,Non-Aboriginal,Central Australia,755
2020,Final,Male,40-,Non-Aboriginal,East Arnhem,186
2020,Final,Male,40-,Non-Aboriginal,Greater Darwin,4781
2020,Final,Male,40-,Non-Aboriginal,Top End,161
2020,Final,Female,40-,Aboriginal,Barkly,145
2020,Final,Female,40-,Aboriginal,Big Rivers,337
2020,Final,Female,40-,Aboriginal,Central Australia,628
2020,Final,Female,40-,Aboriginal,East Arnhem,347
2020,Final,Female,40-,Aboriginal,Greater Darwin,579
2020,Final,Female,40-,Aboriginal,Top End,396
2020,Final,Female,40-,Non-Aboriginal,Barkly,59
2020,Final,Female,40-,Non-Aboriginal,Big Rivers,274
2020,Final,Female,40-,Non-Aboriginal,Central Australia,747
2020,Final,Female,40-,Non-Aboriginal,East Arnhem,168
2020,Final,Female,40-,Non-Aboriginal,Greater Darwin,4749
2020,Final,Female,40-,Non-Aboriginal,Top End,147
2020,Final,Male,45-,Aboriginal,Barkly,132
2020,Final,Male,45-,Aboriginal,Big Rivers,313
2020,Final,Male,45-,Aboriginal,Central Australia,506
2020,Final,Male,45-,Aboriginal,East Arnhem,269
2020,Final,Male,45-,Aboriginal,Greater Darwin,525
2020,Final,Male,45-,Aboriginal,Top End,371
2020,Final,Male,45-,Non-Aboriginal,Barkly,77
2020,Final,Male,45-,Non-Aboriginal,Big Rivers,309
2020,Final,Male,45-,Non-Aboriginal,Central Australia,778
2020,Final,Male,45-,Non-Aboriginal,East Arnhem,191
2020,Final,Male,45-,Non-Aboriginal,Greater Darwin,4736
2020,Final,Male,45-,Non-Aboriginal,Top End,190
2020,Final,Female,45-,Aboriginal,Barkly,150
2020,Final,Female,45-,Aboriginal,Big Rivers,382
2020,Final,Female,45-,Aboriginal,Central Australia,534
2020,Final,Female,45-,Aboriginal,East Arnhem,336
2020,Final,Female,45-,Aboriginal,Greater Darwin,524
2020,Final,Female,45-,Aboriginal,Top End,372
2020,Final,Female,45-,Non-Aboriginal,Barkly,60
2020,Final,Female,45-,Non-Aboriginal,Big Rivers,280
2020,Final,Female,45-,Non-Aboriginal,Central Australia,755
2020,Final,Female,45-,Non-Aboriginal,East Arnhem,152
2020,Final,Female,45-,Non-Aboriginal,Greater Darwin,4276
2020,Final,Female,45-,Non-Aboriginal,Top End,182
2020,Final,Male,5-,Aboriginal,Barkly,267
2020,Final,Male,5-,Aboriginal,Big Rivers,639
2020,Final,Male,5-,Aboriginal,Central Australia,785
2020,Final,Male,5-,Aboriginal,East Arnhem,459
2020,Final,Male,5-,Aboriginal,Greater Darwin,973
2020,Final,Male,5-,Aboriginal,Top End,620
2020,Final,Male,5-,Non-Aboriginal,Barkly,47
2020,Final,Male,5-,Non-Aboriginal,Big Rivers,262
2020,Final,Male,5-,Non-Aboriginal,Central Australia,690
2020,Final,Male,5-,Non-Aboriginal,East Arnhem,201
2020,Final,Male,5-,Non-Aboriginal,Greater Darwin,4207
2020,Final,Male,5-,Non-Aboriginal,Top End,118
2020,Final,Female,5-,Aboriginal,Barkly,258
2020,Final,Female,5-,Aboriginal,Big Rivers,606
2020,Final,Female,5-,Aboriginal,Central Australia,716
2020,Final,Female,5-,Aboriginal,East Arnhem,446
2020,Final,Female,5-,Aboriginal,Greater Darwin,912
2020,Final,Female,5-,Aboriginal,Top End,608
2020,Final,Female,5-,Non-Aboriginal,Barkly,53
2020,Final,Female,5-,Non-Aboriginal,Big Rivers,238
2020,Final,Female,5-,Non-Aboriginal,Central Australia,633
2020,Final,Female,5-,Non-Aboriginal,East Arnhem,182
2020,Final,Female,5-,Non-Aboriginal,Greater Darwin,4042
2020,Final,Female,5-,Non-Aboriginal,Top End,115
2020,Final,Male,50-,Aboriginal,Barkly,126
2020,Final,Male,50-,Aboriginal,Big Rivers,286
2020,Final,Male,50-,Aboriginal,Central Australia,353
2020,Final,Male,50-,Aboriginal,East Arnhem,217
2020,Final,Male,50-,Aboriginal,Greater Darwin,423
2020,Final,Male,50-,Aboriginal,Top End,325
2020,Final,Male,50-,Non-Aboriginal,Barkly,95
2020,Final,Male,50-,Non-Aboriginal,Big Rivers,351
2020,Final,Male,50-,Non-Aboriginal,Central Australia,797
2020,Final,Male,50-,Non-Aboriginal,East Arnhem,156
2020,Final,Male,50-,Non-Aboriginal,Greater Darwin,4393
2020,Final,Male,50-,Non-Aboriginal,Top End,234
2020,Final,Female,50-,Aboriginal,Barkly,140
2020,Final,Female,50-,Aboriginal,Big Rivers,326
2020,Final,Female,50-,Aboriginal,Central Australia,478
2020,Final,Female,50-,Aboriginal,East Arnhem,271
2020,Final,Female,50-,Aboriginal,Greater Darwin,463
2020,Final,Female,50-,Aboriginal,Top End,379
2020,Final,Female,50-,Non-Aboriginal,Barkly,74
2020,Final,Female,50-,Non-Aboriginal,Big Rivers,335
2020,Final,Female,50-,Non-Aboriginal,Central Australia,849
2020,Final,Female,50-,Non-Aboriginal,East Arnhem,138
2020,Final,Female,50-,Non-Aboriginal,Greater Darwin,3979
2020,Final,Female,50-,Non-Aboriginal,Top End,209
2020,Final,Male,55-,Aboriginal,Barkly,93
2020,Final,Male,55-,Aboriginal,Big Rivers,223
2020,Final,Male,55-,Aboriginal,Central Australia,286
2020,Final,Male,55-,Aboriginal,East Arnhem,195
2020,Final,Male,55-,Aboriginal,Greater Darwin,357
2020,Final,Male,55-,Aboriginal,Top End,237
2020,Final,Male,55-,Non-Aboriginal,Barkly,93
2020,Final,Male,55-,Non-Aboriginal,Big Rivers,335
2020,Final,Male,55-,Non-Aboriginal,Central Australia,802
2020,Final,Male,55-,Non-Aboriginal,East Arnhem,158
2020,Final,Male,55-,Non-Aboriginal,Greater Darwin,4114
2020,Final,Male,55-,Non-Aboriginal,Top End,260
2020,Final,Female,55-,Aboriginal,Barkly,110
2020,Final,Female,55-,Aboriginal,Big Rivers,243
2020,Final,Female,55-,Aboriginal,Central Australia,393
2020,Final,Female,55-,Aboriginal,East Arnhem,216
2020,Final,Female,55-,Aboriginal,Greater Darwin,380
2020,Final,Female,55-,Aboriginal,Top End,254
2020,Final,Female,55-,Non-Aboriginal,Barkly,89
2020,Final,Female,55-,Non-Aboriginal,Big Rivers,320
2020,Final,Female,55-,Non-Aboriginal,Central Australia,816
2020,Final,Female,55-,Non-Aboriginal,East Arnhem,127
2020,Final,Female,55-,Non-Aboriginal,Greater Darwin,3665
2020,Final,Female,55-,Non-Aboriginal,Top End,191
2020,Final,Male,60-,Aboriginal,Barkly,68
2020,Final,Male,60-,Aboriginal,Big Rivers,150
2020,Final,Male,60-,Aboriginal,Central Australia,206
2020,Final,Male,60-,Aboriginal,East Arnhem,138
2020,Final,Male,60-,Aboriginal,Greater Darwin,276
2020,Final,Male,60-,Aboriginal,Top End,172
2020,Final,Male,60-,Non-Aboriginal,Barkly,92
2020,Final,Male,60-,Non-Aboriginal,Big Rivers,313
2020,Final,Male,60-,Non-Aboriginal,Central Australia,730
2020,Final,Male,60-,Non-Aboriginal,East Arnhem,106
2020,Final,Male,60-,Non-Aboriginal,Greater Darwin,3385
2020,Final,Male,60-,Non-Aboriginal,Top End,242
2020,Final,Female,60-,Aboriginal,Barkly,103
2020,Final,Female,60-,Aboriginal,Big Rivers,185
2020,Final,Female,60-,Aboriginal,Central Australia,328
2020,Final,Female,60-,Aboriginal,East Arnhem,172
2020,Final,Female,60-,Aboriginal,Greater Darwin,320
2020,Final,Female,60-,Aboriginal,Top End,205
2020,Final,Female,60-,Non-Aboriginal,Barkly,84
2020,Final,Female,60-,Non-Aboriginal,Big Rivers,284
2020,Final,Female,60-,Non-Aboriginal,Central Australia,694
2020,Final,Female,60-,Non-Aboriginal,East Arnhem,77
2020,Final,Female,60-,Non-Aboriginal,Greater Darwin,2996
2020,Final,Female,60-,Non-Aboriginal,Top End,187
2020,Final,Male,65-,Aboriginal,Barkly,48
2020,Final,Male,65-,Aboriginal,Big Rivers,91
2020,Final,Male,65-,Aboriginal,Central Australia,141
2020,Final,Male,65-,Aboriginal,East Arnhem,65
2020,Final,Male,65-,Aboriginal,Greater Darwin,166
2020,Final,Male,65-,Aboriginal,Top End,92
2020,Final,Male,65-,Non-Aboriginal,Barkly,66
2020,Final,Male,65-,Non-Aboriginal,Big Rivers,263
2020,Final,Male,65-,Non-Aboriginal,Central Australia,517
2020,Final,Male,65-,Non-Aboriginal,East Arnhem,70
2020,Final,Male,65-,Non-Aboriginal,Greater Darwin,2712
2020,Final,Male,65-,Non-Aboriginal,Top End,217
2020,Final,Female,65-,Aboriginal,Barkly,64
2020,Final,Female,65-,Aboriginal,Big Rivers,110
2020,Final,Female,65-,Aboriginal,Central Australia,236
2020,Final,Female,65-,Aboriginal,East Arnhem,90
2020,Final,Female,65-,Aboriginal,Greater Darwin,216
2020,Final,Female,65-,Aboriginal,Top End,120
2020,Final,Female,65-,Non-Aboriginal,Barkly,42
2020,Final,Female,65-,Non-Aboriginal,Big Rivers,175
2020,Final,Female,65-,Non-Aboriginal,Central Australia,447
2020,Final,Female,65-,Non-Aboriginal,East Arnhem,47
2020,Final,Female,65-,Non-Aboriginal,Greater Darwin,2411
2020,Final,Female,65-,Non-Aboriginal,Top End,154
2020,Final,Male,70-,Aboriginal,Barkly,34
2020,Final,Male,70-,Aboriginal,Big Rivers,59
2020,Final,Male,70-,Aboriginal,Central Australia,89
2020,Final,Male,70-,Aboriginal,East Arnhem,44
2020,Final,Male,70-,Aboriginal,Greater Darwin,96
2020,Final,Male,70-,Aboriginal,Top End,40
2020,Final,Male,70-,Non-Aboriginal,Barkly,35
2020,Final,Male,70-,Non-Aboriginal,Big Rivers,194
2020,Final,Male,70-,Non-Aboriginal,Central Australia,300
2020,Final,Male,70-,Non-Aboriginal,East Arnhem,37
2020,Final,Male,70-,Non-Aboriginal,Greater Darwin,2060
2020,Final,Male,70-,Non-Aboriginal,Top End,150
2020,Final,Female,70-,Aboriginal,Barkly,39
2020,Final,Female,70-,Aboriginal,Big Rivers,85
2020,Final,Female,70-,Aboriginal,Central Australia,176
2020,Final,Female,70-,Aboriginal,East Arnhem,42
2020,Final,Female,70-,Aboriginal,Greater Darwin,120
2020,Final,Female,70-,Aboriginal,Top End,66
2020,Final,Female,70-,Non-Aboriginal,Barkly,18
2020,Final,Female,70-,Non-Aboriginal,Big Rivers,112
2020,Final,Female,70-,Non-Aboriginal,Central Australia,242
2020,Final,Female,70-,Non-Aboriginal,East Arnhem,15
2020,Final,Female,70-,Non-Aboriginal,Greater Darwin,1732
2020,Final,Female,70-,Non-Aboriginal,Top End,87
2020,Final,Male,75-,Aboriginal,Barkly,9
2020,Final,Male,75-,Aboriginal,Big Rivers,24
2020,Final,Male,75-,Aboriginal,Central Australia,49
2020,Final,Male,75-,Aboriginal,East Arnhem,11
2020,Final,Male,75-,Aboriginal,Greater Darwin,51
2020,Final,Male,75-,Aboriginal,Top End,26
2020,Final,Male,75-,Non-Aboriginal,Barkly,33
2020,Final,Male,75-,Non-Aboriginal,Big Rivers,123
2020,Final,Male,75-,Non-Aboriginal,Central Australia,146
2020,Final,Male,75-,Non-Aboriginal,East Arnhem,18
2020,Final,Male,75-,Non-Aboriginal,Greater Darwin,1177
2020,Final,Male,75-,Non-Aboriginal,Top End,75
2020,Final,Female,75-,Aboriginal,Barkly,13
2020,Final,Female,75-,Aboriginal,Big Rivers,35
2020,Final,Female,75-,Aboriginal,Central Australia,89
2020,Final,Female,75-,Aboriginal,East Arnhem,29
2020,Final,Female,75-,Aboriginal,Greater Darwin,69
2020,Final,Female,75-,Aboriginal,Top End,33
2020,Final,Female,75-,Non-Aboriginal,Barkly,14
2020,Final,Female,75-,Non-Aboriginal,Big Rivers,60
2020,Final,Female,75-,Non-Aboriginal,Central Australia,163
2020,Final,Female,75-,Non-Aboriginal,East Arnhem,6
2020,Final,Female,75-,Non-Aboriginal,Greater Darwin,990
2020,Final,Female,75-,Non-Aboriginal,Top End,25
2020,Final,Male,80-,Aboriginal,Barkly,15
2020,Final,Male,80-,Aboriginal,Big Rivers,26
2020,Final,Male,80-,Aboriginal,Central Australia,37
2020,Final,Male,80-,Aboriginal,East Arnhem,9
2020,Final,Male,80-,Aboriginal,Greater Darwin,10
2020,Final,Male,80-,Aboriginal,Top End,12
2020,Final,Male,80-,Non-Aboriginal,Barkly,4
2020,Final,Male,80-,Non-Aboriginal,Big Rivers,40
2020,Final,Male,80-,Non-Aboriginal,Central Australia,97
2020,Final,Male,80-,Non-Aboriginal,East Arnhem,3
2020,Final,Male,80-,Non-Aboriginal,Greater Darwin,569
2020,Final,Male,80-,Non-Aboriginal,Top End,22
2020,Final,Female,80-,Aboriginal,Barkly,14
2020,Final,Female,80-,Aboriginal,Big Rivers,33
2020,Final,Female,80-,Aboriginal,Central Australia,67
2020,Final,Female,80-,Aboriginal,East Arnhem,9
2020,Final,Female,80-,Aboriginal,Greater Darwin,36
2020,Final,Female,80-,Aboriginal,Top End,25
2020,Final,Female,80-,Non-Aboriginal,Barkly,1
2020,Final,Female,80-,Non-Aboriginal,Big Rivers,29
2020,Final,Female,80-,Non-Aboriginal,Central Australia,93
2020,Final,Female,80-,Non-Aboriginal,East Arnhem,6
2020,Final,Female,80-,Non-Aboriginal,Greater Darwin,529
2020,Final,Female,80-,Non-Aboriginal,Top End,10
2020,Final,Male,85+,Aboriginal,Barkly,0
2020,Final,Male,85+,Aboriginal,Big Rivers,24
2020,Final,Male,85+,Aboriginal,Central Australia,12
2020,Final,Male,85+,Aboriginal,East Arnhem,1
2020,Final,Male,85+,Aboriginal,Greater Darwin,13
2020,Final,Male,85+,Aboriginal,Top End,4
2020,Final,Male,85+,Non-Aboriginal,Barkly,3
2020,Final,Male,85+,Non-Aboriginal,Big Rivers,20
2020,Final,Male,85+,Non-Aboriginal,Central Australia,55
2020,Final,Male,85+,Non-Aboriginal,East Arnhem,2
2020,Final,Male,85+,Non-Aboriginal,Greater Darwin,326
2020,Final,Male,85+,Non-Aboriginal,Top End,8
2020,Final,Female,85+,Aboriginal,Barkly,6
2020,Final,Female,85+,Aboriginal,Big Rivers,19
2020,Final,Female,85+,Aboriginal,Central Australia,43
2020,Final,Female,85+,Aboriginal,East Arnhem,1
2020,Final,Female,85+,Aboriginal,Greater Darwin,28
2020,Final,Female,85+,Aboriginal,Top End,9
2020,Final,Female,85+,Non-Aboriginal,Barkly,2
2020,Final,Female,85+,Non-Aboriginal,Big Rivers,23
2020,Final,Female,85+,Non-Aboriginal,Central Australia,102
2020,Final,Female,85+,Non-Aboriginal,East Arnhem,0
2020,Final,Female,85+,Non-Aboriginal,Greater Darwin,422
2020,Final,Female,85+,Non-Aboriginal,Top End,3
2021,Final,Male,0-,Aboriginal,Barkly,261
2021,Final,Male,0-,Aboriginal,Big Rivers,595
2021,Final,Male,0-,Aboriginal,Central Australia,732
2021,Final,Male,0-,Aboriginal,East Arnhem,407
2021,Final,Male,0-,Aboriginal,Greater Darwin,1033
2021,Final,Male,0-,Aboriginal,Top End,467
2021,Final,Male,0-,Non-Aboriginal,Barkly,47
2021,Final,Male,0-,Non-Aboriginal,Big Rivers,293
2021,Final,Male,0-,Non-Aboriginal,Central Australia,764
2021,Final,Male,0-,Non-Aboriginal,East Arnhem,198
2021,Final,Male,0-,Non-Aboriginal,Greater Darwin,4247
2021,Final,Male,0-,Non-Aboriginal,Top End,130
2021,Final,Female,0-,Aboriginal,Barkly,271
2021,Final,Female,0-,Aboriginal,Big Rivers,520
2021,Final,Female,0-,Aboriginal,Central Australia,709
2021,Final,Female,0-,Aboriginal,East Arnhem,362
2021,Final,Female,0-,Aboriginal,Greater Darwin,964
2021,Final,Female,0-,Aboriginal,Top End,430
2021,Final,Female,0-,Non-Aboriginal,Barkly,54
2021,Final,Female,0-,Non-Aboriginal,Big Rivers,235
2021,Final,Female,0-,Non-Aboriginal,Central Australia,683
2021,Final,Female,0-,Non-Aboriginal,East Arnhem,156
2021,Final,Female,0-,Non-Aboriginal,Greater Darwin,3952
2021,Final,Female,0-,Non-Aboriginal,Top End,94
2021,Final,Male,10-,Aboriginal,Barkly,247
2021,Final,Male,10-,Aboriginal,Big Rivers,645
2021,Final,Male,10-,Aboriginal,Central Australia,764
2021,Final,Male,10-,Aboriginal,East Arnhem,448
2021,Final,Male,10-,Aboriginal,Greater Darwin,1047
2021,Final,Male,10-,Aboriginal,Top End,671
2021,Final,Male,10-,Non-Aboriginal,Barkly,27
2021,Final,Male,10-,Non-Aboriginal,Big Rivers,231
2021,Final,Male,10-,Non-Aboriginal,Central Australia,590
2021,Final,Male,10-,Non-Aboriginal,East Arnhem,161
2021,Final,Male,10-,Non-Aboriginal,Greater Darwin,3939
2021,Final,Male,10-,Non-Aboriginal,Top End,77
2021,Final,Female,10-,Aboriginal,Barkly,234
2021,Final,Female,10-,Aboriginal,Big Rivers,650
2021,Final,Female,10-,Aboriginal,Central Australia,720
2021,Final,Female,10-,Aboriginal,East Arnhem,441
2021,Final,Female,10-,Aboriginal,Greater Darwin,986
2021,Final,Female,10-,Aboriginal,Top End,621
2021,Final,Female,10-,Non-Aboriginal,Barkly,15
2021,Final,Female,10-,Non-Aboriginal,Big Rivers,176
2021,Final,Female,10-,Non-Aboriginal,Central Australia,613
2021,Final,Female,10-,Non-Aboriginal,East Arnhem,170
2021,Final,Female,10-,Non-Aboriginal,Greater Darwin,3502
2021,Final,Female,10-,Non-Aboriginal,Top End,65
2021,Final,Male,15-,Aboriginal,Barkly,236
2021,Final,Male,15-,Aboriginal,Big Rivers,607
2021,Final,Male,15-,Aboriginal,Central Australia,705
2021,Final,Male,15-,Aboriginal,East Arnhem,591
2021,Final,Male,15-,Aboriginal,Greater Darwin,851
2021,Final,Male,15-,Aboriginal,Top End,703
2021,Final,Male,15-,Non-Aboriginal,Barkly,50
2021,Final,Male,15-,Non-Aboriginal,Big Rivers,179
2021,Final,Male,15-,Non-Aboriginal,Central Australia,506
2021,Final,Male,15-,Non-Aboriginal,East Arnhem,92
2021,Final,Male,15-,Non-Aboriginal,Greater Darwin,3258
2021,Final,Male,15-,Non-Aboriginal,Top End,75
2021,Final,Female,15-,Aboriginal,Barkly,202
2021,Final,Female,15-,Aboriginal,Big Rivers,603
2021,Final,Female,15-,Aboriginal,Central Australia,675
2021,Final,Female,15-,Aboriginal,East Arnhem,534
2021,Final,Female,15-,Aboriginal,Greater Darwin,853
2021,Final,Female,15-,Aboriginal,Top End,612
2021,Final,Female,15-,Non-Aboriginal,Barkly,51
2021,Final,Female,15-,Non-Aboriginal,Big Rivers,172
2021,Final,Female,15-,Non-Aboriginal,Central Australia,484
2021,Final,Female,15-,Non-Aboriginal,East Arnhem,95
2021,Final,Female,15-,Non-Aboriginal,Greater Darwin,2949
2021,Final,Female,15-,Non-Aboriginal,Top End,62
2021,Final,Male,20-,Aboriginal,Barkly,173
2021,Final,Male,20-,Aboriginal,Big Rivers,589
2021,Final,Male,20-,Aboriginal,Central Australia,777
2021,Final,Male,20-,Aboriginal,East Arnhem,548
2021,Final,Male,20-,Aboriginal,Greater Darwin,927
2021,Final,Male,20-,Aboriginal,Top End,574
2021,Final,Male,20-,Non-Aboriginal,Barkly,106
2021,Final,Male,20-,Non-Aboriginal,Big Rivers,380
2021,Final,Male,20-,Non-Aboriginal,Central Australia,485
2021,Final,Male,20-,Non-Aboriginal,East Arnhem,59
2021,Final,Male,20-,Non-Aboriginal,Greater Darwin,4403
2021,Final,Male,20-,Non-Aboriginal,Top End,86
2021,Final,Female,20-,Aboriginal,Barkly,184
2021,Final,Female,20-,Aboriginal,Big Rivers,617
2021,Final,Female,20-,Aboriginal,Central Australia,696
2021,Final,Female,20-,Aboriginal,East Arnhem,537
2021,Final,Female,20-,Aboriginal,Greater Darwin,675
2021,Final,Female,20-,Aboriginal,Top End,599
2021,Final,Female,20-,Non-Aboriginal,Barkly,80
2021,Final,Female,20-,Non-Aboriginal,Big Rivers,309
2021,Final,Female,20-,Non-Aboriginal,Central Australia,567
2021,Final,Female,20-,Non-Aboriginal,East Arnhem,71
2021,Final,Female,20-,Non-Aboriginal,Greater Darwin,3623
2021,Final,Female,20-,Non-Aboriginal,Top End,80
2021,Final,Male,25-,Aboriginal,Barkly,220
2021,Final,Male,25-,Aboriginal,Big Rivers,473
2021,Final,Male,25-,Aboriginal,Central Australia,710
2021,Final,Male,25-,Aboriginal,East Arnhem,453
2021,Final,Male,25-,Aboriginal,Greater Darwin,940
2021,Final,Male,25-,Aboriginal,Top End,605
2021,Final,Male,25-,Non-Aboriginal,Barkly,115
2021,Final,Male,25-,Non-Aboriginal,Big Rivers,523
2021,Final,Male,25-,Non-Aboriginal,Central Australia,1015
2021,Final,Male,25-,Non-Aboriginal,East Arnhem,146
2021,Final,Male,25-,Non-Aboriginal,Greater Darwin,5840
2021,Final,Male,25-,Non-Aboriginal,Top End,156
2021,Final,Female,25-,Aboriginal,Barkly,243
2021,Final,Female,25-,Aboriginal,Big Rivers,512
2021,Final,Female,25-,Aboriginal,Central Australia,706
2021,Final,Female,25-,Aboriginal,East Arnhem,447
2021,Final,Female,25-,Aboriginal,Greater Darwin,777
2021,Final,Female,25-,Aboriginal,Top End,645
2021,Final,Female,25-,Non-Aboriginal,Barkly,116
2021,Final,Female,25-,Non-Aboriginal,Big Rivers,497
2021,Final,Female,25-,Non-Aboriginal,Central Australia,1216
2021,Final,Female,25-,Non-Aboriginal,East Arnhem,173
2021,Final,Female,25-,Non-Aboriginal,Greater Darwin,5971
2021,Final,Female,25-,Non-Aboriginal,Top End,165
2021,Final,Male,30-,Aboriginal,Barkly,206
2021,Final,Male,30-,Aboriginal,Big Rivers,499
2021,Final,Male,30-,Aboriginal,Central Australia,659
2021,Final,Male,30-,Aboriginal,East Arnhem,436
2021,Final,Male,30-,Aboriginal,Greater Darwin,826
2021,Final,Male,30-,Aboriginal,Top End,508
2021,Final,Male,30-,Non-Aboriginal,Barkly,114
2021,Final,Male,30-,Non-Aboriginal,Big Rivers,511
2021,Final,Male,30-,Non-Aboriginal,Central Australia,1205
2021,Final,Male,30-,Non-Aboriginal,East Arnhem,175
2021,Final,Male,30-,Non-Aboriginal,Greater Darwin,6366
2021,Final,Male,30-,Non-Aboriginal,Top End,154
2021,Final,Female,30-,Aboriginal,Barkly,214
2021,Final,Female,30-,Aboriginal,Big Rivers,535
2021,Final,Female,30-,Aboriginal,Central Australia,673
2021,Final,Female,30-,Aboriginal,East Arnhem,488
2021,Final,Female,30-,Aboriginal,Greater Darwin,694
2021,Final,Female,30-,Aboriginal,Top End,554
2021,Final,Female,30-,Non-Aboriginal,Barkly,104
2021,Final,Female,30-,Non-Aboriginal,Big Rivers,483
2021,Final,Female,30-,Non-Aboriginal,Central Australia,1406
2021,Final,Female,30-,Non-Aboriginal,East Arnhem,241
2021,Final,Female,30-,Non-Aboriginal,Greater Darwin,6382
2021,Final,Female,30-,Non-Aboriginal,Top End,181
2021,Final,Male,35-,Aboriginal,Barkly,169
2021,Final,Male,35-,Aboriginal,Big Rivers,389
2021,Final,Male,35-,Aboriginal,Central Australia,618
2021,Final,Male,35-,Aboriginal,East Arnhem,368
2021,Final,Male,35-,Aboriginal,Greater Darwin,670
2021,Final,Male,35-,Aboriginal,Top End,436
2021,Final,Male,35-,Non-Aboriginal,Barkly,78
2021,Final,Male,35-,Non-Aboriginal,Big Rivers,411
2021,Final,Male,35-,Non-Aboriginal,Central Australia,1079
2021,Final,Male,35-,Non-Aboriginal,East Arnhem,260
2021,Final,Male,35-,Non-Aboriginal,Greater Darwin,5645
2021,Final,Male,35-,Non-Aboriginal,Top End,154
2021,Final,Female,35-,Aboriginal,Barkly,190
2021,Final,Female,35-,Aboriginal,Big Rivers,474
2021,Final,Female,35-,Aboriginal,Central Australia,618
2021,Final,Female,35-,Aboriginal,East Arnhem,424
2021,Final,Female,35-,Aboriginal,Greater Darwin,585
2021,Final,Female,35-,Aboriginal,Top End,529
2021,Final,Female,35-,Non-Aboriginal,Barkly,82
2021,Final,Female,35-,Non-Aboriginal,Big Rivers,390
2021,Final,Female,35-,Non-Aboriginal,Central Australia,1050
2021,Final,Female,35-,Non-Aboriginal,East Arnhem,263
2021,Final,Female,35-,Non-Aboriginal,Greater Darwin,5653
2021,Final,Female,35-,Non-Aboriginal,Top End,164
2021,Final,Male,40-,Aboriginal,Barkly,136
2021,Final,Male,40-,Aboriginal,Big Rivers,344
2021,Final,Male,40-,Aboriginal,Central Australia,541
2021,Final,Male,40-,Aboriginal,East Arnhem,335
2021,Final,Male,40-,Aboriginal,Greater Darwin,565
2021,Final,Male,40-,Aboriginal,Top End,433
2021,Final,Male,40-,Non-Aboriginal,Barkly,51
2021,Final,Male,40-,Non-Aboriginal,Big Rivers,294
2021,Final,Male,40-,Non-Aboriginal,Central Australia,812
2021,Final,Male,40-,Non-Aboriginal,East Arnhem,197
2021,Final,Male,40-,Non-Aboriginal,Greater Darwin,4773
2021,Final,Male,40-,Non-Aboriginal,Top End,127
2021,Final,Female,40-,Aboriginal,Barkly,145
2021,Final,Female,40-,Aboriginal,Big Rivers,386
2021,Final,Female,40-,Aboriginal,Central Australia,592
2021,Final,Female,40-,Aboriginal,East Arnhem,342
2021,Final,Female,40-,Aboriginal,Greater Darwin,575
2021,Final,Female,40-,Aboriginal,Top End,401
2021,Final,Female,40-,Non-Aboriginal,Barkly,61
2021,Final,Female,40-,Non-Aboriginal,Big Rivers,253
2021,Final,Female,40-,Non-Aboriginal,Central Australia,814
2021,Final,Female,40-,Non-Aboriginal,East Arnhem,180
2021,Final,Female,40-,Non-Aboriginal,Greater Darwin,4852
2021,Final,Female,40-,Non-Aboriginal,Top End,139
2021,Final,Male,45-,Aboriginal,Barkly,134
2021,Final,Male,45-,Aboriginal,Big Rivers,324
2021,Final,Male,45-,Aboriginal,Central Australia,500
2021,Final,Male,45-,Aboriginal,East Arnhem,258
2021,Final,Male,45-,Aboriginal,Greater Darwin,589
2021,Final,Male,45-,Aboriginal,Top End,357
2021,Final,Male,45-,Non-Aboriginal,Barkly,67
2021,Final,Male,45-,Non-Aboriginal,Big Rivers,271
2021,Final,Male,45-,Non-Aboriginal,Central Australia,750
2021,Final,Male,45-,Non-Aboriginal,East Arnhem,188
2021,Final,Male,45-,Non-Aboriginal,Greater Darwin,4540
2021,Final,Male,45-,Non-Aboriginal,Top End,179
2021,Final,Female,45-,Aboriginal,Barkly,146
2021,Final,Female,45-,Aboriginal,Big Rivers,352
2021,Final,Female,45-,Aboriginal,Central Australia,543
2021,Final,Female,45-,Aboriginal,East Arnhem,325
2021,Final,Female,45-,Aboriginal,Greater Darwin,550
2021,Final,Female,45-,Aboriginal,Top End,374
2021,Final,Female,45-,Non-Aboriginal,Barkly,57
2021,Final,Female,45-,Non-Aboriginal,Big Rivers,253
2021,Final,Female,45-,Non-Aboriginal,Central Australia,708
2021,Final,Female,45-,Non-Aboriginal,East Arnhem,170
2021,Final,Female,45-,Non-Aboriginal,Greater Darwin,4208
2021,Final,Female,45-,Non-Aboriginal,Top End,159
2021,Final,Male,5-,Aboriginal,Barkly,287
2021,Final,Male,5-,Aboriginal,Big Rivers,636
2021,Final,Male,5-,Aboriginal,Central Australia,748
2021,Final,Male,5-,Aboriginal,East Arnhem,403
2021,Final,Male,5-,Aboriginal,Greater Darwin,994
2021,Final,Male,5-,Aboriginal,Top End,643
2021,Final,Male,5-,Non-Aboriginal,Barkly,31
2021,Final,Male,5-,Non-Aboriginal,Big Rivers,241
2021,Final,Male,5-,Non-Aboriginal,Central Australia,719
2021,Final,Male,5-,Non-Aboriginal,East Arnhem,227
2021,Final,Male,5-,Non-Aboriginal,Greater Darwin,4193
2021,Final,Male,5-,Non-Aboriginal,Top End,95
2021,Final,Female,5-,Aboriginal,Barkly,284
2021,Final,Female,5-,Aboriginal,Big Rivers,587
2021,Final,Female,5-,Aboriginal,Central Australia,662
2021,Final,Female,5-,Aboriginal,East Arnhem,376
2021,Final,Female,5-,Aboriginal,Greater Darwin,985
2021,Final,Female,5-,Aboriginal,Top End,596
2021,Final,Female,5-,Non-Aboriginal,Barkly,25
2021,Final,Female,5-,Non-Aboriginal,Big Rivers,257
2021,Final,Female,5-,Non-Aboriginal,Central Australia,674
2021,Final,Female,5-,Non-Aboriginal,East Arnhem,224
2021,Final,Female,5-,Non-Aboriginal,Greater Darwin,4065
2021,Final,Female,5-,Non-Aboriginal,Top End,113
2021,Final,Male,50-,Aboriginal,Barkly,119
2021,Final,Male,50-,Aboriginal,Big Rivers,316
2021,Final,Male,50-,Aboriginal,Central Australia,405
2021,Final,Male,50-,Aboriginal,East Arnhem,242
2021,Final,Male,50-,Aboriginal,Greater Darwin,485
2021,Final,Male,50-,Aboriginal,Top End,361
2021,Final,Male,50-,Non-Aboriginal,Barkly,82
2021,Final,Male,50-,Non-Aboriginal,Big Rivers,321
2021,Final,Male,50-,Non-Aboriginal,Central Australia,732
2021,Final,Male,50-,Non-Aboriginal,East Arnhem,149
2021,Final,Male,50-,Non-Aboriginal,Greater Darwin,4488
2021,Final,Male,50-,Non-Aboriginal,Top End,221
2021,Final,Female,50-,Aboriginal,Barkly,156
2021,Final,Female,50-,Aboriginal,Big Rivers,414
2021,Final,Female,50-,Aboriginal,Central Australia,505
2021,Final,Female,50-,Aboriginal,East Arnhem,266
2021,Final,Female,50-,Aboriginal,Greater Darwin,528
2021,Final,Female,50-,Aboriginal,Top End,378
2021,Final,Female,50-,Non-Aboriginal,Barkly,66
2021,Final,Female,50-,Non-Aboriginal,Big Rivers,301
2021,Final,Female,50-,Non-Aboriginal,Central Australia,828
2021,Final,Female,50-,Non-Aboriginal,East Arnhem,144
2021,Final,Female,50-,Non-Aboriginal,Greater Darwin,4012
2021,Final,Female,50-,Non-Aboriginal,Top End,201
2021,Final,Male,55-,Aboriginal,Barkly,107
2021,Final,Male,55-,Aboriginal,Big Rivers,263
2021,Final,Male,55-,Aboriginal,Central Australia,332
2021,Final,Male,55-,Aboriginal,East Arnhem,182
2021,Final,Male,55-,Aboriginal,Greater Darwin,368
2021,Final,Male,55-,Aboriginal,Top End,233
2021,Final,Male,55-,Non-Aboriginal,Barkly,83
2021,Final,Male,55-,Non-Aboriginal,Big Rivers,317
2021,Final,Male,55-,Non-Aboriginal,Central Australia,769
2021,Final,Male,55-,Non-Aboriginal,East Arnhem,162
2021,Final,Male,55-,Non-Aboriginal,Greater Darwin,4044
2021,Final,Male,55-,Non-Aboriginal,Top End,247
2021,Final,Female,55-,Aboriginal,Barkly,122
2021,Final,Female,55-,Aboriginal,Big Rivers,254
2021,Final,Female,55-,Aboriginal,Central Australia,394
2021,Final,Female,55-,Aboriginal,East Arnhem,217
2021,Final,Female,55-,Aboriginal,Greater Darwin,452
2021,Final,Female,55-,Aboriginal,Top End,264
2021,Final,Female,55-,Non-Aboriginal,Barkly,70
2021,Final,Female,55-,Non-Aboriginal,Big Rivers,275
2021,Final,Female,55-,Non-Aboriginal,Central Australia,814
2021,Final,Female,55-,Non-Aboriginal,East Arnhem,136
2021,Final,Female,55-,Non-Aboriginal,Greater Darwin,3538
2021,Final,Female,55-,Non-Aboriginal,Top End,202
2021,Final,Male,60-,Aboriginal,Barkly,83
2021,Final,Male,60-,Aboriginal,Big Rivers,161
2021,Final,Male,60-,Aboriginal,Central Australia,219
2021,Final,Male,60-,Aboriginal,East Arnhem,144
2021,Final,Male,60-,Aboriginal,Greater Darwin,284
2021,Final,Male,60-,Aboriginal,Top End,179
2021,Final,Male,60-,Non-Aboriginal,Barkly,85
2021,Final,Male,60-,Non-Aboriginal,Big Rivers,277
2021,Final,Male,60-,Non-Aboriginal,Central Australia,717
2021,Final,Male,60-,Non-Aboriginal,East Arnhem,113
2021,Final,Male,60-,Non-Aboriginal,Greater Darwin,3420
2021,Final,Male,60-,Non-Aboriginal,Top End,241
2021,Final,Female,60-,Aboriginal,Barkly,88
2021,Final,Female,60-,Aboriginal,Big Rivers,225
2021,Final,Female,60-,Aboriginal,Central Australia,361
2021,Final,Female,60-,Aboriginal,East Arnhem,173
2021,Final,Female,60-,Aboriginal,Greater Darwin,346
2021,Final,Female,60-,Aboriginal,Top End,212
2021,Final,Female,60-,Non-Aboriginal,Barkly,85
2021,Final,Female,60-,Non-Aboriginal,Big Rivers,268
2021,Final,Female,60-,Non-Aboriginal,Central Australia,683
2021,Final,Female,60-,Non-Aboriginal,East Arnhem,83
2021,Final,Female,60-,Non-Aboriginal,Greater Darwin,3071
2021,Final,Female,60-,Non-Aboriginal,Top End,182
2021,Final,Male,65-,Aboriginal,Barkly,63
2021,Final,Male,65-,Aboriginal,Big Rivers,126
2021,Final,Male,65-,Aboriginal,Central Australia,159
2021,Final,Male,65-,Aboriginal,East Arnhem,93
2021,Final,Male,65-,Aboriginal,Greater Darwin,177
2021,Final,Male,65-,Aboriginal,Top End,104
2021,Final,Male,65-,Non-Aboriginal,Barkly,60
2021,Final,Male,65-,Non-Aboriginal,Big Rivers,241
2021,Final,Male,65-,Non-Aboriginal,Central Australia,498
2021,Final,Male,65-,Non-Aboriginal,East Arnhem,55
2021,Final,Male,65-,Non-Aboriginal,Greater Darwin,2741
2021,Final,Male,65-,Non-Aboriginal,Top End,225
2021,Final,Female,65-,Aboriginal,Barkly,67
2021,Final,Female,65-,Aboriginal,Big Rivers,126
2021,Final,Female,65-,Aboriginal,Central Australia,229
2021,Final,Female,65-,Aboriginal,East Arnhem,98
2021,Final,Female,65-,Aboriginal,Greater Darwin,252
2021,Final,Female,65-,Aboriginal,Top End,138
2021,Final,Female,65-,Non-Aboriginal,Barkly,52
2021,Final,Female,65-,Non-Aboriginal,Big Rivers,179
2021,Final,Female,65-,Non-Aboriginal,Central Australia,492
2021,Final,Female,65-,Non-Aboriginal,East Arnhem,46
2021,Final,Female,65-,Non-Aboriginal,Greater Darwin,2356
2021,Final,Female,65-,Non-Aboriginal,Top End,168
2021,Final,Male,70-,Aboriginal,Barkly,30
2021,Final,Male,70-,Aboriginal,Big Rivers,52
2021,Final,Male,70-,Aboriginal,Central Australia,92
2021,Final,Male,70-,Aboriginal,East Arnhem,41
2021,Final,Male,70-,Aboriginal,Greater Darwin,106
2021,Final,Male,70-,Aboriginal,Top End,39
2021,Final,Male,70-,Non-Aboriginal,Barkly,43
2021,Final,Male,70-,Non-Aboriginal,Big Rivers,215
2021,Final,Male,70-,Non-Aboriginal,Central Australia,319
2021,Final,Male,70-,Non-Aboriginal,East Arnhem,44
2021,Final,Male,70-,Non-Aboriginal,Greater Darwin,2171
2021,Final,Male,70-,Non-Aboriginal,Top End,167
2021,Final,Female,70-,Aboriginal,Barkly,37
2021,Final,Female,70-,Aboriginal,Big Rivers,92
2021,Final,Female,70-,Aboriginal,Central Australia,164
2021,Final,Female,70-,Aboriginal,East Arnhem,39
2021,Final,Female,70-,Aboriginal,Greater Darwin,173
2021,Final,Female,70-,Aboriginal,Top End,74
2021,Final,Female,70-,Non-Aboriginal,Barkly,11
2021,Final,Female,70-,Non-Aboriginal,Big Rivers,113
2021,Final,Female,70-,Non-Aboriginal,Central Australia,264
2021,Final,Female,70-,Non-Aboriginal,East Arnhem,18
2021,Final,Female,70-,Non-Aboriginal,Greater Darwin,1884
2021,Final,Female,70-,Non-Aboriginal,Top End,106
2021,Final,Male,75-,Aboriginal,Barkly,24
2021,Final,Male,75-,Aboriginal,Big Rivers,30
2021,Final,Male,75-,Aboriginal,Central Australia,35
2021,Final,Male,75-,Aboriginal,East Arnhem,12
2021,Final,Male,75-,Aboriginal,Greater Darwin,55
2021,Final,Male,75-,Aboriginal,Top End,31
2021,Final,Male,75-,Non-Aboriginal,Barkly,18
2021,Final,Male,75-,Non-Aboriginal,Big Rivers,109
2021,Final,Male,75-,Non-Aboriginal,Central Australia,135
2021,Final,Male,75-,Non-Aboriginal,East Arnhem,17
2021,Final,Male,75-,Non-Aboriginal,Greater Darwin,1248
2021,Final,Male,75-,Non-Aboriginal,Top End,93
2021,Final,Female,75-,Aboriginal,Barkly,16
2021,Final,Female,75-,Aboriginal,Big Rivers,41
2021,Final,Female,75-,Aboriginal,Central Australia,89
2021,Final,Female,75-,Aboriginal,East Arnhem,23
2021,Final,Female,75-,Aboriginal,Greater Darwin,57
2021,Final,Female,75-,Aboriginal,Top End,21
2021,Final,Female,75-,Non-Aboriginal,Barkly,11
2021,Final,Female,75-,Non-Aboriginal,Big Rivers,58
2021,Final,Female,75-,Non-Aboriginal,Central Australia,170
2021,Final,Female,75-,Non-Aboriginal,East Arnhem,7
2021,Final,Female,75-,Non-Aboriginal,Greater Darwin,1071
2021,Final,Female,75-,Non-Aboriginal,Top End,30
2021,Final,Male,80-,Aboriginal,Barkly,9
2021,Final,Male,80-,Aboriginal,Big Rivers,17
2021,Final,Male,80-,Aboriginal,Central Australia,28
2021,Final,Male,80-,Aboriginal,East Arnhem,4
2021,Final,Male,80-,Aboriginal,Greater Darwin,15
2021,Final,Male,80-,Aboriginal,Top End,5
2021,Final,Male,80-,Non-Aboriginal,Barkly,10
2021,Final,Male,80-,Non-Aboriginal,Big Rivers,51
2021,Final,Male,80-,Non-Aboriginal,Central Australia,135
2021,Final,Male,80-,Non-Aboriginal,East Arnhem,3
2021,Final,Male,80-,Non-Aboriginal,Greater Darwin,627
2021,Final,Male,80-,Non-Aboriginal,Top End,31
2021,Final,Female,80-,Aboriginal,Barkly,11
2021,Final,Female,80-,Aboriginal,Big Rivers,22
2021,Final,Female,80-,Aboriginal,Central Australia,49
2021,Final,Female,80-,Aboriginal,East Arnhem,17
2021,Final,Female,80-,Aboriginal,Greater Darwin,42
2021,Final,Female,80-,Aboriginal,Top End,23
2021,Final,Female,80-,Non-Aboriginal,Barkly,6
2021,Final,Female,80-,Non-Aboriginal,Big Rivers,48
2021,Final,Female,80-,Non-Aboriginal,Central Australia,115
2021,Final,Female,80-,Non-Aboriginal,East Arnhem,0
2021,Final,Female,80-,Non-Aboriginal,Greater Darwin,641
2021,Final,Female,80-,Non-Aboriginal,Top End,16
2021,Final,Male,85+,Aboriginal,Barkly,0
2021,Final,Male,85+,Aboriginal,Big Rivers,18
2021,Final,Male,85+,Aboriginal,Central Australia,21
2021,Final,Male,85+,Aboriginal,East Arnhem,6
2021,Final,Male,85+,Aboriginal,Greater Darwin,13
2021,Final,Male,85+,Aboriginal,Top End,4
2021,Final,Male,85+,Non-Aboriginal,Barkly,0
2021,Final,Male,85+,Non-Aboriginal,Big Rivers,24
2021,Final,Male,85+,Non-Aboriginal,Central Australia,42
2021,Final,Male,85+,Non-Aboriginal,East Arnhem,0
2021,Final,Male,85+,Non-Aboriginal,Greater Darwin,387
2021,Final,Male,85+,Non-Aboriginal,Top End,2
2021,Final,Female,85+,Aboriginal,Barkly,7
2021,Final,Female,85+,Aboriginal,Big Rivers,18
2021,Final,Female,85+,Aboriginal,Central Australia,42
2021,Final,Female,85+,Aboriginal,East Arnhem,4
2021,Final,Female,85+,Aboriginal,Greater Darwin,25
2021,Final,Female,85+,Aboriginal,Top End,10
2021,Final,Female,85+,Non-Aboriginal,Barkly,3
2021,Final,Female,85+,Non-Aboriginal,Big Rivers,20
2021,Final,Female,85+,Non-Aboriginal,Central Australia,102
2021,Final,Female,85+,Non-Aboriginal,East Arnhem,0
2021,Final,Female,85+,Non-Aboriginal,Greater Darwin,447
2021,Final,Female,85+,Non-Aboriginal,Top End,0
2022,Revised,Male,0-,Aboriginal,Barkly,260
2022,Revised,Male,0-,Aboriginal,Big Rivers,605
2022,Revised,Male,0-,Aboriginal,Central Australia,713
2022,Revised,Male,0-,Aboriginal,East Arnhem,368
2022,Revised,Male,0-,Aboriginal,Greater Darwin,1039
2022,Revised,Male,0-,Aboriginal,Top End,458
2022,Revised,Male,0-,Non-Aboriginal,Barkly,47
2022,Revised,Male,0-,Non-Aboriginal,Big Rivers,298
2022,Revised,Male,0-,Non-Aboriginal,Central Australia,745
2022,Revised,Male,0-,Non-Aboriginal,East Arnhem,179
2022,Revised,Male,0-,Non-Aboriginal,Greater Darwin,4272
2022,Revised,Male,0-,Non-Aboriginal,Top End,127
2022,Revised,Female,0-,Aboriginal,Barkly,265
2022,Revised,Female,0-,Aboriginal,Big Rivers,538
2022,Revised,Female,0-,Aboriginal,Central Australia,711
2022,Revised,Female,0-,Aboriginal,East Arnhem,367
2022,Revised,Female,0-,Aboriginal,Greater Darwin,988
2022,Revised,Female,0-,Aboriginal,Top End,422
2022,Revised,Female,0-,Non-Aboriginal,Barkly,53
2022,Revised,Female,0-,Non-Aboriginal,Big Rivers,243
2022,Revised,Female,0-,Non-Aboriginal,Central Australia,685
2022,Revised,Female,0-,Non-Aboriginal,East Arnhem,158
2022,Revised,Female,0-,Non-Aboriginal,Greater Darwin,4049
2022,Revised,Female,0-,Non-Aboriginal,Top End,92
2022,Revised,Male,10-,Aboriginal,Barkly,264
2022,Revised,Male,10-,Aboriginal,Big Rivers,671
2022,Revised,Male,10-,Aboriginal,Central Australia,791
2022,Revised,Male,10-,Aboriginal,East Arnhem,448
2022,Revised,Male,10-,Aboriginal,Greater Darwin,1061
2022,Revised,Male,10-,Aboriginal,Top End,669
2022,Revised,Male,10-,Non-Aboriginal,Barkly,29
2022,Revised,Male,10-,Non-Aboriginal,Big Rivers,241
2022,Revised,Male,10-,Non-Aboriginal,Central Australia,611
2022,Revised,Male,10-,Non-Aboriginal,East Arnhem,161
2022,Revised,Male,10-,Non-Aboriginal,Greater Darwin,3991
2022,Revised,Male,10-,Non-Aboriginal,Top End,76
2022,Revised,Female,10-,Aboriginal,Barkly,247
2022,Revised,Female,10-,Aboriginal,Big Rivers,632
2022,Revised,Female,10-,Aboriginal,Central Australia,720
2022,Revised,Female,10-,Aboriginal,East Arnhem,437
2022,Revised,Female,10-,Aboriginal,Greater Darwin,1018
2022,Revised,Female,10-,Aboriginal,Top End,659
2022,Revised,Female,10-,Non-Aboriginal,Barkly,16
2022,Revised,Female,10-,Non-Aboriginal,Big Rivers,171
2022,Revised,Female,10-,Non-Aboriginal,Central Australia,612
2022,Revised,Female,10-,Non-Aboriginal,East Arnhem,169
2022,Revised,Female,10-,Non-Aboriginal,Greater Darwin,3616
2022,Revised,Female,10-,Non-Aboriginal,Top End,69
2022,Revised,Male,15-,Aboriginal,Barkly,236
2022,Revised,Male,15-,Aboriginal,Big Rivers,593
2022,Revised,Male,15-,Aboriginal,Central Australia,716
2022,Revised,Male,15-,Aboriginal,East Arnhem,561
2022,Revised,Male,15-,Aboriginal,Greater Darwin,899
2022,Revised,Male,15-,Aboriginal,Top End,689
2022,Revised,Male,15-,Non-Aboriginal,Barkly,50
2022,Revised,Male,15-,Non-Aboriginal,Big Rivers,175
2022,Revised,Male,15-,Non-Aboriginal,Central Australia,515
2022,Revised,Male,15-,Non-Aboriginal,East Arnhem,87
2022,Revised,Male,15-,Non-Aboriginal,Greater Darwin,3441
2022,Revised,Male,15-,Non-Aboriginal,Top End,73
2022,Revised,Female,15-,Aboriginal,Barkly,196
2022,Revised,Female,15-,Aboriginal,Big Rivers,569
2022,Revised,Female,15-,Aboriginal,Central Australia,707
2022,Revised,Female,15-,Aboriginal,East Arnhem,509
2022,Revised,Female,15-,Aboriginal,Greater Darwin,886
2022,Revised,Female,15-,Aboriginal,Top End,590
2022,Revised,Female,15-,Non-Aboriginal,Barkly,50
2022,Revised,Female,15-,Non-Aboriginal,Big Rivers,162
2022,Revised,Female,15-,Non-Aboriginal,Central Australia,507
2022,Revised,Female,15-,Non-Aboriginal,East Arnhem,91
2022,Revised,Female,15-,Non-Aboriginal,Greater Darwin,3064
2022,Revised,Female,15-,Non-Aboriginal,Top End,60
2022,Revised,Male,20-,Aboriginal,Barkly,191
2022,Revised,Male,20-,Aboriginal,Big Rivers,633
2022,Revised,Male,20-,Aboriginal,Central Australia,837
2022,Revised,Male,20-,Aboriginal,East Arnhem,601
2022,Revised,Male,20-,Aboriginal,Greater Darwin,956
2022,Revised,Male,20-,Aboriginal,Top End,616
2022,Revised,Male,20-,Non-Aboriginal,Barkly,116
2022,Revised,Male,20-,Non-Aboriginal,Big Rivers,407
2022,Revised,Male,20-,Non-Aboriginal,Central Australia,522
2022,Revised,Male,20-,Non-Aboriginal,East Arnhem,65
2022,Revised,Male,20-,Non-Aboriginal,Greater Darwin,4544
2022,Revised,Male,20-,Non-Aboriginal,Top End,93
2022,Revised,Female,20-,Aboriginal,Barkly,194
2022,Revised,Female,20-,Aboriginal,Big Rivers,640
2022,Revised,Female,20-,Aboriginal,Central Australia,703
2022,Revised,Female,20-,Aboriginal,East Arnhem,528
2022,Revised,Female,20-,Aboriginal,Greater Darwin,662
2022,Revised,Female,20-,Aboriginal,Top End,601
2022,Revised,Female,20-,Non-Aboriginal,Barkly,84
2022,Revised,Female,20-,Non-Aboriginal,Big Rivers,320
2022,Revised,Female,20-,Non-Aboriginal,Central Australia,573
2022,Revised,Female,20-,Non-Aboriginal,East Arnhem,70
2022,Revised,Female,20-,Non-Aboriginal,Greater Darwin,3556
2022,Revised,Female,20-,Non-Aboriginal,Top End,81
2022,Revised,Male,25-,Aboriginal,Barkly,218
2022,Revised,Male,25-,Aboriginal,Big Rivers,499
2022,Revised,Male,25-,Aboriginal,Central Australia,703
2022,Revised,Male,25-,Aboriginal,East Arnhem,488
2022,Revised,Male,25-,Aboriginal,Greater Darwin,980
2022,Revised,Male,25-,Aboriginal,Top End,603
2022,Revised,Male,25-,Non-Aboriginal,Barkly,113
2022,Revised,Male,25-,Non-Aboriginal,Big Rivers,553
2022,Revised,Male,25-,Non-Aboriginal,Central Australia,1005
2022,Revised,Male,25-,Non-Aboriginal,East Arnhem,157
2022,Revised,Male,25-,Non-Aboriginal,Greater Darwin,6087
2022,Revised,Male,25-,Non-Aboriginal,Top End,156
2022,Revised,Female,25-,Aboriginal,Barkly,251
2022,Revised,Female,25-,Aboriginal,Big Rivers,512
2022,Revised,Female,25-,Aboriginal,Central Australia,739
2022,Revised,Female,25-,Aboriginal,East Arnhem,449
2022,Revised,Female,25-,Aboriginal,Greater Darwin,795
2022,Revised,Female,25-,Aboriginal,Top End,641
2022,Revised,Female,25-,Non-Aboriginal,Barkly,119
2022,Revised,Female,25-,Non-Aboriginal,Big Rivers,497
2022,Revised,Female,25-,Non-Aboriginal,Central Australia,1273
2022,Revised,Female,25-,Non-Aboriginal,East Arnhem,174
2022,Revised,Female,25-,Non-Aboriginal,Greater Darwin,6111
2022,Revised,Female,25-,Non-Aboriginal,Top End,165
2022,Revised,Male,30-,Aboriginal,Barkly,209
2022,Revised,Male,30-,Aboriginal,Big Rivers,538
2022,Revised,Male,30-,Aboriginal,Central Australia,686
2022,Revised,Male,30-,Aboriginal,East Arnhem,454
2022,Revised,Male,30-,Aboriginal,Greater Darwin,855
2022,Revised,Male,30-,Aboriginal,Top End,556
2022,Revised,Male,30-,Non-Aboriginal,Barkly,116
2022,Revised,Male,30-,Non-Aboriginal,Big Rivers,552
2022,Revised,Male,30-,Non-Aboriginal,Central Australia,1256
2022,Revised,Male,30-,Non-Aboriginal,East Arnhem,182
2022,Revised,Male,30-,Non-Aboriginal,Greater Darwin,6585
2022,Revised,Male,30-,Non-Aboriginal,Top End,169
2022,Revised,Female,30-,Aboriginal,Barkly,211
2022,Revised,Female,30-,Aboriginal,Big Rivers,564
2022,Revised,Female,30-,Aboriginal,Central Australia,686
2022,Revised,Female,30-,Aboriginal,East Arnhem,501
2022,Revised,Female,30-,Aboriginal,Greater Darwin,703
2022,Revised,Female,30-,Aboriginal,Top End,587
2022,Revised,Female,30-,Non-Aboriginal,Barkly,102
2022,Revised,Female,30-,Non-Aboriginal,Big Rivers,509
2022,Revised,Female,30-,Non-Aboriginal,Central Australia,1432
2022,Revised,Female,30-,Non-Aboriginal,East Arnhem,248
2022,Revised,Female,30-,Non-Aboriginal,Greater Darwin,6463
2022,Revised,Female,30-,Non-Aboriginal,Top End,191
2022,Revised,Male,35-,Aboriginal,Barkly,179
2022,Revised,Male,35-,Aboriginal,Big Rivers,426
2022,Revised,Male,35-,Aboriginal,Central Australia,653
2022,Revised,Male,35-,Aboriginal,East Arnhem,388
2022,Revised,Male,35-,Aboriginal,Greater Darwin,692
2022,Revised,Male,35-,Aboriginal,Top End,467
2022,Revised,Male,35-,Non-Aboriginal,Barkly,83
2022,Revised,Male,35-,Non-Aboriginal,Big Rivers,451
2022,Revised,Male,35-,Non-Aboriginal,Central Australia,1141
2022,Revised,Male,35-,Non-Aboriginal,East Arnhem,274
2022,Revised,Male,35-,Non-Aboriginal,Greater Darwin,5830
2022,Revised,Male,35-,Non-Aboriginal,Top End,165
2022,Revised,Female,35-,Aboriginal,Barkly,199
2022,Revised,Female,35-,Aboriginal,Big Rivers,507
2022,Revised,Female,35-,Aboriginal,Central Australia,641
2022,Revised,Female,35-,Aboriginal,East Arnhem,432
2022,Revised,Female,35-,Aboriginal,Greater Darwin,594
2022,Revised,Female,35-,Aboriginal,Top End,524
2022,Revised,Female,35-,Non-Aboriginal,Barkly,86
2022,Revised,Female,35-,Non-Aboriginal,Big Rivers,418
2022,Revised,Female,35-,Non-Aboriginal,Central Australia,1088
2022,Revised,Female,35-,Non-Aboriginal,East Arnhem,268
2022,Revised,Female,35-,Non-Aboriginal,Greater Darwin,5746
2022,Revised,Female,35-,Non-Aboriginal,Top End,162
2022,Revised,Male,40-,Aboriginal,Barkly,133
2022,Revised,Male,40-,Aboriginal,Big Rivers,362
2022,Revised,Male,40-,Aboriginal,Central Australia,573
2022,Revised,Male,40-,Aboriginal,East Arnhem,344
2022,Revised,Male,40-,Aboriginal,Greater Darwin,572
2022,Revised,Male,40-,Aboriginal,Top End,459
2022,Revised,Male,40-,Non-Aboriginal,Barkly,50
2022,Revised,Male,40-,Non-Aboriginal,Big Rivers,310
2022,Revised,Male,40-,Non-Aboriginal,Central Australia,860
2022,Revised,Male,40-,Non-Aboriginal,East Arnhem,203
2022,Revised,Male,40-,Non-Aboriginal,Greater Darwin,4833
2022,Revised,Male,40-,Non-Aboriginal,Top End,134
2022,Revised,Female,40-,Aboriginal,Barkly,157
2022,Revised,Female,40-,Aboriginal,Big Rivers,401
2022,Revised,Female,40-,Aboriginal,Central Australia,594
2022,Revised,Female,40-,Aboriginal,East Arnhem,371
2022,Revised,Female,40-,Aboriginal,Greater Darwin,591
2022,Revised,Female,40-,Aboriginal,Top End,432
2022,Revised,Female,40-,Non-Aboriginal,Barkly,66
2022,Revised,Female,40-,Non-Aboriginal,Big Rivers,263
2022,Revised,Female,40-,Non-Aboriginal,Central Australia,817
2022,Revised,Female,40-,Non-Aboriginal,East Arnhem,195
2022,Revised,Female,40-,Non-Aboriginal,Greater Darwin,4992
2022,Revised,Female,40-,Non-Aboriginal,Top End,150
2022,Revised,Male,45-,Aboriginal,Barkly,117
2022,Revised,Male,45-,Aboriginal,Big Rivers,345
2022,Revised,Male,45-,Aboriginal,Central Australia,496
2022,Revised,Male,45-,Aboriginal,East Arnhem,263
2022,Revised,Male,45-,Aboriginal,Greater Darwin,584
2022,Revised,Male,45-,Aboriginal,Top End,352
2022,Revised,Male,45-,Non-Aboriginal,Barkly,58
2022,Revised,Male,45-,Non-Aboriginal,Big Rivers,290
2022,Revised,Male,45-,Non-Aboriginal,Central Australia,746
2022,Revised,Male,45-,Non-Aboriginal,East Arnhem,192
2022,Revised,Male,45-,Non-Aboriginal,Greater Darwin,4497
2022,Revised,Male,45-,Non-Aboriginal,Top End,176
2022,Revised,Female,45-,Aboriginal,Barkly,151
2022,Revised,Female,45-,Aboriginal,Big Rivers,336
2022,Revised,Female,45-,Aboriginal,Central Australia,565
2022,Revised,Female,45-,Aboriginal,East Arnhem,299
2022,Revised,Female,45-,Aboriginal,Greater Darwin,542
2022,Revised,Female,45-,Aboriginal,Top End,367
2022,Revised,Female,45-,Non-Aboriginal,Barkly,59
2022,Revised,Female,45-,Non-Aboriginal,Big Rivers,241
2022,Revised,Female,45-,Non-Aboriginal,Central Australia,738
2022,Revised,Female,45-,Non-Aboriginal,East Arnhem,157
2022,Revised,Female,45-,Non-Aboriginal,Greater Darwin,4149
2022,Revised,Female,45-,Non-Aboriginal,Top End,157
2022,Revised,Male,5-,Aboriginal,Barkly,286
2022,Revised,Male,5-,Aboriginal,Big Rivers,624
2022,Revised,Male,5-,Aboriginal,Central Australia,757
2022,Revised,Male,5-,Aboriginal,East Arnhem,430
2022,Revised,Male,5-,Aboriginal,Greater Darwin,1002
2022,Revised,Male,5-,Aboriginal,Top End,627
2022,Revised,Male,5-,Non-Aboriginal,Barkly,32
2022,Revised,Male,5-,Non-Aboriginal,Big Rivers,237
2022,Revised,Male,5-,Non-Aboriginal,Central Australia,728
2022,Revised,Male,5-,Non-Aboriginal,East Arnhem,242
2022,Revised,Male,5-,Non-Aboriginal,Greater Darwin,4227
2022,Revised,Male,5-,Non-Aboriginal,Top End,92
2022,Revised,Female,5-,Aboriginal,Barkly,275
2022,Revised,Female,5-,Aboriginal,Big Rivers,571
2022,Revised,Female,5-,Aboriginal,Central Australia,650
2022,Revised,Female,5-,Aboriginal,East Arnhem,385
2022,Revised,Female,5-,Aboriginal,Greater Darwin,1006
2022,Revised,Female,5-,Aboriginal,Top End,564
2022,Revised,Female,5-,Non-Aboriginal,Barkly,24
2022,Revised,Female,5-,Non-Aboriginal,Big Rivers,250
2022,Revised,Female,5-,Non-Aboriginal,Central Australia,661
2022,Revised,Female,5-,Non-Aboriginal,East Arnhem,229
2022,Revised,Female,5-,Non-Aboriginal,Greater Darwin,4152
2022,Revised,Female,5-,Non-Aboriginal,Top End,107
2022,Revised,Male,50-,Aboriginal,Barkly,126
2022,Revised,Male,50-,Aboriginal,Big Rivers,305
2022,Revised,Male,50-,Aboriginal,Central Australia,423
2022,Revised,Male,50-,Aboriginal,East Arnhem,252
2022,Revised,Male,50-,Aboriginal,Greater Darwin,489
2022,Revised,Male,50-,Aboriginal,Top End,364
2022,Revised,Male,50-,Non-Aboriginal,Barkly,86
2022,Revised,Male,50-,Non-Aboriginal,Big Rivers,309
2022,Revised,Male,50-,Non-Aboriginal,Central Australia,765
2022,Revised,Male,50-,Non-Aboriginal,East Arnhem,156
2022,Revised,Male,50-,Non-Aboriginal,Greater Darwin,4521
2022,Revised,Male,50-,Non-Aboriginal,Top End,222
2022,Revised,Female,50-,Aboriginal,Barkly,148
2022,Revised,Female,50-,Aboriginal,Big Rivers,428
2022,Revised,Female,50-,Aboriginal,Central Australia,488
2022,Revised,Female,50-,Aboriginal,East Arnhem,277
2022,Revised,Female,50-,Aboriginal,Greater Darwin,534
2022,Revised,Female,50-,Aboriginal,Top End,376
2022,Revised,Female,50-,Non-Aboriginal,Barkly,63
2022,Revised,Female,50-,Non-Aboriginal,Big Rivers,311
2022,Revised,Female,50-,Non-Aboriginal,Central Australia,800
2022,Revised,Female,50-,Non-Aboriginal,East Arnhem,151
2022,Revised,Female,50-,Non-Aboriginal,Greater Darwin,4054
2022,Revised,Female,50-,Non-Aboriginal,Top End,200
2022,Revised,Male,55-,Aboriginal,Barkly,109
2022,Revised,Male,55-,Aboriginal,Big Rivers,257
2022,Revised,Male,55-,Aboriginal,Central Australia,335
2022,Revised,Male,55-,Aboriginal,East Arnhem,189
2022,Revised,Male,55-,Aboriginal,Greater Darwin,360
2022,Revised,Male,55-,Aboriginal,Top End,238
2022,Revised,Male,55-,Non-Aboriginal,Barkly,84
2022,Revised,Male,55-,Non-Aboriginal,Big Rivers,311
2022,Revised,Male,55-,Non-Aboriginal,Central Australia,775
2022,Revised,Male,55-,Non-Aboriginal,East Arnhem,168
2022,Revised,Male,55-,Non-Aboriginal,Greater Darwin,3956
2022,Revised,Male,55-,Non-Aboriginal,Top End,252
2022,Revised,Female,55-,Aboriginal,Barkly,129
2022,Revised,Female,55-,Aboriginal,Big Rivers,247
2022,Revised,Female,55-,Aboriginal,Central Australia,389
2022,Revised,Female,55-,Aboriginal,East Arnhem,220
2022,Revised,Female,55-,Aboriginal,Greater Darwin,449
2022,Revised,Female,55-,Aboriginal,Top End,268
2022,Revised,Female,55-,Non-Aboriginal,Barkly,74
2022,Revised,Female,55-,Non-Aboriginal,Big Rivers,267
2022,Revised,Female,55-,Non-Aboriginal,Central Australia,804
2022,Revised,Female,55-,Non-Aboriginal,East Arnhem,137
2022,Revised,Female,55-,Non-Aboriginal,Greater Darwin,3523
2022,Revised,Female,55-,Non-Aboriginal,Top End,206
2022,Revised,Male,60-,Aboriginal,Barkly,83
2022,Revised,Male,60-,Aboriginal,Big Rivers,174
2022,Revised,Male,60-,Aboriginal,Central Australia,220
2022,Revised,Male,60-,Aboriginal,East Arnhem,147
2022,Revised,Male,60-,Aboriginal,Greater Darwin,293
2022,Revised,Male,60-,Aboriginal,Top End,173
2022,Revised,Male,60-,Non-Aboriginal,Barkly,85
2022,Revised,Male,60-,Non-Aboriginal,Big Rivers,300
2022,Revised,Male,60-,Non-Aboriginal,Central Australia,716
2022,Revised,Male,60-,Non-Aboriginal,East Arnhem,116
2022,Revised,Male,60-,Non-Aboriginal,Greater Darwin,3525
2022,Revised,Male,60-,Non-Aboriginal,Top End,234
2022,Revised,Female,60-,Aboriginal,Barkly,90
2022,Revised,Female,60-,Aboriginal,Big Rivers,217
2022,Revised,Female,60-,Aboriginal,Central Australia,374
2022,Revised,Female,60-,Aboriginal,East Arnhem,178
2022,Revised,Female,60-,Aboriginal,Greater Darwin,350
2022,Revised,Female,60-,Aboriginal,Top End,219
2022,Revised,Female,60-,Non-Aboriginal,Barkly,86
2022,Revised,Female,60-,Non-Aboriginal,Big Rivers,260
2022,Revised,Female,60-,Non-Aboriginal,Central Australia,706
2022,Revised,Female,60-,Non-Aboriginal,East Arnhem,86
2022,Revised,Female,60-,Non-Aboriginal,Greater Darwin,3107
2022,Revised,Female,60-,Non-Aboriginal,Top End,187
2022,Revised,Male,65-,Aboriginal,Barkly,63
2022,Revised,Male,65-,Aboriginal,Big Rivers,124
2022,Revised,Male,65-,Aboriginal,Central Australia,176
2022,Revised,Male,65-,Aboriginal,East Arnhem,102
2022,Revised,Male,65-,Aboriginal,Greater Darwin,176
2022,Revised,Male,65-,Aboriginal,Top End,108
2022,Revised,Male,65-,Non-Aboriginal,Barkly,60
2022,Revised,Male,65-,Non-Aboriginal,Big Rivers,236
2022,Revised,Male,65-,Non-Aboriginal,Central Australia,551
2022,Revised,Male,65-,Non-Aboriginal,East Arnhem,59
2022,Revised,Male,65-,Non-Aboriginal,Greater Darwin,2736
2022,Revised,Male,65-,Non-Aboriginal,Top End,232
2022,Revised,Female,65-,Aboriginal,Barkly,66
2022,Revised,Female,65-,Aboriginal,Big Rivers,134
2022,Revised,Female,65-,Aboriginal,Central Australia,238
2022,Revised,Female,65-,Aboriginal,East Arnhem,106
2022,Revised,Female,65-,Aboriginal,Greater Darwin,259
2022,Revised,Female,65-,Aboriginal,Top End,147
2022,Revised,Female,65-,Non-Aboriginal,Barkly,52
2022,Revised,Female,65-,Non-Aboriginal,Big Rivers,190
2022,Revised,Female,65-,Non-Aboriginal,Central Australia,511
2022,Revised,Female,65-,Non-Aboriginal,East Arnhem,49
2022,Revised,Female,65-,Non-Aboriginal,Greater Darwin,2427
2022,Revised,Female,65-,Non-Aboriginal,Top End,179
2022,Revised,Male,70-,Aboriginal,Barkly,32
2022,Revised,Male,70-,Aboriginal,Big Rivers,53
2022,Revised,Male,70-,Aboriginal,Central Australia,91
2022,Revised,Male,70-,Aboriginal,East Arnhem,42
2022,Revised,Male,70-,Aboriginal,Greater Darwin,106
2022,Revised,Male,70-,Aboriginal,Top End,42
2022,Revised,Male,70-,Non-Aboriginal,Barkly,46
2022,Revised,Male,70-,Non-Aboriginal,Big Rivers,219
2022,Revised,Male,70-,Non-Aboriginal,Central Australia,317
2022,Revised,Male,70-,Non-Aboriginal,East Arnhem,46
2022,Revised,Male,70-,Non-Aboriginal,Greater Darwin,2176
2022,Revised,Male,70-,Non-Aboriginal,Top End,183
2022,Revised,Female,70-,Aboriginal,Barkly,38
2022,Revised,Female,70-,Aboriginal,Big Rivers,99
2022,Revised,Female,70-,Aboriginal,Central Australia,172
2022,Revised,Female,70-,Aboriginal,East Arnhem,40
2022,Revised,Female,70-,Aboriginal,Greater Darwin,174
2022,Revised,Female,70-,Aboriginal,Top End,82
2022,Revised,Female,70-,Non-Aboriginal,Barkly,11
2022,Revised,Female,70-,Non-Aboriginal,Big Rivers,122
2022,Revised,Female,70-,Non-Aboriginal,Central Australia,275
2022,Revised,Female,70-,Non-Aboriginal,East Arnhem,19
2022,Revised,Female,70-,Non-Aboriginal,Greater Darwin,1891
2022,Revised,Female,70-,Non-Aboriginal,Top End,118
2022,Revised,Male,75-,Aboriginal,Barkly,22
2022,Revised,Male,75-,Aboriginal,Big Rivers,32
2022,Revised,Male,75-,Aboriginal,Central Australia,41
2022,Revised,Male,75-,Aboriginal,East Arnhem,13
2022,Revised,Male,75-,Aboriginal,Greater Darwin,62
2022,Revised,Male,75-,Aboriginal,Top End,33
2022,Revised,Male,75-,Non-Aboriginal,Barkly,16
2022,Revised,Male,75-,Non-Aboriginal,Big Rivers,116
2022,Revised,Male,75-,Non-Aboriginal,Central Australia,157
2022,Revised,Male,75-,Non-Aboriginal,East Arnhem,18
2022,Revised,Male,75-,Non-Aboriginal,Greater Darwin,1383
2022,Revised,Male,75-,Non-Aboriginal,Top End,101
2022,Revised,Female,75-,Aboriginal,Barkly,15
2022,Revised,Female,75-,Aboriginal,Big Rivers,46
2022,Revised,Female,75-,Aboriginal,Central Australia,93
2022,Revised,Female,75-,Aboriginal,East Arnhem,28
2022,Revised,Female,75-,Aboriginal,Greater Darwin,64
2022,Revised,Female,75-,Aboriginal,Top End,30
2022,Revised,Female,75-,Non-Aboriginal,Barkly,11
2022,Revised,Female,75-,Non-Aboriginal,Big Rivers,66
2022,Revised,Female,75-,Non-Aboriginal,Central Australia,180
2022,Revised,Female,75-,Non-Aboriginal,East Arnhem,8
2022,Revised,Female,75-,Non-Aboriginal,Greater Darwin,1198
2022,Revised,Female,75-,Non-Aboriginal,Top End,44
2022,Revised,Male,80-,Aboriginal,Barkly,11
2022,Revised,Male,80-,Aboriginal,Big Rivers,21
2022,Revised,Male,80-,Aboriginal,Central Australia,25
2022,Revised,Male,80-,Aboriginal,East Arnhem,7
2022,Revised,Male,80-,Aboriginal,Greater Darwin,18
2022,Revised,Male,80-,Aboriginal,Top End,7
2022,Revised,Male,80-,Non-Aboriginal,Barkly,12
2022,Revised,Male,80-,Non-Aboriginal,Big Rivers,61
2022,Revised,Male,80-,Non-Aboriginal,Central Australia,118
2022,Revised,Male,80-,Non-Aboriginal,East Arnhem,5
2022,Revised,Male,80-,Non-Aboriginal,Greater Darwin,734
2022,Revised,Male,80-,Non-Aboriginal,Top End,43
2022,Revised,Female,80-,Aboriginal,Barkly,14
2022,Revised,Female,80-,Aboriginal,Big Rivers,21
2022,Revised,Female,80-,Aboriginal,Central Australia,50
2022,Revised,Female,80-,Aboriginal,East Arnhem,18
2022,Revised,Female,80-,Aboriginal,Greater Darwin,46
2022,Revised,Female,80-,Aboriginal,Top End,25
2022,Revised,Female,80-,Non-Aboriginal,Barkly,8
2022,Revised,Female,80-,Non-Aboriginal,Big Rivers,46
2022,Revised,Female,80-,Non-Aboriginal,Central Australia,117
2022,Revised,Female,80-,Non-Aboriginal,East Arnhem,0
2022,Revised,Female,80-,Non-Aboriginal,Greater Darwin,704
2022,Revised,Female,80-,Non-Aboriginal,Top End,18
2022,Revised,Male,85+,Aboriginal,Barkly,0
2022,Revised,Male,85+,Aboriginal,Big Rivers,16
2022,Revised,Male,85+,Aboriginal,Central Australia,26
2022,Revised,Male,85+,Aboriginal,East Arnhem,5
2022,Revised,Male,85+,Aboriginal,Greater Darwin,13
2022,Revised,Male,85+,Aboriginal,Top End,7
2022,Revised,Male,85+,Non-Aboriginal,Barkly,3
2022,Revised,Male,85+,Non-Aboriginal,Big Rivers,22
2022,Revised,Male,85+,Non-Aboriginal,Central Australia,52
2022,Revised,Male,85+,Non-Aboriginal,East Arnhem,0
2022,Revised,Male,85+,Non-Aboriginal,Greater Darwin,395
2022,Revised,Male,85+,Non-Aboriginal,Top End,3
2022,Revised,Female,85+,Aboriginal,Barkly,6
2022,Revised,Female,85+,Aboriginal,Big Rivers,18
2022,Revised,Female,85+,Aboriginal,Central Australia,42
2022,Revised,Female,85+,Aboriginal,East Arnhem,4
2022,Revised,Female,85+,Aboriginal,Greater Darwin,27
2022,Revised,Female,85+,Aboriginal,Top End,13
2022,Revised,Female,85+,Non-Aboriginal,Barkly,3
2022,Revised,Female,85+,Non-Aboriginal,Big Rivers,21
2022,Revised,Female,85+,Non-Aboriginal,Central Australia,103
2022,Revised,Female,85+,Non-Aboriginal,East Arnhem,0
2022,Revised,Female,85+,Non-Aboriginal,Greater Darwin,485
2022,Revised,Female,85+,Non-Aboriginal,Top End,0
2023,Revised,Male,0-,Aboriginal,Barkly,257
2023,Revised,Male,0-,Aboriginal,Big Rivers,587
2023,Revised,Male,0-,Aboriginal,Central Australia,721
2023,Revised,Male,0-,Aboriginal,East Arnhem,401
2023,Revised,Male,0-,Aboriginal,Greater Darwin,1018
2023,Revised,Male,0-,Aboriginal,Top End,460
2023,Revised,Male,0-,Non-Aboriginal,Barkly,46
2023,Revised,Male,0-,Non-Aboriginal,Big Rivers,289
2023,Revised,Male,0-,Non-Aboriginal,Central Australia,752
2023,Revised,Male,0-,Non-Aboriginal,East Arnhem,196
2023,Revised,Male,0-,Non-Aboriginal,Greater Darwin,4185
2023,Revised,Male,0-,Non-Aboriginal,Top End,128
2023,Revised,Female,0-,Aboriginal,Barkly,274
2023,Revised,Female,0-,Aboriginal,Big Rivers,525
2023,Revised,Female,0-,Aboriginal,Central Australia,716
2023,Revised,Female,0-,Aboriginal,East Arnhem,365
2023,Revised,Female,0-,Aboriginal,Greater Darwin,974
2023,Revised,Female,0-,Aboriginal,Top End,435
2023,Revised,Female,0-,Non-Aboriginal,Barkly,55
2023,Revised,Female,0-,Non-Aboriginal,Big Rivers,238
2023,Revised,Female,0-,Non-Aboriginal,Central Australia,690
2023,Revised,Female,0-,Non-Aboriginal,East Arnhem,158
2023,Revised,Female,0-,Non-Aboriginal,Greater Darwin,3993
2023,Revised,Female,0-,Non-Aboriginal,Top End,96
2023,Revised,Male,10-,Aboriginal,Barkly,251
2023,Revised,Male,10-,Aboriginal,Big Rivers,656
2023,Revised,Male,10-,Aboriginal,Central Australia,778
2023,Revised,Male,10-,Aboriginal,East Arnhem,456
2023,Revised,Male,10-,Aboriginal,Greater Darwin,1066
2023,Revised,Male,10-,Aboriginal,Top End,683
2023,Revised,Male,10-,Non-Aboriginal,Barkly,27
2023,Revised,Male,10-,Non-Aboriginal,Big Rivers,235
2023,Revised,Male,10-,Non-Aboriginal,Central Australia,600
2023,Revised,Male,10-,Non-Aboriginal,East Arnhem,163
2023,Revised,Male,10-,Non-Aboriginal,Greater Darwin,4008
2023,Revised,Male,10-,Non-Aboriginal,Top End,79
2023,Revised,Female,10-,Aboriginal,Barkly,242
2023,Revised,Female,10-,Aboriginal,Big Rivers,673
2023,Revised,Female,10-,Aboriginal,Central Australia,746
2023,Revised,Female,10-,Aboriginal,East Arnhem,457
2023,Revised,Female,10-,Aboriginal,Greater Darwin,1021
2023,Revised,Female,10-,Aboriginal,Top End,643
2023,Revised,Female,10-,Non-Aboriginal,Barkly,15
2023,Revised,Female,10-,Non-Aboriginal,Big Rivers,183
2023,Revised,Female,10-,Non-Aboriginal,Central Australia,635
2023,Revised,Female,10-,Non-Aboriginal,East Arnhem,176
2023,Revised,Female,10-,Non-Aboriginal,Greater Darwin,3627
2023,Revised,Female,10-,Non-Aboriginal,Top End,67
2023,Revised,Male,15-,Aboriginal,Barkly,249
2023,Revised,Male,15-,Aboriginal,Big Rivers,641
2023,Revised,Male,15-,Aboriginal,Central Australia,744
2023,Revised,Male,15-,Aboriginal,East Arnhem,624
2023,Revised,Male,15-,Aboriginal,Greater Darwin,898
2023,Revised,Male,15-,Aboriginal,Top End,742
2023,Revised,Male,15-,Non-Aboriginal,Barkly,53
2023,Revised,Male,15-,Non-Aboriginal,Big Rivers,189
2023,Revised,Male,15-,Non-Aboriginal,Central Australia,534
2023,Revised,Male,15-,Non-Aboriginal,East Arnhem,97
2023,Revised,Male,15-,Non-Aboriginal,Greater Darwin,3439
2023,Revised,Male,15-,Non-Aboriginal,Top End,79
2023,Revised,Female,15-,Aboriginal,Barkly,208
2023,Revised,Female,15-,Aboriginal,Big Rivers,621
2023,Revised,Female,15-,Aboriginal,Central Australia,696
2023,Revised,Female,15-,Aboriginal,East Arnhem,549
2023,Revised,Female,15-,Aboriginal,Greater Darwin,878
2023,Revised,Female,15-,Aboriginal,Top End,630
2023,Revised,Female,15-,Non-Aboriginal,Barkly,52
2023,Revised,Female,15-,Non-Aboriginal,Big Rivers,178
2023,Revised,Female,15-,Non-Aboriginal,Central Australia,498
2023,Revised,Female,15-,Non-Aboriginal,East Arnhem,98
2023,Revised,Female,15-,Non-Aboriginal,Greater Darwin,3037
2023,Revised,Female,15-,Non-Aboriginal,Top End,64
2023,Revised,Male,20-,Aboriginal,Barkly,192
2023,Revised,Male,20-,Aboriginal,Big Rivers,651
2023,Revised,Male,20-,Aboriginal,Central Australia,860
2023,Revised,Male,20-,Aboriginal,East Arnhem,606
2023,Revised,Male,20-,Aboriginal,Greater Darwin,1026
2023,Revised,Male,20-,Aboriginal,Top End,635
2023,Revised,Male,20-,Non-Aboriginal,Barkly,117
2023,Revised,Male,20-,Non-Aboriginal,Big Rivers,421
2023,Revised,Male,20-,Non-Aboriginal,Central Australia,536
2023,Revised,Male,20-,Non-Aboriginal,East Arnhem,65
2023,Revised,Male,20-,Non-Aboriginal,Greater Darwin,4872
2023,Revised,Male,20-,Non-Aboriginal,Top End,95
2023,Revised,Female,20-,Aboriginal,Barkly,185
2023,Revised,Female,20-,Aboriginal,Big Rivers,621
2023,Revised,Female,20-,Aboriginal,Central Australia,700
2023,Revised,Female,20-,Aboriginal,East Arnhem,541
2023,Revised,Female,20-,Aboriginal,Greater Darwin,679
2023,Revised,Female,20-,Aboriginal,Top End,603
2023,Revised,Female,20-,Non-Aboriginal,Barkly,81
2023,Revised,Female,20-,Non-Aboriginal,Big Rivers,311
2023,Revised,Female,20-,Non-Aboriginal,Central Australia,571
2023,Revised,Female,20-,Non-Aboriginal,East Arnhem,72
2023,Revised,Female,20-,Non-Aboriginal,Greater Darwin,3649
2023,Revised,Female,20-,Non-Aboriginal,Top End,81
2023,Revised,Male,25-,Aboriginal,Barkly,237
2023,Revised,Male,25-,Aboriginal,Big Rivers,510
2023,Revised,Male,25-,Aboriginal,Central Australia,765
2023,Revised,Male,25-,Aboriginal,East Arnhem,488
2023,Revised,Male,25-,Aboriginal,Greater Darwin,1013
2023,Revised,Male,25-,Aboriginal,Top End,652
2023,Revised,Male,25-,Non-Aboriginal,Barkly,124
2023,Revised,Male,25-,Non-Aboriginal,Big Rivers,564
2023,Revised,Male,25-,Non-Aboriginal,Central Australia,1094
2023,Revised,Male,25-,Non-Aboriginal,East Arnhem,158
2023,Revised,Male,25-,Non-Aboriginal,Greater Darwin,6294
2023,Revised,Male,25-,Non-Aboriginal,Top End,168
2023,Revised,Female,25-,Aboriginal,Barkly,250
2023,Revised,Female,25-,Aboriginal,Big Rivers,527
2023,Revised,Female,25-,Aboriginal,Central Australia,728
2023,Revised,Female,25-,Aboriginal,East Arnhem,461
2023,Revised,Female,25-,Aboriginal,Greater Darwin,801
2023,Revised,Female,25-,Aboriginal,Top End,664
2023,Revised,Female,25-,Non-Aboriginal,Barkly,120
2023,Revised,Female,25-,Non-Aboriginal,Big Rivers,512
2023,Revised,Female,25-,Non-Aboriginal,Central Australia,1253
2023,Revised,Female,25-,Non-Aboriginal,East Arnhem,178
2023,Revised,Female,25-,Non-Aboriginal,Greater Darwin,6153
2023,Revised,Female,25-,Non-Aboriginal,Top End,170
2023,Revised,Male,30-,Aboriginal,Barkly,222
2023,Revised,Male,30-,Aboriginal,Big Rivers,537
2023,Revised,Male,30-,Aboriginal,Central Australia,709
2023,Revised,Male,30-,Aboriginal,East Arnhem,470
2023,Revised,Male,30-,Aboriginal,Greater Darwin,889
2023,Revised,Male,30-,Aboriginal,Top End,547
2023,Revised,Male,30-,Non-Aboriginal,Barkly,122
2023,Revised,Male,30-,Non-Aboriginal,Big Rivers,550
2023,Revised,Male,30-,Non-Aboriginal,Central Australia,1297
2023,Revised,Male,30-,Non-Aboriginal,East Arnhem,189
2023,Revised,Male,30-,Non-Aboriginal,Greater Darwin,6852
2023,Revised,Male,30-,Non-Aboriginal,Top End,166
2023,Revised,Female,30-,Aboriginal,Barkly,224
2023,Revised,Female,30-,Aboriginal,Big Rivers,560
2023,Revised,Female,30-,Aboriginal,Central Australia,703
2023,Revised,Female,30-,Aboriginal,East Arnhem,510
2023,Revised,Female,30-,Aboriginal,Greater Darwin,725
2023,Revised,Female,30-,Aboriginal,Top End,578
2023,Revised,Female,30-,Non-Aboriginal,Barkly,108
2023,Revised,Female,30-,Non-Aboriginal,Big Rivers,505
2023,Revised,Female,30-,Non-Aboriginal,Central Australia,1470
2023,Revised,Female,30-,Non-Aboriginal,East Arnhem,252
2023,Revised,Female,30-,Non-Aboriginal,Greater Darwin,6670
2023,Revised,Female,30-,Non-Aboriginal,Top End,189
2023,Revised,Male,35-,Aboriginal,Barkly,181
2023,Revised,Male,35-,Aboriginal,Big Rivers,419
2023,Revised,Male,35-,Aboriginal,Central Australia,665
2023,Revised,Male,35-,Aboriginal,East Arnhem,395
2023,Revised,Male,35-,Aboriginal,Greater Darwin,721
2023,Revised,Male,35-,Aboriginal,Top End,469
2023,Revised,Male,35-,Non-Aboriginal,Barkly,84
2023,Revised,Male,35-,Non-Aboriginal,Big Rivers,443
2023,Revised,Male,35-,Non-Aboriginal,Central Australia,1161
2023,Revised,Male,35-,Non-Aboriginal,East Arnhem,280
2023,Revised,Male,35-,Non-Aboriginal,Greater Darwin,6073
2023,Revised,Male,35-,Non-Aboriginal,Top End,166
2023,Revised,Female,35-,Aboriginal,Barkly,200
2023,Revised,Female,35-,Aboriginal,Big Rivers,498
2023,Revised,Female,35-,Aboriginal,Central Australia,650
2023,Revised,Female,35-,Aboriginal,East Arnhem,446
2023,Revised,Female,35-,Aboriginal,Greater Darwin,614
2023,Revised,Female,35-,Aboriginal,Top End,556
2023,Revised,Female,35-,Non-Aboriginal,Barkly,86
2023,Revised,Female,35-,Non-Aboriginal,Big Rivers,410
2023,Revised,Female,35-,Non-Aboriginal,Central Australia,1104
2023,Revised,Female,35-,Non-Aboriginal,East Arnhem,277
2023,Revised,Female,35-,Non-Aboriginal,Greater Darwin,5944
2023,Revised,Female,35-,Non-Aboriginal,Top End,172
2023,Revised,Male,40-,Aboriginal,Barkly,147
2023,Revised,Male,40-,Aboriginal,Big Rivers,370
2023,Revised,Male,40-,Aboriginal,Central Australia,582
2023,Revised,Male,40-,Aboriginal,East Arnhem,359
2023,Revised,Male,40-,Aboriginal,Greater Darwin,607
2023,Revised,Male,40-,Aboriginal,Top End,465
2023,Revised,Male,40-,Non-Aboriginal,Barkly,54
2023,Revised,Male,40-,Non-Aboriginal,Big Rivers,315
2023,Revised,Male,40-,Non-Aboriginal,Central Australia,872
2023,Revised,Male,40-,Non-Aboriginal,East Arnhem,212
2023,Revised,Male,40-,Non-Aboriginal,Greater Darwin,5126
2023,Revised,Male,40-,Non-Aboriginal,Top End,136
2023,Revised,Female,40-,Aboriginal,Barkly,153
2023,Revised,Female,40-,Aboriginal,Big Rivers,406
2023,Revised,Female,40-,Aboriginal,Central Australia,622
2023,Revised,Female,40-,Aboriginal,East Arnhem,360
2023,Revised,Female,40-,Aboriginal,Greater Darwin,604
2023,Revised,Female,40-,Aboriginal,Top End,421
2023,Revised,Female,40-,Non-Aboriginal,Barkly,65
2023,Revised,Female,40-,Non-Aboriginal,Big Rivers,266
2023,Revised,Female,40-,Non-Aboriginal,Central Australia,856
2023,Revised,Female,40-,Non-Aboriginal,East Arnhem,189
2023,Revised,Female,40-,Non-Aboriginal,Greater Darwin,5102
2023,Revised,Female,40-,Non-Aboriginal,Top End,147
2023,Revised,Male,45-,Aboriginal,Barkly,131
2023,Revised,Male,45-,Aboriginal,Big Rivers,316
2023,Revised,Male,45-,Aboriginal,Central Australia,488
2023,Revised,Male,45-,Aboriginal,East Arnhem,252
2023,Revised,Male,45-,Aboriginal,Greater Darwin,575
2023,Revised,Male,45-,Aboriginal,Top End,349
2023,Revised,Male,45-,Non-Aboriginal,Barkly,66
2023,Revised,Male,45-,Non-Aboriginal,Big Rivers,264
2023,Revised,Male,45-,Non-Aboriginal,Central Australia,732
2023,Revised,Male,45-,Non-Aboriginal,East Arnhem,183
2023,Revised,Male,45-,Non-Aboriginal,Greater Darwin,4432
2023,Revised,Male,45-,Non-Aboriginal,Top End,175
2023,Revised,Female,45-,Aboriginal,Barkly,145
2023,Revised,Female,45-,Aboriginal,Big Rivers,351
2023,Revised,Female,45-,Aboriginal,Central Australia,541
2023,Revised,Female,45-,Aboriginal,East Arnhem,324
2023,Revised,Female,45-,Aboriginal,Greater Darwin,548
2023,Revised,Female,45-,Aboriginal,Top End,373
2023,Revised,Female,45-,Non-Aboriginal,Barkly,57
2023,Revised,Female,45-,Non-Aboriginal,Big Rivers,251
2023,Revised,Female,45-,Non-Aboriginal,Central Australia,705
2023,Revised,Female,45-,Non-Aboriginal,East Arnhem,170
2023,Revised,Female,45-,Non-Aboriginal,Greater Darwin,4193
2023,Revised,Female,45-,Non-Aboriginal,Top End,159
2023,Revised,Male,5-,Aboriginal,Barkly,291
2023,Revised,Male,5-,Aboriginal,Big Rivers,645
2023,Revised,Male,5-,Aboriginal,Central Australia,758
2023,Revised,Male,5-,Aboriginal,East Arnhem,409
2023,Revised,Male,5-,Aboriginal,Greater Darwin,1008
2023,Revised,Male,5-,Aboriginal,Top End,652
2023,Revised,Male,5-,Non-Aboriginal,Barkly,31
2023,Revised,Male,5-,Non-Aboriginal,Big Rivers,244
2023,Revised,Male,5-,Non-Aboriginal,Central Australia,728
2023,Revised,Male,5-,Non-Aboriginal,East Arnhem,230
2023,Revised,Male,5-,Non-Aboriginal,Greater Darwin,4250
2023,Revised,Male,5-,Non-Aboriginal,Top End,96
2023,Revised,Female,5-,Aboriginal,Barkly,280
2023,Revised,Female,5-,Aboriginal,Big Rivers,579
2023,Revised,Female,5-,Aboriginal,Central Australia,653
2023,Revised,Female,5-,Aboriginal,East Arnhem,370
2023,Revised,Female,5-,Aboriginal,Greater Darwin,972
2023,Revised,Female,5-,Aboriginal,Top End,588
2023,Revised,Female,5-,Non-Aboriginal,Barkly,25
2023,Revised,Female,5-,Non-Aboriginal,Big Rivers,254
2023,Revised,Female,5-,Non-Aboriginal,Central Australia,664
2023,Revised,Female,5-,Non-Aboriginal,East Arnhem,220
2023,Revised,Female,5-,Non-Aboriginal,Greater Darwin,4010
2023,Revised,Female,5-,Non-Aboriginal,Top End,112
2023,Revised,Male,50-,Aboriginal,Barkly,122
2023,Revised,Male,50-,Aboriginal,Big Rivers,325
2023,Revised,Male,50-,Aboriginal,Central Australia,415
2023,Revised,Male,50-,Aboriginal,East Arnhem,248
2023,Revised,Male,50-,Aboriginal,Greater Darwin,497
2023,Revised,Male,50-,Aboriginal,Top End,370
2023,Revised,Male,50-,Non-Aboriginal,Barkly,84
2023,Revised,Male,50-,Non-Aboriginal,Big Rivers,330
2023,Revised,Male,50-,Non-Aboriginal,Central Australia,750
2023,Revised,Male,50-,Non-Aboriginal,East Arnhem,153
2023,Revised,Male,50-,Non-Aboriginal,Greater Darwin,4601
2023,Revised,Male,50-,Non-Aboriginal,Top End,226
2023,Revised,Female,50-,Aboriginal,Barkly,157
2023,Revised,Female,50-,Aboriginal,Big Rivers,414
2023,Revised,Female,50-,Aboriginal,Central Australia,506
2023,Revised,Female,50-,Aboriginal,East Arnhem,266
2023,Revised,Female,50-,Aboriginal,Greater Darwin,529
2023,Revised,Female,50-,Aboriginal,Top End,378
2023,Revised,Female,50-,Non-Aboriginal,Barkly,66
2023,Revised,Female,50-,Non-Aboriginal,Big Rivers,301
2023,Revised,Female,50-,Non-Aboriginal,Central Australia,829
2023,Revised,Female,50-,Non-Aboriginal,East Arnhem,145
2023,Revised,Female,50-,Non-Aboriginal,Greater Darwin,4017
2023,Revised,Female,50-,Non-Aboriginal,Top End,201
2023,Revised,Male,55-,Aboriginal,Barkly,105
2023,Revised,Male,55-,Aboriginal,Big Rivers,257
2023,Revised,Male,55-,Aboriginal,Central Australia,325
2023,Revised,Male,55-,Aboriginal,East Arnhem,178
2023,Revised,Male,55-,Aboriginal,Greater Darwin,360
2023,Revised,Male,55-,Aboriginal,Top End,228
2023,Revised,Male,55-,Non-Aboriginal,Barkly,82
2023,Revised,Male,55-,Non-Aboriginal,Big Rivers,310
2023,Revised,Male,55-,Non-Aboriginal,Central Australia,752
2023,Revised,Male,55-,Non-Aboriginal,East Arnhem,158
2023,Revised,Male,55-,Non-Aboriginal,Greater Darwin,3956
2023,Revised,Male,55-,Non-Aboriginal,Top End,242
2023,Revised,Female,55-,Aboriginal,Barkly,124
2023,Revised,Female,55-,Aboriginal,Big Rivers,257
2023,Revised,Female,55-,Aboriginal,Central Australia,398
2023,Revised,Female,55-,Aboriginal,East Arnhem,219
2023,Revised,Female,55-,Aboriginal,Greater Darwin,456
2023,Revised,Female,55-,Aboriginal,Top End,267
2023,Revised,Female,55-,Non-Aboriginal,Barkly,71
2023,Revised,Female,55-,Non-Aboriginal,Big Rivers,278
2023,Revised,Female,55-,Non-Aboriginal,Central Australia,822
2023,Revised,Female,55-,Non-Aboriginal,East Arnhem,137
2023,Revised,Female,55-,Non-Aboriginal,Greater Darwin,3574
2023,Revised,Female,55-,Non-Aboriginal,Top End,204
2023,Revised,Male,60-,Aboriginal,Barkly,86
2023,Revised,Male,60-,Aboriginal,Big Rivers,168
2023,Revised,Male,60-,Aboriginal,Central Australia,228
2023,Revised,Male,60-,Aboriginal,East Arnhem,150
2023,Revised,Male,60-,Aboriginal,Greater Darwin,296
2023,Revised,Male,60-,Aboriginal,Top End,186
2023,Revised,Male,60-,Non-Aboriginal,Barkly,88
2023,Revised,Male,60-,Non-Aboriginal,Big Rivers,289
2023,Revised,Male,60-,Non-Aboriginal,Central Australia,747
2023,Revised,Male,60-,Non-Aboriginal,East Arnhem,118
2023,Revised,Male,60-,Non-Aboriginal,Greater Darwin,3561
2023,Revised,Male,60-,Non-Aboriginal,Top End,251
2023,Revised,Female,60-,Aboriginal,Barkly,91
2023,Revised,Female,60-,Aboriginal,Big Rivers,231
2023,Revised,Female,60-,Aboriginal,Central Australia,371
2023,Revised,Female,60-,Aboriginal,East Arnhem,178
2023,Revised,Female,60-,Aboriginal,Greater Darwin,355
2023,Revised,Female,60-,Aboriginal,Top End,217
2023,Revised,Female,60-,Non-Aboriginal,Barkly,88
2023,Revised,Female,60-,Non-Aboriginal,Big Rivers,276
2023,Revised,Female,60-,Non-Aboriginal,Central Australia,702
2023,Revised,Female,60-,Non-Aboriginal,East Arnhem,86
2023,Revised,Female,60-,Non-Aboriginal,Greater Darwin,3157
2023,Revised,Female,60-,Non-Aboriginal,Top End,187
2023,Revised,Male,65-,Aboriginal,Barkly,65
2023,Revised,Male,65-,Aboriginal,Big Rivers,130
2023,Revised,Male,65-,Aboriginal,Central Australia,164
2023,Revised,Male,65-,Aboriginal,East Arnhem,97
2023,Revised,Male,65-,Aboriginal,Greater Darwin,183
2023,Revised,Male,65-,Aboriginal,Top End,108
2023,Revised,Male,65-,Non-Aboriginal,Barkly,62
2023,Revised,Male,65-,Non-Aboriginal,Big Rivers,248
2023,Revised,Male,65-,Non-Aboriginal,Central Australia,513
2023,Revised,Male,65-,Non-Aboriginal,East Arnhem,56
2023,Revised,Male,65-,Non-Aboriginal,Greater Darwin,2826
2023,Revised,Male,65-,Non-Aboriginal,Top End,232
2023,Revised,Female,65-,Aboriginal,Barkly,71
2023,Revised,Female,65-,Aboriginal,Big Rivers,133
2023,Revised,Female,65-,Aboriginal,Central Australia,242
2023,Revised,Female,65-,Aboriginal,East Arnhem,104
2023,Revised,Female,65-,Aboriginal,Greater Darwin,266
2023,Revised,Female,65-,Aboriginal,Top End,146
2023,Revised,Female,65-,Non-Aboriginal,Barkly,54
2023,Revised,Female,65-,Non-Aboriginal,Big Rivers,190
2023,Revised,Female,65-,Non-Aboriginal,Central Australia,519
2023,Revised,Female,65-,Non-Aboriginal,East Arnhem,48
2023,Revised,Female,65-,Non-Aboriginal,Greater Darwin,2489
2023,Revised,Female,65-,Non-Aboriginal,Top End,177
2023,Revised,Male,70-,Aboriginal,Barkly,31
2023,Revised,Male,70-,Aboriginal,Big Rivers,54
2023,Revised,Male,70-,Aboriginal,Central Australia,96
2023,Revised,Male,70-,Aboriginal,East Arnhem,42
2023,Revised,Male,70-,Aboriginal,Greater Darwin,110
2023,Revised,Male,70-,Aboriginal,Top End,40
2023,Revised,Male,70-,Non-Aboriginal,Barkly,44
2023,Revised,Male,70-,Non-Aboriginal,Big Rivers,223
2023,Revised,Male,70-,Non-Aboriginal,Central Australia,331
2023,Revised,Male,70-,Non-Aboriginal,East Arnhem,45
2023,Revised,Male,70-,Non-Aboriginal,Greater Darwin,2250
2023,Revised,Male,70-,Non-Aboriginal,Top End,173
2023,Revised,Female,70-,Aboriginal,Barkly,39
2023,Revised,Female,70-,Aboriginal,Big Rivers,96
2023,Revised,Female,70-,Aboriginal,Central Australia,173
2023,Revised,Female,70-,Aboriginal,East Arnhem,41
2023,Revised,Female,70-,Aboriginal,Greater Darwin,182
2023,Revised,Female,70-,Aboriginal,Top End,77
2023,Revised,Female,70-,Non-Aboriginal,Barkly,12
2023,Revised,Female,70-,Non-Aboriginal,Big Rivers,119
2023,Revised,Female,70-,Non-Aboriginal,Central Australia,277
2023,Revised,Female,70-,Non-Aboriginal,East Arnhem,19
2023,Revised,Female,70-,Non-Aboriginal,Greater Darwin,1981
2023,Revised,Female,70-,Non-Aboriginal,Top End,112
2023,Revised,Male,75-,Aboriginal,Barkly,29
2023,Revised,Male,75-,Aboriginal,Big Rivers,36
2023,Revised,Male,75-,Aboriginal,Central Australia,42
2023,Revised,Male,75-,Aboriginal,East Arnhem,14
2023,Revised,Male,75-,Aboriginal,Greater Darwin,65
2023,Revised,Male,75-,Aboriginal,Top End,37
2023,Revised,Male,75-,Non-Aboriginal,Barkly,21
2023,Revised,Male,75-,Non-Aboriginal,Big Rivers,130
2023,Revised,Male,75-,Non-Aboriginal,Central Australia,161
2023,Revised,Male,75-,Non-Aboriginal,East Arnhem,20
2023,Revised,Male,75-,Non-Aboriginal,Greater Darwin,1489
2023,Revised,Male,75-,Non-Aboriginal,Top End,111
2023,Revised,Female,75-,Aboriginal,Barkly,20
2023,Revised,Female,75-,Aboriginal,Big Rivers,51
2023,Revised,Female,75-,Aboriginal,Central Australia,113
2023,Revised,Female,75-,Aboriginal,East Arnhem,29
2023,Revised,Female,75-,Aboriginal,Greater Darwin,71
2023,Revised,Female,75-,Aboriginal,Top End,26
2023,Revised,Female,75-,Non-Aboriginal,Barkly,14
2023,Revised,Female,75-,Non-Aboriginal,Big Rivers,74
2023,Revised,Female,75-,Non-Aboriginal,Central Australia,214
2023,Revised,Female,75-,Non-Aboriginal,East Arnhem,9
2023,Revised,Female,75-,Non-Aboriginal,Greater Darwin,1348
2023,Revised,Female,75-,Non-Aboriginal,Top End,38
2023,Revised,Male,80-,Aboriginal,Barkly,11
2023,Revised,Male,80-,Aboriginal,Big Rivers,21
2023,Revised,Male,80-,Aboriginal,Central Australia,34
2023,Revised,Male,80-,Aboriginal,East Arnhem,5
2023,Revised,Male,80-,Aboriginal,Greater Darwin,18
2023,Revised,Male,80-,Aboriginal,Top End,6
2023,Revised,Male,80-,Non-Aboriginal,Barkly,12
2023,Revised,Male,80-,Non-Aboriginal,Big Rivers,62
2023,Revised,Male,80-,Non-Aboriginal,Central Australia,163
2023,Revised,Male,80-,Non-Aboriginal,East Arnhem,4
2023,Revised,Male,80-,Non-Aboriginal,Greater Darwin,760
2023,Revised,Male,80-,Non-Aboriginal,Top End,38
2023,Revised,Female,80-,Aboriginal,Barkly,12
2023,Revised,Female,80-,Aboriginal,Big Rivers,24
2023,Revised,Female,80-,Aboriginal,Central Australia,54
2023,Revised,Female,80-,Aboriginal,East Arnhem,19
2023,Revised,Female,80-,Aboriginal,Greater Darwin,47
2023,Revised,Female,80-,Aboriginal,Top End,25
2023,Revised,Female,80-,Non-Aboriginal,Barkly,7
2023,Revised,Female,80-,Non-Aboriginal,Big Rivers,53
2023,Revised,Female,80-,Non-Aboriginal,Central Australia,126
2023,Revised,Female,80-,Non-Aboriginal,East Arnhem,0
2023,Revised,Female,80-,Non-Aboriginal,Greater Darwin,708
2023,Revised,Female,80-,Non-Aboriginal,Top End,18
2023,Revised,Male,85+,Aboriginal,Barkly,0
2023,Revised,Male,85+,Aboriginal,Big Rivers,21
2023,Revised,Male,85+,Aboriginal,Central Australia,24
2023,Revised,Male,85+,Aboriginal,East Arnhem,7
2023,Revised,Male,85+,Aboriginal,Greater Darwin,15
2023,Revised,Male,85+,Aboriginal,Top End,5
2023,Revised,Male,85+,Non-Aboriginal,Barkly,0
2023,Revised,Male,85+,Non-Aboriginal,Big Rivers,28
2023,Revised,Male,85+,Non-Aboriginal,Central Australia,49
2023,Revised,Male,85+,Non-Aboriginal,East Arnhem,0
2023,Revised,Male,85+,Non-Aboriginal,Greater Darwin,446
2023,Revised,Male,85+,Non-Aboriginal,Top End,2
2023,Revised,Female,85+,Aboriginal,Barkly,8
2023,Revised,Female,85+,Aboriginal,Big Rivers,21
2023,Revised,Female,85+,Aboriginal,Central Australia,49
2023,Revised,Female,85+,Aboriginal,East Arnhem,5
2023,Revised,Female,85+,Aboriginal,Greater Darwin,29
2023,Revised,Female,85+,Aboriginal,Top End,12
2023,Revised,Female,85+,Non-Aboriginal,Barkly,4
2023,Revised,Female,85+,Non-Aboriginal,Big Rivers,23
2023,Revised,Female,85+,Non-Aboriginal,Central Australia,120
2023,Revised,Female,85+,Non-Aboriginal,East Arnhem,0
2023,Revised,Female,85+,Non-Aboriginal,Greater Darwin,523
2023,Revised,Female,85+,Non-Aboriginal,Top End,0
2024,Revised,Male,0-,Aboriginal,Barkly,254
2024,Revised,Male,0-,Aboriginal,Big Rivers,579
2024,Revised,Male,0-,Aboriginal,Central Australia,712
2024,Revised,Male,0-,Aboriginal,East Arnhem,397
2024,Revised,Male,0-,Aboriginal,Greater Darwin,1005
2024,Revised,Male,0-,Aboriginal,Top End,455
2024,Revised,Male,0-,Non-Aboriginal,Barkly,46
2024,Revised,Male,0-,Non-Aboriginal,Big Rivers,286
2024,Revised,Male,0-,Non-Aboriginal,Central Australia,743
2024,Revised,Male,0-,Non-Aboriginal,East Arnhem,193
2024,Revised,Male,0-,Non-Aboriginal,Greater Darwin,4134
2024,Revised,Male,0-,Non-Aboriginal,Top End,127
2024,Revised,Female,0-,Aboriginal,Barkly,273
2024,Revised,Female,0-,Aboriginal,Big Rivers,524
2024,Revised,Female,0-,Aboriginal,Central Australia,714
2024,Revised,Female,0-,Aboriginal,East Arnhem,365
2024,Revised,Female,0-,Aboriginal,Greater Darwin,972
2024,Revised,Female,0-,Aboriginal,Top End,434
2024,Revised,Female,0-,Non-Aboriginal,Barkly,55
2024,Revised,Female,0-,Non-Aboriginal,Big Rivers,237
2024,Revised,Female,0-,Non-Aboriginal,Central Australia,689
2024,Revised,Female,0-,Non-Aboriginal,East Arnhem,158
2024,Revised,Female,0-,Non-Aboriginal,Greater Darwin,3985
2024,Revised,Female,0-,Non-Aboriginal,Top End,95
2024,Revised,Male,10-,Aboriginal,Barkly,255
2024,Revised,Male,10-,Aboriginal,Big Rivers,666
2024,Revised,Male,10-,Aboriginal,Central Australia,789
2024,Revised,Male,10-,Aboriginal,East Arnhem,463
2024,Revised,Male,10-,Aboriginal,Greater Darwin,1082
2024,Revised,Male,10-,Aboriginal,Top End,694
2024,Revised,Male,10-,Non-Aboriginal,Barkly,27
2024,Revised,Male,10-,Non-Aboriginal,Big Rivers,239
2024,Revised,Male,10-,Non-Aboriginal,Central Australia,609
2024,Revised,Male,10-,Non-Aboriginal,East Arnhem,167
2024,Revised,Male,10-,Non-Aboriginal,Greater Darwin,4069
2024,Revised,Male,10-,Non-Aboriginal,Top End,79
2024,Revised,Female,10-,Aboriginal,Barkly,244
2024,Revised,Female,10-,Aboriginal,Big Rivers,677
2024,Revised,Female,10-,Aboriginal,Central Australia,751
2024,Revised,Female,10-,Aboriginal,East Arnhem,460
2024,Revised,Female,10-,Aboriginal,Greater Darwin,1028
2024,Revised,Female,10-,Aboriginal,Top End,648
2024,Revised,Female,10-,Non-Aboriginal,Barkly,15
2024,Revised,Female,10-,Non-Aboriginal,Big Rivers,184
2024,Revised,Female,10-,Non-Aboriginal,Central Australia,639
2024,Revised,Female,10-,Non-Aboriginal,East Arnhem,178
2024,Revised,Female,10-,Non-Aboriginal,Greater Darwin,3652
2024,Revised,Female,10-,Non-Aboriginal,Top End,68
2024,Revised,Male,15-,Aboriginal,Barkly,251
2024,Revised,Male,15-,Aboriginal,Big Rivers,646
2024,Revised,Male,15-,Aboriginal,Central Australia,749
2024,Revised,Male,15-,Aboriginal,East Arnhem,628
2024,Revised,Male,15-,Aboriginal,Greater Darwin,905
2024,Revised,Male,15-,Aboriginal,Top End,747
2024,Revised,Male,15-,Non-Aboriginal,Barkly,54
2024,Revised,Male,15-,Non-Aboriginal,Big Rivers,190
2024,Revised,Male,15-,Non-Aboriginal,Central Australia,538
2024,Revised,Male,15-,Non-Aboriginal,East Arnhem,97
2024,Revised,Male,15-,Non-Aboriginal,Greater Darwin,3463
2024,Revised,Male,15-,Non-Aboriginal,Top End,80
2024,Revised,Female,15-,Aboriginal,Barkly,210
2024,Revised,Female,15-,Aboriginal,Big Rivers,627
2024,Revised,Female,15-,Aboriginal,Central Australia,701
2024,Revised,Female,15-,Aboriginal,East Arnhem,554
2024,Revised,Female,15-,Aboriginal,Greater Darwin,885
2024,Revised,Female,15-,Aboriginal,Top End,635
2024,Revised,Female,15-,Non-Aboriginal,Barkly,53
2024,Revised,Female,15-,Non-Aboriginal,Big Rivers,178
2024,Revised,Female,15-,Non-Aboriginal,Central Australia,503
2024,Revised,Female,15-,Non-Aboriginal,East Arnhem,98
2024,Revised,Female,15-,Non-Aboriginal,Greater Darwin,3062
2024,Revised,Female,15-,Non-Aboriginal,Top End,64
2024,Revised,Male,20-,Aboriginal,Barkly,199
2024,Revised,Male,20-,Aboriginal,Big Rivers,677
2024,Revised,Male,20-,Aboriginal,Central Australia,893
2024,Revised,Male,20-,Aboriginal,East Arnhem,630
2024,Revised,Male,20-,Aboriginal,Greater Darwin,1066
2024,Revised,Male,20-,Aboriginal,Top End,660
2024,Revised,Male,20-,Non-Aboriginal,Barkly,122
2024,Revised,Male,20-,Non-Aboriginal,Big Rivers,437
2024,Revised,Male,20-,Non-Aboriginal,Central Australia,557
2024,Revised,Male,20-,Non-Aboriginal,East Arnhem,68
2024,Revised,Male,20-,Non-Aboriginal,Greater Darwin,5063
2024,Revised,Male,20-,Non-Aboriginal,Top End,99
2024,Revised,Female,20-,Aboriginal,Barkly,185
2024,Revised,Female,20-,Aboriginal,Big Rivers,621
2024,Revised,Female,20-,Aboriginal,Central Australia,700
2024,Revised,Female,20-,Aboriginal,East Arnhem,540
2024,Revised,Female,20-,Aboriginal,Greater Darwin,679
2024,Revised,Female,20-,Aboriginal,Top End,603
2024,Revised,Female,20-,Non-Aboriginal,Barkly,81
2024,Revised,Female,20-,Non-Aboriginal,Big Rivers,311
2024,Revised,Female,20-,Non-Aboriginal,Central Australia,570
2024,Revised,Female,20-,Non-Aboriginal,East Arnhem,71
2024,Revised,Female,20-,Non-Aboriginal,Greater Darwin,3646
2024,Revised,Female,20-,Non-Aboriginal,Top End,81
2024,Revised,Male,25-,Aboriginal,Barkly,240
2024,Revised,Male,25-,Aboriginal,Big Rivers,516
2024,Revised,Male,25-,Aboriginal,Central Australia,775
2024,Revised,Male,25-,Aboriginal,East Arnhem,494
2024,Revised,Male,25-,Aboriginal,Greater Darwin,1025
2024,Revised,Male,25-,Aboriginal,Top End,660
2024,Revised,Male,25-,Non-Aboriginal,Barkly,125
2024,Revised,Male,25-,Non-Aboriginal,Big Rivers,571
2024,Revised,Male,25-,Non-Aboriginal,Central Australia,1108
2024,Revised,Male,25-,Non-Aboriginal,East Arnhem,160
2024,Revised,Male,25-,Non-Aboriginal,Greater Darwin,6374
2024,Revised,Male,25-,Non-Aboriginal,Top End,171
2024,Revised,Female,25-,Aboriginal,Barkly,248
2024,Revised,Female,25-,Aboriginal,Big Rivers,523
2024,Revised,Female,25-,Aboriginal,Central Australia,721
2024,Revised,Female,25-,Aboriginal,East Arnhem,456
2024,Revised,Female,25-,Aboriginal,Greater Darwin,793
2024,Revised,Female,25-,Aboriginal,Top End,658
2024,Revised,Female,25-,Non-Aboriginal,Barkly,118
2024,Revised,Female,25-,Non-Aboriginal,Big Rivers,507
2024,Revised,Female,25-,Non-Aboriginal,Central Australia,1241
2024,Revised,Female,25-,Non-Aboriginal,East Arnhem,177
2024,Revised,Female,25-,Non-Aboriginal,Greater Darwin,6093
2024,Revised,Female,25-,Non-Aboriginal,Top End,168
2024,Revised,Male,30-,Aboriginal,Barkly,226
2024,Revised,Male,30-,Aboriginal,Big Rivers,547
2024,Revised,Male,30-,Aboriginal,Central Australia,722
2024,Revised,Male,30-,Aboriginal,East Arnhem,478
2024,Revised,Male,30-,Aboriginal,Greater Darwin,906
2024,Revised,Male,30-,Aboriginal,Top End,557
2024,Revised,Male,30-,Non-Aboriginal,Barkly,125
2024,Revised,Male,30-,Non-Aboriginal,Big Rivers,560
2024,Revised,Male,30-,Non-Aboriginal,Central Australia,1321
2024,Revised,Male,30-,Non-Aboriginal,East Arnhem,192
2024,Revised,Male,30-,Non-Aboriginal,Greater Darwin,6979
2024,Revised,Male,30-,Non-Aboriginal,Top End,169
2024,Revised,Female,30-,Aboriginal,Barkly,228
2024,Revised,Female,30-,Aboriginal,Big Rivers,571
2024,Revised,Female,30-,Aboriginal,Central Australia,718
2024,Revised,Female,30-,Aboriginal,East Arnhem,521
2024,Revised,Female,30-,Aboriginal,Greater Darwin,741
2024,Revised,Female,30-,Aboriginal,Top End,592
2024,Revised,Female,30-,Non-Aboriginal,Barkly,112
2024,Revised,Female,30-,Non-Aboriginal,Big Rivers,516
2024,Revised,Female,30-,Non-Aboriginal,Central Australia,1501
2024,Revised,Female,30-,Non-Aboriginal,East Arnhem,257
2024,Revised,Female,30-,Non-Aboriginal,Greater Darwin,6814
2024,Revised,Female,30-,Non-Aboriginal,Top End,193
2024,Revised,Male,35-,Aboriginal,Barkly,187
2024,Revised,Male,35-,Aboriginal,Big Rivers,428
2024,Revised,Male,35-,Aboriginal,Central Australia,680
2024,Revised,Male,35-,Aboriginal,East Arnhem,405
2024,Revised,Male,35-,Aboriginal,Greater Darwin,737
2024,Revised,Male,35-,Aboriginal,Top End,480
2024,Revised,Male,35-,Non-Aboriginal,Barkly,86
2024,Revised,Male,35-,Non-Aboriginal,Big Rivers,453
2024,Revised,Male,35-,Non-Aboriginal,Central Australia,1188
2024,Revised,Male,35-,Non-Aboriginal,East Arnhem,287
2024,Revised,Male,35-,Non-Aboriginal,Greater Darwin,6215
2024,Revised,Male,35-,Non-Aboriginal,Top End,169
2024,Revised,Female,35-,Aboriginal,Barkly,202
2024,Revised,Female,35-,Aboriginal,Big Rivers,504
2024,Revised,Female,35-,Aboriginal,Central Australia,657
2024,Revised,Female,35-,Aboriginal,East Arnhem,451
2024,Revised,Female,35-,Aboriginal,Greater Darwin,622
2024,Revised,Female,35-,Aboriginal,Top End,563
2024,Revised,Female,35-,Non-Aboriginal,Barkly,87
2024,Revised,Female,35-,Non-Aboriginal,Big Rivers,415
2024,Revised,Female,35-,Non-Aboriginal,Central Australia,1116
2024,Revised,Female,35-,Non-Aboriginal,East Arnhem,280
2024,Revised,Female,35-,Non-Aboriginal,Greater Darwin,6011
2024,Revised,Female,35-,Non-Aboriginal,Top End,175
2024,Revised,Male,40-,Aboriginal,Barkly,151
2024,Revised,Male,40-,Aboriginal,Big Rivers,382
2024,Revised,Male,40-,Aboriginal,Central Australia,601
2024,Revised,Male,40-,Aboriginal,East Arnhem,372
2024,Revised,Male,40-,Aboriginal,Greater Darwin,628
2024,Revised,Male,40-,Aboriginal,Top End,481
2024,Revised,Male,40-,Non-Aboriginal,Barkly,57
2024,Revised,Male,40-,Non-Aboriginal,Big Rivers,327
2024,Revised,Male,40-,Non-Aboriginal,Central Australia,903
2024,Revised,Male,40-,Non-Aboriginal,East Arnhem,219
2024,Revised,Male,40-,Non-Aboriginal,Greater Darwin,5303
2024,Revised,Male,40-,Non-Aboriginal,Top End,141
2024,Revised,Female,40-,Aboriginal,Barkly,157
2024,Revised,Female,40-,Aboriginal,Big Rivers,417
2024,Revised,Female,40-,Aboriginal,Central Australia,638
2024,Revised,Female,40-,Aboriginal,East Arnhem,369
2024,Revised,Female,40-,Aboriginal,Greater Darwin,620
2024,Revised,Female,40-,Aboriginal,Top End,433
2024,Revised,Female,40-,Non-Aboriginal,Barkly,66
2024,Revised,Female,40-,Non-Aboriginal,Big Rivers,273
2024,Revised,Female,40-,Non-Aboriginal,Central Australia,878
2024,Revised,Female,40-,Non-Aboriginal,East Arnhem,194
2024,Revised,Female,40-,Non-Aboriginal,Greater Darwin,5233
2024,Revised,Female,40-,Non-Aboriginal,Top End,150
2024,Revised,Male,45-,Aboriginal,Barkly,132
2024,Revised,Male,45-,Aboriginal,Big Rivers,321
2024,Revised,Male,45-,Aboriginal,Central Australia,494
2024,Revised,Male,45-,Aboriginal,East Arnhem,255
2024,Revised,Male,45-,Aboriginal,Greater Darwin,582
2024,Revised,Male,45-,Aboriginal,Top End,354
2024,Revised,Male,45-,Non-Aboriginal,Barkly,66
2024,Revised,Male,45-,Non-Aboriginal,Big Rivers,268
2024,Revised,Male,45-,Non-Aboriginal,Central Australia,742
2024,Revised,Male,45-,Non-Aboriginal,East Arnhem,186
2024,Revised,Male,45-,Non-Aboriginal,Greater Darwin,4489
2024,Revised,Male,45-,Non-Aboriginal,Top End,177
2024,Revised,Female,45-,Aboriginal,Barkly,148
2024,Revised,Female,45-,Aboriginal,Big Rivers,356
2024,Revised,Female,45-,Aboriginal,Central Australia,551
2024,Revised,Female,45-,Aboriginal,East Arnhem,330
2024,Revised,Female,45-,Aboriginal,Greater Darwin,557
2024,Revised,Female,45-,Aboriginal,Top End,379
2024,Revised,Female,45-,Non-Aboriginal,Barkly,58
2024,Revised,Female,45-,Non-Aboriginal,Big Rivers,256
2024,Revised,Female,45-,Non-Aboriginal,Central Australia,717
2024,Revised,Female,45-,Non-Aboriginal,East Arnhem,172
2024,Revised,Female,45-,Non-Aboriginal,Greater Darwin,4263
2024,Revised,Female,45-,Non-Aboriginal,Top End,161
2024,Revised,Male,5-,Aboriginal,Barkly,292
2024,Revised,Male,5-,Aboriginal,Big Rivers,647
2024,Revised,Male,5-,Aboriginal,Central Australia,761
2024,Revised,Male,5-,Aboriginal,East Arnhem,411
2024,Revised,Male,5-,Aboriginal,Greater Darwin,1012
2024,Revised,Male,5-,Aboriginal,Top End,655
2024,Revised,Male,5-,Non-Aboriginal,Barkly,31
2024,Revised,Male,5-,Non-Aboriginal,Big Rivers,245
2024,Revised,Male,5-,Non-Aboriginal,Central Australia,732
2024,Revised,Male,5-,Non-Aboriginal,East Arnhem,232
2024,Revised,Male,5-,Non-Aboriginal,Greater Darwin,4268
2024,Revised,Male,5-,Non-Aboriginal,Top End,97
2024,Revised,Female,5-,Aboriginal,Barkly,280
2024,Revised,Female,5-,Aboriginal,Big Rivers,577
2024,Revised,Female,5-,Aboriginal,Central Australia,651
2024,Revised,Female,5-,Aboriginal,East Arnhem,370
2024,Revised,Female,5-,Aboriginal,Greater Darwin,969
2024,Revised,Female,5-,Aboriginal,Top End,587
2024,Revised,Female,5-,Non-Aboriginal,Barkly,24
2024,Revised,Female,5-,Non-Aboriginal,Big Rivers,252
2024,Revised,Female,5-,Non-Aboriginal,Central Australia,664
2024,Revised,Female,5-,Non-Aboriginal,East Arnhem,221
2024,Revised,Female,5-,Non-Aboriginal,Greater Darwin,3999
2024,Revised,Female,5-,Non-Aboriginal,Top End,111
2024,Revised,Male,50-,Aboriginal,Barkly,122
2024,Revised,Male,50-,Aboriginal,Big Rivers,322
2024,Revised,Male,50-,Aboriginal,Central Australia,413
2024,Revised,Male,50-,Aboriginal,East Arnhem,247
2024,Revised,Male,50-,Aboriginal,Greater Darwin,494
2024,Revised,Male,50-,Aboriginal,Top End,369
2024,Revised,Male,50-,Non-Aboriginal,Barkly,84
2024,Revised,Male,50-,Non-Aboriginal,Big Rivers,327
2024,Revised,Male,50-,Non-Aboriginal,Central Australia,747
2024,Revised,Male,50-,Non-Aboriginal,East Arnhem,152
2024,Revised,Male,50-,Non-Aboriginal,Greater Darwin,4579
2024,Revised,Male,50-,Non-Aboriginal,Top End,226
2024,Revised,Female,50-,Aboriginal,Barkly,154
2024,Revised,Female,50-,Aboriginal,Big Rivers,409
2024,Revised,Female,50-,Aboriginal,Central Australia,498
2024,Revised,Female,50-,Aboriginal,East Arnhem,262
2024,Revised,Female,50-,Aboriginal,Greater Darwin,521
2024,Revised,Female,50-,Aboriginal,Top End,373
2024,Revised,Female,50-,Non-Aboriginal,Barkly,65
2024,Revised,Female,50-,Non-Aboriginal,Big Rivers,298
2024,Revised,Female,50-,Non-Aboriginal,Central Australia,817
2024,Revised,Female,50-,Non-Aboriginal,East Arnhem,142
2024,Revised,Female,50-,Non-Aboriginal,Greater Darwin,3959
2024,Revised,Female,50-,Non-Aboriginal,Top End,198
2024,Revised,Male,55-,Aboriginal,Barkly,105
2024,Revised,Male,55-,Aboriginal,Big Rivers,259
2024,Revised,Male,55-,Aboriginal,Central Australia,326
2024,Revised,Male,55-,Aboriginal,East Arnhem,179
2024,Revised,Male,55-,Aboriginal,Greater Darwin,362
2024,Revised,Male,55-,Aboriginal,Top End,229
2024,Revised,Male,55-,Non-Aboriginal,Barkly,82
2024,Revised,Male,55-,Non-Aboriginal,Big Rivers,311
2024,Revised,Male,55-,Non-Aboriginal,Central Australia,756
2024,Revised,Male,55-,Non-Aboriginal,East Arnhem,159
2024,Revised,Male,55-,Non-Aboriginal,Greater Darwin,3976
2024,Revised,Male,55-,Non-Aboriginal,Top End,243
2024,Revised,Female,55-,Aboriginal,Barkly,125
2024,Revised,Female,55-,Aboriginal,Big Rivers,260
2024,Revised,Female,55-,Aboriginal,Central Australia,405
2024,Revised,Female,55-,Aboriginal,East Arnhem,223
2024,Revised,Female,55-,Aboriginal,Greater Darwin,464
2024,Revised,Female,55-,Aboriginal,Top End,270
2024,Revised,Female,55-,Non-Aboriginal,Barkly,72
2024,Revised,Female,55-,Non-Aboriginal,Big Rivers,282
2024,Revised,Female,55-,Non-Aboriginal,Central Australia,835
2024,Revised,Female,55-,Non-Aboriginal,East Arnhem,139
2024,Revised,Female,55-,Non-Aboriginal,Greater Darwin,3629
2024,Revised,Female,55-,Non-Aboriginal,Top End,207
2024,Revised,Male,60-,Aboriginal,Barkly,86
2024,Revised,Male,60-,Aboriginal,Big Rivers,167
2024,Revised,Male,60-,Aboriginal,Central Australia,227
2024,Revised,Male,60-,Aboriginal,East Arnhem,150
2024,Revised,Male,60-,Aboriginal,Greater Darwin,296
2024,Revised,Male,60-,Aboriginal,Top End,186
2024,Revised,Male,60-,Non-Aboriginal,Barkly,88
2024,Revised,Male,60-,Non-Aboriginal,Big Rivers,288
2024,Revised,Male,60-,Non-Aboriginal,Central Australia,745
2024,Revised,Male,60-,Non-Aboriginal,East Arnhem,118
2024,Revised,Male,60-,Non-Aboriginal,Greater Darwin,3554
2024,Revised,Male,60-,Non-Aboriginal,Top End,250
2024,Revised,Female,60-,Aboriginal,Barkly,91
2024,Revised,Female,60-,Aboriginal,Big Rivers,232
2024,Revised,Female,60-,Aboriginal,Central Australia,372
2024,Revised,Female,60-,Aboriginal,East Arnhem,178
2024,Revised,Female,60-,Aboriginal,Greater Darwin,356
2024,Revised,Female,60-,Aboriginal,Top End,218
2024,Revised,Female,60-,Non-Aboriginal,Barkly,88
2024,Revised,Female,60-,Non-Aboriginal,Big Rivers,276
2024,Revised,Female,60-,Non-Aboriginal,Central Australia,703
2024,Revised,Female,60-,Non-Aboriginal,East Arnhem,86
2024,Revised,Female,60-,Non-Aboriginal,Greater Darwin,3162
2024,Revised,Female,60-,Non-Aboriginal,Top End,187
2024,Revised,Male,65-,Aboriginal,Barkly,66
2024,Revised,Male,65-,Aboriginal,Big Rivers,132
2024,Revised,Male,65-,Aboriginal,Central Australia,167
2024,Revised,Male,65-,Aboriginal,East Arnhem,98
2024,Revised,Male,65-,Aboriginal,Greater Darwin,186
2024,Revised,Male,65-,Aboriginal,Top End,109
2024,Revised,Male,65-,Non-Aboriginal,Barkly,63
2024,Revised,Male,65-,Non-Aboriginal,Big Rivers,252
2024,Revised,Male,65-,Non-Aboriginal,Central Australia,522
2024,Revised,Male,65-,Non-Aboriginal,East Arnhem,58
2024,Revised,Male,65-,Non-Aboriginal,Greater Darwin,2872
2024,Revised,Male,65-,Non-Aboriginal,Top End,235
2024,Revised,Female,65-,Aboriginal,Barkly,73
2024,Revised,Female,65-,Aboriginal,Big Rivers,137
2024,Revised,Female,65-,Aboriginal,Central Australia,249
2024,Revised,Female,65-,Aboriginal,East Arnhem,106
2024,Revised,Female,65-,Aboriginal,Greater Darwin,274
2024,Revised,Female,65-,Aboriginal,Top End,151
2024,Revised,Female,65-,Non-Aboriginal,Barkly,57
2024,Revised,Female,65-,Non-Aboriginal,Big Rivers,195
2024,Revised,Female,65-,Non-Aboriginal,Central Australia,535
2024,Revised,Female,65-,Non-Aboriginal,East Arnhem,50
2024,Revised,Female,65-,Non-Aboriginal,Greater Darwin,2563
2024,Revised,Female,65-,Non-Aboriginal,Top End,183
2024,Revised,Male,70-,Aboriginal,Barkly,32
2024,Revised,Male,70-,Aboriginal,Big Rivers,55
2024,Revised,Male,70-,Aboriginal,Central Australia,98
2024,Revised,Male,70-,Aboriginal,East Arnhem,44
2024,Revised,Male,70-,Aboriginal,Greater Darwin,113
2024,Revised,Male,70-,Aboriginal,Top End,42
2024,Revised,Male,70-,Non-Aboriginal,Barkly,46
2024,Revised,Male,70-,Non-Aboriginal,Big Rivers,230
2024,Revised,Male,70-,Non-Aboriginal,Central Australia,341
2024,Revised,Male,70-,Non-Aboriginal,East Arnhem,47
2024,Revised,Male,70-,Non-Aboriginal,Greater Darwin,2321
2024,Revised,Male,70-,Non-Aboriginal,Top End,179
2024,Revised,Female,70-,Aboriginal,Barkly,41
2024,Revised,Female,70-,Aboriginal,Big Rivers,101
2024,Revised,Female,70-,Aboriginal,Central Australia,182
2024,Revised,Female,70-,Aboriginal,East Arnhem,43
2024,Revised,Female,70-,Aboriginal,Greater Darwin,192
2024,Revised,Female,70-,Aboriginal,Top End,81
2024,Revised,Female,70-,Non-Aboriginal,Barkly,12
2024,Revised,Female,70-,Non-Aboriginal,Big Rivers,125
2024,Revised,Female,70-,Non-Aboriginal,Central Australia,292
2024,Revised,Female,70-,Non-Aboriginal,East Arnhem,20
2024,Revised,Female,70-,Non-Aboriginal,Greater Darwin,2086
2024,Revised,Female,70-,Non-Aboriginal,Top End,118
2024,Revised,Male,75-,Aboriginal,Barkly,31
2024,Revised,Male,75-,Aboriginal,Big Rivers,38
2024,Revised,Male,75-,Aboriginal,Central Australia,45
2024,Revised,Male,75-,Aboriginal,East Arnhem,15
2024,Revised,Male,75-,Aboriginal,Greater Darwin,70
2024,Revised,Male,75-,Aboriginal,Top End,40
2024,Revised,Male,75-,Non-Aboriginal,Barkly,23
2024,Revised,Male,75-,Non-Aboriginal,Big Rivers,140
2024,Revised,Male,75-,Non-Aboriginal,Central Australia,172
2024,Revised,Male,75-,Non-Aboriginal,East Arnhem,22
2024,Revised,Male,75-,Non-Aboriginal,Greater Darwin,1595
2024,Revised,Male,75-,Non-Aboriginal,Top End,119
2024,Revised,Female,75-,Aboriginal,Barkly,22
2024,Revised,Female,75-,Aboriginal,Big Rivers,56
2024,Revised,Female,75-,Aboriginal,Central Australia,121
2024,Revised,Female,75-,Aboriginal,East Arnhem,31
2024,Revised,Female,75-,Aboriginal,Greater Darwin,77
2024,Revised,Female,75-,Aboriginal,Top End,29
2024,Revised,Female,75-,Non-Aboriginal,Barkly,15
2024,Revised,Female,75-,Non-Aboriginal,Big Rivers,79
2024,Revised,Female,75-,Non-Aboriginal,Central Australia,231
2024,Revised,Female,75-,Non-Aboriginal,East Arnhem,9
2024,Revised,Female,75-,Non-Aboriginal,Greater Darwin,1457
2024,Revised,Female,75-,Non-Aboriginal,Top End,41
2024,Revised,Male,80-,Aboriginal,Barkly,12
2024,Revised,Male,80-,Aboriginal,Big Rivers,23
2024,Revised,Male,80-,Aboriginal,Central Australia,38
2024,Revised,Male,80-,Aboriginal,East Arnhem,5
2024,Revised,Male,80-,Aboriginal,Greater Darwin,20
2024,Revised,Male,80-,Aboriginal,Top End,7
2024,Revised,Male,80-,Non-Aboriginal,Barkly,13
2024,Revised,Male,80-,Non-Aboriginal,Big Rivers,67
2024,Revised,Male,80-,Non-Aboriginal,Central Australia,180
2024,Revised,Male,80-,Non-Aboriginal,East Arnhem,4
2024,Revised,Male,80-,Non-Aboriginal,Greater Darwin,834
2024,Revised,Male,80-,Non-Aboriginal,Top End,42
2024,Revised,Female,80-,Aboriginal,Barkly,13
2024,Revised,Female,80-,Aboriginal,Big Rivers,26
2024,Revised,Female,80-,Aboriginal,Central Australia,58
2024,Revised,Female,80-,Aboriginal,East Arnhem,20
2024,Revised,Female,80-,Aboriginal,Greater Darwin,50
2024,Revised,Female,80-,Aboriginal,Top End,27
2024,Revised,Female,80-,Non-Aboriginal,Barkly,7
2024,Revised,Female,80-,Non-Aboriginal,Big Rivers,57
2024,Revised,Female,80-,Non-Aboriginal,Central Australia,135
2024,Revised,Female,80-,Non-Aboriginal,East Arnhem,0
2024,Revised,Female,80-,Non-Aboriginal,Greater Darwin,758
2024,Revised,Female,80-,Non-Aboriginal,Top End,19
2024,Revised,Male,85+,Aboriginal,Barkly,0
2024,Revised,Male,85+,Aboriginal,Big Rivers,23
2024,Revised,Male,85+,Aboriginal,Central Australia,26
2024,Revised,Male,85+,Aboriginal,East Arnhem,8
2024,Revised,Male,85+,Aboriginal,Greater Darwin,16
2024,Revised,Male,85+,Aboriginal,Top End,5
2024,Revised,Male,85+,Non-Aboriginal,Barkly,0
2024,Revised,Male,85+,Non-Aboriginal,Big Rivers,29
2024,Revised,Male,85+,Non-Aboriginal,Central Australia,52
2024,Revised,Male,85+,Non-Aboriginal,East Arnhem,0
2024,Revised,Male,85+,Non-Aboriginal,Greater Darwin,480
2024,Revised,Male,85+,Non-Aboriginal,Top End,2
2024,Revised,Female,85+,Aboriginal,Barkly,9
2024,Revised,Female,85+,Aboriginal,Big Rivers,22
2024,Revised,Female,85+,Aboriginal,Central Australia,52
2024,Revised,Female,85+,Aboriginal,East Arnhem,5
2024,Revised,Female,85+,Aboriginal,Greater Darwin,31
2024,Revised,Female,85+,Aboriginal,Top End,13
2024,Revised,Female,85+,Non-Aboriginal,Barkly,4
2024,Revised,Female,85+,Non-Aboriginal,Big Rivers,24
2024,Revised,Female,85+,Non-Aboriginal,Central Australia,127
2024,Revised,Female,85+,Non-Aboriginal,East Arnhem,0
2024,Revised,Female,85+,Non-Aboriginal,Greater Darwin,556
2024,Revised,Female,85+,Non-Aboriginal,Top End,0
2025,Preliminary,Male,0-,Aboriginal,Barkly,253
2025,Preliminary,Male,0-,Aboriginal,Big Rivers,576
2025,Preliminary,Male,0-,Aboriginal,Central Australia,709
2025,Preliminary,Male,0-,Aboriginal,East Arnhem,394
2025,Preliminary,Male,0-,Aboriginal,Greater Darwin,1001
2025,Preliminary,Male,0-,Aboriginal,Top End,452
2025,Preliminary,Male,0-,Non-Aboriginal,Barkly,46
2025,Preliminary,Male,0-,Non-Aboriginal,Big Rivers,284
2025,Preliminary,Male,0-,Non-Aboriginal,Central Australia,740
2025,Preliminary,Male,0-,Non-Aboriginal,East Arnhem,192
2025,Preliminary,Male,0-,Non-Aboriginal,Greater Darwin,4115
2025,Preliminary,Male,0-,Non-Aboriginal,Top End,126
2025,Preliminary,Female,0-,Aboriginal,Barkly,276
2025,Preliminary,Female,0-,Aboriginal,Big Rivers,529
2025,Preliminary,Female,0-,Aboriginal,Central Australia,721
2025,Preliminary,Female,0-,Aboriginal,East Arnhem,368
2025,Preliminary,Female,0-,Aboriginal,Greater Darwin,980
2025,Preliminary,Female,0-,Aboriginal,Top End,437
2025,Preliminary,Female,0-,Non-Aboriginal,Barkly,55
2025,Preliminary,Female,0-,Non-Aboriginal,Big Rivers,239
2025,Preliminary,Female,0-,Non-Aboriginal,Central Australia,695
2025,Preliminary,Female,0-,Non-Aboriginal,East Arnhem,159
2025,Preliminary,Female,0-,Non-Aboriginal,Greater Darwin,4020
2025,Preliminary,Female,0-,Non-Aboriginal,Top End,96
2025,Preliminary,Male,10-,Aboriginal,Barkly,259
2025,Preliminary,Male,10-,Aboriginal,Big Rivers,676
2025,Preliminary,Male,10-,Aboriginal,Central Australia,800
2025,Preliminary,Male,10-,Aboriginal,East Arnhem,469
2025,Preliminary,Male,10-,Aboriginal,Greater Darwin,1097
2025,Preliminary,Male,10-,Aboriginal,Top End,703
2025,Preliminary,Male,10-,Non-Aboriginal,Barkly,28
2025,Preliminary,Male,10-,Non-Aboriginal,Big Rivers,242
2025,Preliminary,Male,10-,Non-Aboriginal,Central Australia,618
2025,Preliminary,Male,10-,Non-Aboriginal,East Arnhem,169
2025,Preliminary,Male,10-,Non-Aboriginal,Greater Darwin,4127
2025,Preliminary,Male,10-,Non-Aboriginal,Top End,81
2025,Preliminary,Female,10-,Aboriginal,Barkly,248
2025,Preliminary,Female,10-,Aboriginal,Big Rivers,690
2025,Preliminary,Female,10-,Aboriginal,Central Australia,764
2025,Preliminary,Female,10-,Aboriginal,East Arnhem,468
2025,Preliminary,Female,10-,Aboriginal,Greater Darwin,1046
2025,Preliminary,Female,10-,Aboriginal,Top End,659
2025,Preliminary,Female,10-,Non-Aboriginal,Barkly,16
2025,Preliminary,Female,10-,Non-Aboriginal,Big Rivers,187
2025,Preliminary,Female,10-,Non-Aboriginal,Central Australia,650
2025,Preliminary,Female,10-,Non-Aboriginal,East Arnhem,180
2025,Preliminary,Female,10-,Non-Aboriginal,Greater Darwin,3715
2025,Preliminary,Female,10-,Non-Aboriginal,Top End,69
2025,Preliminary,Male,15-,Aboriginal,Barkly,258
2025,Preliminary,Male,15-,Aboriginal,Big Rivers,665
2025,Preliminary,Male,15-,Aboriginal,Central Australia,772
2025,Preliminary,Male,15-,Aboriginal,East Arnhem,647
2025,Preliminary,Male,15-,Aboriginal,Greater Darwin,932
2025,Preliminary,Male,15-,Aboriginal,Top End,770
2025,Preliminary,Male,15-,Non-Aboriginal,Barkly,55
2025,Preliminary,Male,15-,Non-Aboriginal,Big Rivers,196
2025,Preliminary,Male,15-,Non-Aboriginal,Central Australia,554
2025,Preliminary,Male,15-,Non-Aboriginal,East Arnhem,101
2025,Preliminary,Male,15-,Non-Aboriginal,Greater Darwin,3567
2025,Preliminary,Male,15-,Non-Aboriginal,Top End,82
2025,Preliminary,Female,15-,Aboriginal,Barkly,215
2025,Preliminary,Female,15-,Aboriginal,Big Rivers,641
2025,Preliminary,Female,15-,Aboriginal,Central Australia,717
2025,Preliminary,Female,15-,Aboriginal,East Arnhem,568
2025,Preliminary,Female,15-,Aboriginal,Greater Darwin,906
2025,Preliminary,Female,15-,Aboriginal,Top End,650
2025,Preliminary,Female,15-,Non-Aboriginal,Barkly,54
2025,Preliminary,Female,15-,Non-Aboriginal,Big Rivers,183
2025,Preliminary,Female,15-,Non-Aboriginal,Central Australia,514
2025,Preliminary,Female,15-,Non-Aboriginal,East Arnhem,101
2025,Preliminary,Female,15-,Non-Aboriginal,Greater Darwin,3134
2025,Preliminary,Female,15-,Non-Aboriginal,Top End,66
2025,Preliminary,Male,20-,Aboriginal,Barkly,202
2025,Preliminary,Male,20-,Aboriginal,Big Rivers,689
2025,Preliminary,Male,20-,Aboriginal,Central Australia,909
2025,Preliminary,Male,20-,Aboriginal,East Arnhem,641
2025,Preliminary,Male,20-,Aboriginal,Greater Darwin,1084
2025,Preliminary,Male,20-,Aboriginal,Top End,671
2025,Preliminary,Male,20-,Non-Aboriginal,Barkly,124
2025,Preliminary,Male,20-,Non-Aboriginal,Big Rivers,445
2025,Preliminary,Male,20-,Non-Aboriginal,Central Australia,567
2025,Preliminary,Male,20-,Non-Aboriginal,East Arnhem,69
2025,Preliminary,Male,20-,Non-Aboriginal,Greater Darwin,5151
2025,Preliminary,Male,20-,Non-Aboriginal,Top End,101
2025,Preliminary,Female,20-,Aboriginal,Barkly,181
2025,Preliminary,Female,20-,Aboriginal,Big Rivers,607
2025,Preliminary,Female,20-,Aboriginal,Central Australia,685
2025,Preliminary,Female,20-,Aboriginal,East Arnhem,529
2025,Preliminary,Female,20-,Aboriginal,Greater Darwin,665
2025,Preliminary,Female,20-,Aboriginal,Top End,590
2025,Preliminary,Female,20-,Non-Aboriginal,Barkly,79
2025,Preliminary,Female,20-,Non-Aboriginal,Big Rivers,304
2025,Preliminary,Female,20-,Non-Aboriginal,Central Australia,558
2025,Preliminary,Female,20-,Non-Aboriginal,East Arnhem,70
2025,Preliminary,Female,20-,Non-Aboriginal,Greater Darwin,3567
2025,Preliminary,Female,20-,Non-Aboriginal,Top End,79
2025,Preliminary,Male,25-,Aboriginal,Barkly,245
2025,Preliminary,Male,25-,Aboriginal,Big Rivers,527
2025,Preliminary,Male,25-,Aboriginal,Central Australia,791
2025,Preliminary,Male,25-,Aboriginal,East Arnhem,504
2025,Preliminary,Male,25-,Aboriginal,Greater Darwin,1047
2025,Preliminary,Male,25-,Aboriginal,Top End,674
2025,Preliminary,Male,25-,Non-Aboriginal,Barkly,128
2025,Preliminary,Male,25-,Non-Aboriginal,Big Rivers,582
2025,Preliminary,Male,25-,Non-Aboriginal,Central Australia,1130
2025,Preliminary,Male,25-,Non-Aboriginal,East Arnhem,162
2025,Preliminary,Male,25-,Non-Aboriginal,Greater Darwin,6503
2025,Preliminary,Male,25-,Non-Aboriginal,Top End,174
2025,Preliminary,Female,25-,Aboriginal,Barkly,242
2025,Preliminary,Female,25-,Aboriginal,Big Rivers,510
2025,Preliminary,Female,25-,Aboriginal,Central Australia,704
2025,Preliminary,Female,25-,Aboriginal,East Arnhem,446
2025,Preliminary,Female,25-,Aboriginal,Greater Darwin,774
2025,Preliminary,Female,25-,Aboriginal,Top End,643
2025,Preliminary,Female,25-,Non-Aboriginal,Barkly,116
2025,Preliminary,Female,25-,Non-Aboriginal,Big Rivers,495
2025,Preliminary,Female,25-,Non-Aboriginal,Central Australia,1212
2025,Preliminary,Female,25-,Non-Aboriginal,East Arnhem,172
2025,Preliminary,Female,25-,Non-Aboriginal,Greater Darwin,5950
2025,Preliminary,Female,25-,Non-Aboriginal,Top End,164
2025,Preliminary,Male,30-,Aboriginal,Barkly,226
2025,Preliminary,Male,30-,Aboriginal,Big Rivers,546
2025,Preliminary,Male,30-,Aboriginal,Central Australia,722
2025,Preliminary,Male,30-,Aboriginal,East Arnhem,477
2025,Preliminary,Male,30-,Aboriginal,Greater Darwin,904
2025,Preliminary,Male,30-,Aboriginal,Top End,556
2025,Preliminary,Male,30-,Non-Aboriginal,Barkly,125
2025,Preliminary,Male,30-,Non-Aboriginal,Big Rivers,560
2025,Preliminary,Male,30-,Non-Aboriginal,Central Australia,1319
2025,Preliminary,Male,30-,Non-Aboriginal,East Arnhem,192
2025,Preliminary,Male,30-,Non-Aboriginal,Greater Darwin,6971
2025,Preliminary,Male,30-,Non-Aboriginal,Top End,169
2025,Preliminary,Female,30-,Aboriginal,Barkly,230
2025,Preliminary,Female,30-,Aboriginal,Big Rivers,574
2025,Preliminary,Female,30-,Aboriginal,Central Australia,723
2025,Preliminary,Female,30-,Aboriginal,East Arnhem,524
2025,Preliminary,Female,30-,Aboriginal,Greater Darwin,745
2025,Preliminary,Female,30-,Aboriginal,Top End,595
2025,Preliminary,Female,30-,Non-Aboriginal,Barkly,112
2025,Preliminary,Female,30-,Non-Aboriginal,Big Rivers,518
2025,Preliminary,Female,30-,Non-Aboriginal,Central Australia,1510
2025,Preliminary,Female,30-,Non-Aboriginal,East Arnhem,259
2025,Preliminary,Female,30-,Non-Aboriginal,Greater Darwin,6852
2025,Preliminary,Female,30-,Non-Aboriginal,Top End,194
2025,Preliminary,Male,35-,Aboriginal,Barkly,195
2025,Preliminary,Male,35-,Aboriginal,Big Rivers,449
2025,Preliminary,Male,35-,Aboriginal,Central Australia,714
2025,Preliminary,Male,35-,Aboriginal,East Arnhem,425
2025,Preliminary,Male,35-,Aboriginal,Greater Darwin,774
2025,Preliminary,Male,35-,Aboriginal,Top End,503
2025,Preliminary,Male,35-,Non-Aboriginal,Barkly,90
2025,Preliminary,Male,35-,Non-Aboriginal,Big Rivers,474
2025,Preliminary,Male,35-,Non-Aboriginal,Central Australia,1246
2025,Preliminary,Male,35-,Non-Aboriginal,East Arnhem,300
2025,Preliminary,Male,35-,Non-Aboriginal,Greater Darwin,6518
2025,Preliminary,Male,35-,Non-Aboriginal,Top End,178
2025,Preliminary,Female,35-,Aboriginal,Barkly,206
2025,Preliminary,Female,35-,Aboriginal,Big Rivers,514
2025,Preliminary,Female,35-,Aboriginal,Central Australia,671
2025,Preliminary,Female,35-,Aboriginal,East Arnhem,460
2025,Preliminary,Female,35-,Aboriginal,Greater Darwin,635
2025,Preliminary,Female,35-,Aboriginal,Top End,574
2025,Preliminary,Female,35-,Non-Aboriginal,Barkly,89
2025,Preliminary,Female,35-,Non-Aboriginal,Big Rivers,423
2025,Preliminary,Female,35-,Non-Aboriginal,Central Australia,1140
2025,Preliminary,Female,35-,Non-Aboriginal,East Arnhem,286
2025,Preliminary,Female,35-,Non-Aboriginal,Greater Darwin,6135
2025,Preliminary,Female,35-,Non-Aboriginal,Top End,178
2025,Preliminary,Male,40-,Aboriginal,Barkly,156
2025,Preliminary,Male,40-,Aboriginal,Big Rivers,394
2025,Preliminary,Male,40-,Aboriginal,Central Australia,619
2025,Preliminary,Male,40-,Aboriginal,East Arnhem,383
2025,Preliminary,Male,40-,Aboriginal,Greater Darwin,647
2025,Preliminary,Male,40-,Aboriginal,Top End,496
2025,Preliminary,Male,40-,Non-Aboriginal,Barkly,58
2025,Preliminary,Male,40-,Non-Aboriginal,Big Rivers,337
2025,Preliminary,Male,40-,Non-Aboriginal,Central Australia,930
2025,Preliminary,Male,40-,Non-Aboriginal,East Arnhem,225
2025,Preliminary,Male,40-,Non-Aboriginal,Greater Darwin,5464
2025,Preliminary,Male,40-,Non-Aboriginal,Top End,145
2025,Preliminary,Female,40-,Aboriginal,Barkly,162
2025,Preliminary,Female,40-,Aboriginal,Big Rivers,431
2025,Preliminary,Female,40-,Aboriginal,Central Australia,661
2025,Preliminary,Female,40-,Aboriginal,East Arnhem,382
2025,Preliminary,Female,40-,Aboriginal,Greater Darwin,642
2025,Preliminary,Female,40-,Aboriginal,Top End,448
2025,Preliminary,Female,40-,Non-Aboriginal,Barkly,68
2025,Preliminary,Female,40-,Non-Aboriginal,Big Rivers,282
2025,Preliminary,Female,40-,Non-Aboriginal,Central Australia,909
2025,Preliminary,Female,40-,Non-Aboriginal,East Arnhem,201
2025,Preliminary,Female,40-,Non-Aboriginal,Greater Darwin,5416
2025,Preliminary,Female,40-,Non-Aboriginal,Top End,155
2025,Preliminary,Male,45-,Aboriginal,Barkly,134
2025,Preliminary,Male,45-,Aboriginal,Big Rivers,325
2025,Preliminary,Male,45-,Aboriginal,Central Australia,501
2025,Preliminary,Male,45-,Aboriginal,East Arnhem,258
2025,Preliminary,Male,45-,Aboriginal,Greater Darwin,590
2025,Preliminary,Male,45-,Aboriginal,Top End,358
2025,Preliminary,Male,45-,Non-Aboriginal,Barkly,67
2025,Preliminary,Male,45-,Non-Aboriginal,Big Rivers,272
2025,Preliminary,Male,45-,Non-Aboriginal,Central Australia,751
2025,Preliminary,Male,45-,Non-Aboriginal,East Arnhem,188
2025,Preliminary,Male,45-,Non-Aboriginal,Greater Darwin,4547
2025,Preliminary,Male,45-,Non-Aboriginal,Top End,179
2025,Preliminary,Female,45-,Aboriginal,Barkly,152
2025,Preliminary,Female,45-,Aboriginal,Big Rivers,365
2025,Preliminary,Female,45-,Aboriginal,Central Australia,564
2025,Preliminary,Female,45-,Aboriginal,East Arnhem,337
2025,Preliminary,Female,45-,Aboriginal,Greater Darwin,571
2025,Preliminary,Female,45-,Aboriginal,Top End,388
2025,Preliminary,Female,45-,Non-Aboriginal,Barkly,59
2025,Preliminary,Female,45-,Non-Aboriginal,Big Rivers,263
2025,Preliminary,Female,45-,Non-Aboriginal,Central Australia,735
2025,Preliminary,Female,45-,Non-Aboriginal,East Arnhem,176
2025,Preliminary,Female,45-,Non-Aboriginal,Greater Darwin,4367
2025,Preliminary,Female,45-,Non-Aboriginal,Top End,165
2025,Preliminary,Male,5-,Aboriginal,Barkly,291
2025,Preliminary,Male,5-,Aboriginal,Big Rivers,646
2025,Preliminary,Male,5-,Aboriginal,Central Australia,759
2025,Preliminary,Male,5-,Aboriginal,East Arnhem,409
2025,Preliminary,Male,5-,Aboriginal,Greater Darwin,1009
2025,Preliminary,Male,5-,Aboriginal,Top End,653
2025,Preliminary,Male,5-,Non-Aboriginal,Barkly,31
2025,Preliminary,Male,5-,Non-Aboriginal,Big Rivers,245
2025,Preliminary,Male,5-,Non-Aboriginal,Central Australia,730
2025,Preliminary,Male,5-,Non-Aboriginal,East Arnhem,230
2025,Preliminary,Male,5-,Non-Aboriginal,Greater Darwin,4256
2025,Preliminary,Male,5-,Non-Aboriginal,Top End,96
2025,Preliminary,Female,5-,Aboriginal,Barkly,277
2025,Preliminary,Female,5-,Aboriginal,Big Rivers,573
2025,Preliminary,Female,5-,Aboriginal,Central Australia,646
2025,Preliminary,Female,5-,Aboriginal,East Arnhem,367
2025,Preliminary,Female,5-,Aboriginal,Greater Darwin,962
2025,Preliminary,Female,5-,Aboriginal,Top End,582
2025,Preliminary,Female,5-,Non-Aboriginal,Barkly,24
2025,Preliminary,Female,5-,Non-Aboriginal,Big Rivers,251
2025,Preliminary,Female,5-,Non-Aboriginal,Central Australia,658
2025,Preliminary,Female,5-,Non-Aboriginal,East Arnhem,219
2025,Preliminary,Female,5-,Non-Aboriginal,Greater Darwin,3969
2025,Preliminary,Female,5-,Non-Aboriginal,Top End,110
2025,Preliminary,Male,50-,Aboriginal,Barkly,120
2025,Preliminary,Male,50-,Aboriginal,Big Rivers,318
2025,Preliminary,Male,50-,Aboriginal,Central Australia,407
2025,Preliminary,Male,50-,Aboriginal,East Arnhem,243
2025,Preliminary,Male,50-,Aboriginal,Greater Darwin,488
2025,Preliminary,Male,50-,Aboriginal,Top End,363
2025,Preliminary,Male,50-,Non-Aboriginal,Barkly,82
2025,Preliminary,Male,50-,Non-Aboriginal,Big Rivers,323
2025,Preliminary,Male,50-,Non-Aboriginal,Central Australia,736
2025,Preliminary,Male,50-,Non-Aboriginal,East Arnhem,150
2025,Preliminary,Male,50-,Non-Aboriginal,Greater Darwin,4513
2025,Preliminary,Male,50-,Non-Aboriginal,Top End,222
2025,Preliminary,Female,50-,Aboriginal,Barkly,151
2025,Preliminary,Female,50-,Aboriginal,Big Rivers,400
2025,Preliminary,Female,50-,Aboriginal,Central Australia,487
2025,Preliminary,Female,50-,Aboriginal,East Arnhem,257
2025,Preliminary,Female,50-,Aboriginal,Greater Darwin,510
2025,Preliminary,Female,50-,Aboriginal,Top End,365
2025,Preliminary,Female,50-,Non-Aboriginal,Barkly,64
2025,Preliminary,Female,50-,Non-Aboriginal,Big Rivers,290
2025,Preliminary,Female,50-,Non-Aboriginal,Central Australia,799
2025,Preliminary,Female,50-,Non-Aboriginal,East Arnhem,139
2025,Preliminary,Female,50-,Non-Aboriginal,Greater Darwin,3873
2025,Preliminary,Female,50-,Non-Aboriginal,Top End,194
2025,Preliminary,Male,55-,Aboriginal,Barkly,107
2025,Preliminary,Male,55-,Aboriginal,Big Rivers,264
2025,Preliminary,Male,55-,Aboriginal,Central Australia,333
2025,Preliminary,Male,55-,Aboriginal,East Arnhem,183
2025,Preliminary,Male,55-,Aboriginal,Greater Darwin,370
2025,Preliminary,Male,55-,Aboriginal,Top End,234
2025,Preliminary,Male,55-,Non-Aboriginal,Barkly,83
2025,Preliminary,Male,55-,Non-Aboriginal,Big Rivers,318
2025,Preliminary,Male,55-,Non-Aboriginal,Central Australia,772
2025,Preliminary,Male,55-,Non-Aboriginal,East Arnhem,163
2025,Preliminary,Male,55-,Non-Aboriginal,Greater Darwin,4060
2025,Preliminary,Male,55-,Non-Aboriginal,Top End,248
2025,Preliminary,Female,55-,Aboriginal,Barkly,129
2025,Preliminary,Female,55-,Aboriginal,Big Rivers,268
2025,Preliminary,Female,55-,Aboriginal,Central Australia,416
2025,Preliminary,Female,55-,Aboriginal,East Arnhem,229
2025,Preliminary,Female,55-,Aboriginal,Greater Darwin,478
2025,Preliminary,Female,55-,Aboriginal,Top End,279
2025,Preliminary,Female,55-,Non-Aboriginal,Barkly,74
2025,Preliminary,Female,55-,Non-Aboriginal,Big Rivers,291
2025,Preliminary,Female,55-,Non-Aboriginal,Central Australia,860
2025,Preliminary,Female,55-,Non-Aboriginal,East Arnhem,144
2025,Preliminary,Female,55-,Non-Aboriginal,Greater Darwin,3738
2025,Preliminary,Female,55-,Non-Aboriginal,Top End,213
2025,Preliminary,Male,60-,Aboriginal,Barkly,88
2025,Preliminary,Male,60-,Aboriginal,Big Rivers,170
2025,Preliminary,Male,60-,Aboriginal,Central Australia,232
2025,Preliminary,Male,60-,Aboriginal,East Arnhem,152
2025,Preliminary,Male,60-,Aboriginal,Greater Darwin,300
2025,Preliminary,Male,60-,Aboriginal,Top End,189
2025,Preliminary,Male,60-,Non-Aboriginal,Barkly,90
2025,Preliminary,Male,60-,Non-Aboriginal,Big Rivers,293
2025,Preliminary,Male,60-,Non-Aboriginal,Central Australia,759
2025,Preliminary,Male,60-,Non-Aboriginal,East Arnhem,120
2025,Preliminary,Male,60-,Non-Aboriginal,Greater Darwin,3618
2025,Preliminary,Male,60-,Non-Aboriginal,Top End,255
2025,Preliminary,Female,60-,Aboriginal,Barkly,90
2025,Preliminary,Female,60-,Aboriginal,Big Rivers,231
2025,Preliminary,Female,60-,Aboriginal,Central Australia,370
2025,Preliminary,Female,60-,Aboriginal,East Arnhem,177
2025,Preliminary,Female,60-,Aboriginal,Greater Darwin,355
2025,Preliminary,Female,60-,Aboriginal,Top End,217
2025,Preliminary,Female,60-,Non-Aboriginal,Barkly,87
2025,Preliminary,Female,60-,Non-Aboriginal,Big Rivers,275
2025,Preliminary,Female,60-,Non-Aboriginal,Central Australia,700
2025,Preliminary,Female,60-,Non-Aboriginal,East Arnhem,85
2025,Preliminary,Female,60-,Non-Aboriginal,Greater Darwin,3148
2025,Preliminary,Female,60-,Non-Aboriginal,Top End,186
2025,Preliminary,Male,65-,Aboriginal,Barkly,67
2025,Preliminary,Male,65-,Aboriginal,Big Rivers,134
2025,Preliminary,Male,65-,Aboriginal,Central Australia,169
2025,Preliminary,Male,65-,Aboriginal,East Arnhem,99
2025,Preliminary,Male,65-,Aboriginal,Greater Darwin,189
2025,Preliminary,Male,65-,Aboriginal,Top End,111
2025,Preliminary,Male,65-,Non-Aboriginal,Barkly,64
2025,Preliminary,Male,65-,Non-Aboriginal,Big Rivers,257
2025,Preliminary,Male,65-,Non-Aboriginal,Central Australia,531
2025,Preliminary,Male,65-,Non-Aboriginal,East Arnhem,59
2025,Preliminary,Male,65-,Non-Aboriginal,Greater Darwin,2923
2025,Preliminary,Male,65-,Non-Aboriginal,Top End,240
2025,Preliminary,Female,65-,Aboriginal,Barkly,74
2025,Preliminary,Female,65-,Aboriginal,Big Rivers,139
2025,Preliminary,Female,65-,Aboriginal,Central Australia,253
2025,Preliminary,Female,65-,Aboriginal,East Arnhem,108
2025,Preliminary,Female,65-,Aboriginal,Greater Darwin,278
2025,Preliminary,Female,65-,Aboriginal,Top End,152
2025,Preliminary,Female,65-,Non-Aboriginal,Barkly,57
2025,Preliminary,Female,65-,Non-Aboriginal,Big Rivers,197
2025,Preliminary,Female,65-,Non-Aboriginal,Central Australia,542
2025,Preliminary,Female,65-,Non-Aboriginal,East Arnhem,51
2025,Preliminary,Female,65-,Non-Aboriginal,Greater Darwin,2598
2025,Preliminary,Female,65-,Non-Aboriginal,Top End,185
2025,Preliminary,Male,70-,Aboriginal,Barkly,32
2025,Preliminary,Male,70-,Aboriginal,Big Rivers,56
2025,Preliminary,Male,70-,Aboriginal,Central Australia,98
2025,Preliminary,Male,70-,Aboriginal,East Arnhem,44
2025,Preliminary,Male,70-,Aboriginal,Greater Darwin,113
2025,Preliminary,Male,70-,Aboriginal,Top End,42
2025,Preliminary,Male,70-,Non-Aboriginal,Barkly,46
2025,Preliminary,Male,70-,Non-Aboriginal,Big Rivers,230
2025,Preliminary,Male,70-,Non-Aboriginal,Central Australia,341
2025,Preliminary,Male,70-,Non-Aboriginal,East Arnhem,47
2025,Preliminary,Male,70-,Non-Aboriginal,Greater Darwin,2321
2025,Preliminary,Male,70-,Non-Aboriginal,Top End,179
2025,Preliminary,Female,70-,Aboriginal,Barkly,42
2025,Preliminary,Female,70-,Aboriginal,Big Rivers,106
2025,Preliminary,Female,70-,Aboriginal,Central Australia,189
2025,Preliminary,Female,70-,Aboriginal,East Arnhem,45
2025,Preliminary,Female,70-,Aboriginal,Greater Darwin,199
2025,Preliminary,Female,70-,Aboriginal,Top End,85
2025,Preliminary,Female,70-,Non-Aboriginal,Barkly,13
2025,Preliminary,Female,70-,Non-Aboriginal,Big Rivers,130
2025,Preliminary,Female,70-,Non-Aboriginal,Central Australia,304
2025,Preliminary,Female,70-,Non-Aboriginal,East Arnhem,21
2025,Preliminary,Female,70-,Non-Aboriginal,Greater Darwin,2169
2025,Preliminary,Female,70-,Non-Aboriginal,Top End,122
2025,Preliminary,Male,75-,Aboriginal,Barkly,34
2025,Preliminary,Male,75-,Aboriginal,Big Rivers,42
2025,Preliminary,Male,75-,Aboriginal,Central Australia,49
2025,Preliminary,Male,75-,Aboriginal,East Arnhem,17
2025,Preliminary,Male,75-,Aboriginal,Greater Darwin,77
2025,Preliminary,Male,75-,Aboriginal,Top End,43
2025,Preliminary,Male,75-,Non-Aboriginal,Barkly,25
2025,Preliminary,Male,75-,Non-Aboriginal,Big Rivers,153
2025,Preliminary,Male,75-,Non-Aboriginal,Central Australia,189
2025,Preliminary,Male,75-,Non-Aboriginal,East Arnhem,24
2025,Preliminary,Male,75-,Non-Aboriginal,Greater Darwin,1749
2025,Preliminary,Male,75-,Non-Aboriginal,Top End,130
2025,Preliminary,Female,75-,Aboriginal,Barkly,24
2025,Preliminary,Female,75-,Aboriginal,Big Rivers,61
2025,Preliminary,Female,75-,Aboriginal,Central Australia,132
2025,Preliminary,Female,75-,Aboriginal,East Arnhem,34
2025,Preliminary,Female,75-,Aboriginal,Greater Darwin,85
2025,Preliminary,Female,75-,Aboriginal,Top End,31
2025,Preliminary,Female,75-,Non-Aboriginal,Barkly,16
2025,Preliminary,Female,75-,Non-Aboriginal,Big Rivers,86
2025,Preliminary,Female,75-,Non-Aboriginal,Central Australia,253
2025,Preliminary,Female,75-,Non-Aboriginal,East Arnhem,11
2025,Preliminary,Female,75-,Non-Aboriginal,Greater Darwin,1592
2025,Preliminary,Female,75-,Non-Aboriginal,Top End,45
2025,Preliminary,Male,80-,Aboriginal,Barkly,13
2025,Preliminary,Male,80-,Aboriginal,Big Rivers,24
2025,Preliminary,Male,80-,Aboriginal,Central Australia,39
2025,Preliminary,Male,80-,Aboriginal,East Arnhem,6
2025,Preliminary,Male,80-,Aboriginal,Greater Darwin,21
2025,Preliminary,Male,80-,Aboriginal,Top End,7
2025,Preliminary,Male,80-,Non-Aboriginal,Barkly,14
2025,Preliminary,Male,80-,Non-Aboriginal,Big Rivers,72
2025,Preliminary,Male,80-,Non-Aboriginal,Central Australia,190
2025,Preliminary,Male,80-,Non-Aboriginal,East Arnhem,4
2025,Preliminary,Male,80-,Non-Aboriginal,Greater Darwin,885
2025,Preliminary,Male,80-,Non-Aboriginal,Top End,44
2025,Preliminary,Female,80-,Aboriginal,Barkly,13
2025,Preliminary,Female,80-,Aboriginal,Big Rivers,27
2025,Preliminary,Female,80-,Aboriginal,Central Australia,60
2025,Preliminary,Female,80-,Aboriginal,East Arnhem,21
2025,Preliminary,Female,80-,Aboriginal,Greater Darwin,51
2025,Preliminary,Female,80-,Aboriginal,Top End,28
2025,Preliminary,Female,80-,Non-Aboriginal,Barkly,7
2025,Preliminary,Female,80-,Non-Aboriginal,Big Rivers,58
2025,Preliminary,Female,80-,Non-Aboriginal,Central Australia,140
2025,Preliminary,Female,80-,Non-Aboriginal,East Arnhem,0
2025,Preliminary,Female,80-,Non-Aboriginal,Greater Darwin,781
2025,Preliminary,Female,80-,Non-Aboriginal,Top End,20
2025,Preliminary,Male,85+,Aboriginal,Barkly,0
2025,Preliminary,Male,85+,Aboriginal,Big Rivers,26
2025,Preliminary,Male,85+,Aboriginal,Central Australia,30
2025,Preliminary,Male,85+,Aboriginal,East Arnhem,8
2025,Preliminary,Male,85+,Aboriginal,Greater Darwin,18
2025,Preliminary,Male,85+,Aboriginal,Top End,6
2025,Preliminary,Male,85+,Non-Aboriginal,Barkly,0
2025,Preliminary,Male,85+,Non-Aboriginal,Big Rivers,34
2025,Preliminary,Male,85+,Non-Aboriginal,Central Australia,60
2025,Preliminary,Male,85+,Non-Aboriginal,East Arnhem,0
2025,Preliminary,Male,85+,Non-Aboriginal,Greater Darwin,550
2025,Preliminary,Male,85+,Non-Aboriginal,Top End,3
2025,Preliminary,Female,85+,Aboriginal,Barkly,10
2025,Preliminary,Female,85+,Aboriginal,Big Rivers,25
2025,Preliminary,Female,85+,Aboriginal,Central Australia,58
2025,Preliminary,Female,85+,Aboriginal,East Arnhem,5
2025,Preliminary,Female,85+,Aboriginal,Greater Darwin,34
2025,Preliminary,Female,85+,Aboriginal,Top End,14
2025,Preliminary,Female,85+,Non-Aboriginal,Barkly,4
2025,Preliminary,Female,85+,Non-Aboriginal,Big Rivers,28
2025,Preliminary,Female,85+,Non-Aboriginal,Central Australia,140
2025,Preliminary,Female,85+,Non-Aboriginal,East Arnhem,0
2025,Preliminary,Female,85+,Non-Aboriginal,Greater Darwin,615
2025,Preliminary,Female,85+,Non-Aboriginal,Top End,0
